clause_text,clause_type,domain
"This Agreement shall be governed by, interpreted, and construed in accordance with the substantive laws of India.",Governing Law,General
this Agreement as of the Effective Date.,Effective Date & Parties,Original Corporate
"Upon execution of this deed, the Buyer shall become the sole and absolute owner of the scheduled property.",Possession & Transfer,Property
The Exclusivity Period shall commence on the Effective Date and expire on the third anniversary thereof.,Exclusivity,Business
"Neither this Agreement, nor any of the rights, interests, or obligations under this Agreement may be assigned or  delegated, in whole or in part, by operation of law or otherwise, by any party without the prior written consent of the other party,  and any such assignment without such prior written consent shall be null and void; provided, however, that this Agreement may be  assigned by a Party in connection with a Change in Control of such party, subject to the specific termination and other rights set  forth in the Strategic",Other Corporate,Original Corporate
The premises shall be used only for residential purposes. The Tenant shall not use the premises for any commercial activity.,Use of Premises,Rental
"To the extent that either party owns Intellectual Property Rights to specific biomarkers, targets, kits, dyes or technology utilized in the Assay other than for the capture and detection of CTCs, it will, to the extent it is able, grant during the Term of the Agreement, a non-exclusive license to the other party to practice these Intellectual Property Rights for the Assay.",License Grant,Original Corporate
The Receiving Party agrees to keep all proprietary information confidential and protect it with reasonable care.,Confidentiality,NDA/Confidentiality
"WEBMD'S AGGREGATE LIABILITY FOR ALL DAMAGES, LOSSES AND CAUSES OF ACTION IN ANY WAY RELATED TO THIS AGREEMENT OR THE CONTENT, WHETHER IN CONTRACT, TORT (INCLUDING NEGLIGENCE) OR OTHERWISE, EITHER JOINTLY OR SEVERALLY, SHALL NOT EXCEED FIFTY DOLLARS ($50).",Limitation of Liability,Original Corporate
The premises shall be occupied exclusively by the Tenant and their immediate family for housing purposes only.,Use of Premises,Rental
"This Agreement and all questions regarding its validity or interpretation, or the breach or performance of this Agreement, shall be governed by, and construed and enforced in accordance with, the laws of the State of New York, United States, without reference to conflict of law principles.",Governing Law,Original Corporate
(d) By either party hereto upon sixty (60) days prior written notice to the other party hereto;,Notice Period / Termination,Original Corporate
All technical and commercial data disclosed under this NDA shall remain the exclusive property of the Disclosing Party.,Confidentiality,NDA/Confidentiality
The Exclusivity Period shall commence on the Effective Date and expire on the first anniversary thereof.,Exclusivity,Business
"Each Party shall provide the other Party with prompt written notice of any cancellation, non-renewal or material change in such insurance that could materially adversely affect the rights of the other Party hereunder, and shall provide such notice within thirty (30) days after any such cancellation, non-renewal or material change.",Other Corporate,Original Corporate
"For a period of 12 months post-termination, the Employee shall not work for any direct competitor in India.",Non-Compete,Employment
"Notwithstanding the above, Intuit may include editorial content or tools      about or from a Client Competitor and include Client Competitors in      directory listings.",Exclusivity,Original Corporate
All equipment supplied is covered by a manufacturer warranty of 12 months against manufacturing defects.,Warranty Duration,Service
The maximum aggregate liability of the Vendor shall not exceed the sum of INR 8 Lakhs.,Limitation of Liability,General
"The compensation of the Employee shall be Rs. 47,000 per month, payable in accordance with Company policy.",Salary/Compensation,Employment
The Exclusivity Period shall commence on the Effective Date and expire on the first anniversary thereof.,Exclusivity,Business
"If the arbitrator determines that any Outstanding Patent should be or should have been, as applicable, an Assigned Patent, Seller shall (and shall cause the other Seller Parties to) assign such Patent to the Purchaser Assignees in accordance with Section 2.1(b)(iii)(E).",Intellectual Property,Original Corporate
Surgical agrees that all Work Product shall be the sole and exclusive property of Imprimis.,Intellectual Property,Original Corporate
"reason other than termination pursuant to Section 16.a.v, the                parties shall continue to jointly own Payment-Eligible User Data                in accordance with Section 6.a.",Intellectual Property,Original Corporate
"owned by HSI related to the ERB that incorporate the mark/name HERTZ) as set forth on Schedule B, for the Interim Period, in the United States and Puerto Rico, as more fully set forth in the Trademark, Trade Name, Domain and Related Rights License Agreement attached as Exhibit A.",License Grant,Original Corporate
"The Lessee has paid a sum of INR 180,000 as interest-free security deposit to the Lessor, refundable upon termination.",Security Deposit,Rental
"This Agreement shall become effective upon the date first written above and shall remain in full force and effect for a period of two years (2), unless earlier terminated pursuant to the provisions in this Agreement.",Effective Date & Parties,Original Corporate
"This Agreement shall be governed by, interpreted, and construed in accordance with the substantive laws of India.",Governing Law,General
"At the request of ExxonMobil, FCE will permit, at reasonable intervals and during regular business hours, during the Term of this Agreement and at least three (3) years thereafter, but no more than once per fiscal year, an independent certified public accounting firm of nationally recognized standing selected by ExxonMobil (and approved by FCE, which approval will not be unreasonably withheld) to inspect, during regular business hours, such books, records, and accounts and any part of the applicable operations and facilities of FCE relevant to this Agreement, and to have access to FCE's knowledgeable personnel, as may be necessary to determine the completeness and accuracy of any accounting and payments required to be made under this Agreement and compliance with other terms of this Agreement, subject to the following:

(a) ExxonMobil and its employees or other representatives will have the right to reproduce for its internal records any of the documents kept by FCE in accordance with Paragraph 18.01 (Recordkeeping), such reproduced documents shall be subject to the confidentiality and use provisions contained in Article 4; and

(b) all expenses of each such audit, including any pre-approved reasonable expenses incurred by FCE for such audit, will be for the account of ExxonMobil.",Other Corporate,Original Corporate
"The occurrence of a force majeure event (such as earthquake, flood, pandemic, or labor strike) shall suspend performance obligations.",Force Majeure,General
The initial term of the ctDNA Platform Development Program will be twelve (12) months.,Notice Period / Termination,Original Corporate
"The Employer agrees to pay the Employee a CTC of Rs. 123,000 per annum, paid in monthly installments.",Salary/Compensation,Employment
"EXCEPT (I) WITH RESPECT TO ANY BREACH OF ARTICLE 8 (CONFIDENTIALITY), (II) FOR THIRD PARTY PENALTIES, COSTS AND EXPENSES AS SET FORTH IN SECTION 2.9, OR (III) FOR [***], TO THE MAXIMUM EXTENT PERMITTED BY LAW, (A) NEITHER PARTY SHALL BE LIABLE TO THE OTHER PARTY FOR ANY INDIRECT, INCIDENTAL, CONSEQUENTIAL, SPECIAL OR PUNITIVE DAMAGES, WHETHER LIABILITY IS ASSERTED IN CONTRACT, TORT (INCLUDING NEGLIGENCE), STRICT LIABILITY, OR ANY OTHER THEORY OR FORM OF ACTION, EVEN IF SUCH PARTY HAS BEEN ADVISED OF THE POSSIBILITY THEREOF; AND (B) EACH PARTY'S TOTAL LIABILITY TO THE OTHER PARTY UNDER THIS SUPPLY AGREEMENT SHALL NOT EXCEED [***].",Limitation of Liability,Original Corporate
"In no event shall either party be liable to the other for indirect, special, or consequential damages.",Limitation of Liability,General
"Disputes shall be resolved by arbitration in accordance with the rules of the Indian Arbitration Act, with the venue of arbitration in Pune.",Arbitration & Dispute Resolution,General
"During the Term and for a [***], neither party will without the written consent of the other party (which may be granted or denied in its sole discretion) (a) directly or indirectly recruit or solicit for employment or for the provision of services any employee of the other party, (b) otherwise solicit, induce or influence any employee to leave their employment with the other party, or (c) attempt to do any of the foregoing; provided, however, that the foregoing will not apply to (y) any employee of the other party that responds to a public advertisement of employment opportunities or (z) any employee that was terminated without cause by the other party. ENERGOUS and DIALOG acknowledge and agree that the covenants in this Section 18 are reasonable and necessary to protect each of their trade secrets, Confidential Information and stable workforces.",Non-Compete,Original Corporate
"(e) not solicit or accept orders for the Products other than from       Customers within the Territory after the Agent Launch Date; and not       knowingly, or knowingly permit others to, distribute or resell Products       outside the Territory or for end use by other than duly licensed       veterinarians;",Non-Compete,Original Corporate
"""Company Licensed Know-How"" means all Know-How owned by any Company Entity as of the Effective Date and used or held for use in the Arizona Field as of the Effective Date.",License Grant,Original Corporate
"For the duration of the Agreement, the Client shall not engage any other service provider for similar consulting services.",Exclusivity,Business
"IN NO EVENT SHALL Erchonia BE LIABLE FOR ANY LOSS OF PROFIT OR ANY OTHER COMMERCIAL DAMAGE, INCLUDING BUT NOT LIMITED TO SPECIAL, INCIDENTAL, CONSEQUENTIAL OR OTHER INDIRECT DAMAGES UNDER ANY CAUSE OF ACTION ARISING OUT OF OR RELATING TO THIS AGREEMENT, INCLUDING, WITHOUT LIMITATION, CLAIMS ARISING FROM MALFUNCTION OR DEFECTS IN THE PRODUCTS.",Limitation of Liability,Original Corporate
The Exclusivity Period shall commence on the Effective Date and expire on the first anniversary thereof.,Exclusivity,Business
"The Tenant shall pay a refundable security deposit of INR 90,000 before taking possession of the premises.",Security Deposit,Rental
The Seller covenants that they have absolute clear title to the property and full legal right to convey the same.,Possession & Transfer,Property
"MediWound's rights as per Section 3.1 will be exclusive in the sense that CBC shall not nor shall permit any Affiliate or third party to manufacture, use, supply",Exclusivity,Original Corporate
The following products are eligible for return and reimbursement:   · Outdated Product: Product within two (2) months prior or six (6) months past expiration date and noted on product;   AND   · Product in its original container and bearing its original label.,Warranty Duration,Original Corporate
"For a period of 12 months post-termination, the Employee shall not work for any direct competitor in India.",Non-Compete,Employment
"The Tenant shall pay a refundable security deposit of INR 134,000 before taking possession of the premises.",Security Deposit,Rental
"Upon JHU's request, Company will furnish JHU with a Certificate of Insurance of each product liability insurance policy obtained.",Other Corporate,Original Corporate
All technical and commercial data disclosed under this NDA shall remain the exclusive property of the Disclosing Party.,Confidentiality,NDA/Confidentiality
All legal relationships between the parties shall be subject to the laws of the Republic of India.,Governing Law,General
"Without prejudice to Section 7.5 of the Agreement, Janssen or its designee shall have the right to audit Company to verify Company's compliance with this Schedule and the Applicable Law, provided that Janssen provides Company with at least [***] ([***]) calendar days prior written notice. T",Other Corporate,Original Corporate
"Notwithstanding the aforesaid in Section 16.1. and any possible           implication to the contrary herein or as a result of the course of           conduct of the parties, Contractor shall be entitled, at its sole           discretion, to terminate this Agreement only during the Extended Term,           with or without cause, upon a prior written notice of termination to           NICE of not less than six (6) months.",Notice Period / Termination,Original Corporate
The Parties shall work cooperatively toward the appropriate patent or other legal protection of such jointly and equally owned Intellectual Property.,Intellectual Property,Original Corporate
"Upon execution of this deed, the Buyer shall become the sole and absolute owner of the scheduled property.",Possession & Transfer,Property
"For the duration of the Agreement, the Client shall not engage any other service provider for similar consulting services.",Exclusivity,Business
"""AbbVie Know-How"" means all Information that is (a) Controlled by AbbVie or any of its Affiliates during the Term, (b) developed or acquired by AbbVie or any of its Affiliates during the Term as a result of performance under this Agreement, (c) not generally known and (d) necessary or reasonably useful for the Exploitation of the Licensed Compound or a Licensed Product, but excluding any Joint Know-How or Information published in any AbbVie Patents or Joint Patents.",License Grant,Original Corporate
The Supplier agrees to supply the Products exclusively to the Buyer within the territory of India during the term.,Exclusivity,Business
"The Tenant shall pay monthly rent of INR 48,000 to the Landlord on or before the 1st day of each calendar month.",Rent,Rental
"The Lessee has paid a sum of INR 42,000 as interest-free security deposit to the Lessor, refundable upon termination.",Security Deposit,Rental
This Agreement shall automatically renew for successive one-year terms unless one party gives the other party written notice of non-renewal at least six months prior to automatic renewal.,Notice Period / Termination,Original Corporate
"For the duration of the Agreement, the Client shall not engage any other service provider for similar consulting services.",Exclusivity,Business
"A security deposit of INR 176,000 shall be deposited with the Landlord to secure performance under this lease.",Security Deposit,Rental
"Each Party agrees that during the term of this Agreement and for a period of twelve (12) consecutive months thereafter they shall not, directly, solicit, engage, compensate, induce in any way or hire for employment or other representation, any officer, employee, consultant or other representative employed or retained by the other Party or assist any other person or entity to do any of the foregoing.",Non-Compete,Original Corporate
"The Tenant shall pay a refundable security deposit of INR 46,000 before taking possession of the premises.",Security Deposit,Rental
"The Employee shall receive a gross monthly salary of INR 147,000 subject to applicable tax deductions.",Salary/Compensation,Employment
____ day of ______________ 2013,Effective Date & Parties,Original Corporate
"If performance is delayed by a force majeure event for more than 60 days, either party may terminate the contract.",Force Majeure,General
The contract shall in all respects be governed by the laws of India.,Governing Law,General
The total liability of the Company under this agreement shall be limited to the fees actually paid during the preceding 6 months.,Limitation of Liability,General
"The term of this Agreement is twelve (12) months from the date hereof, and will be automatically renewed for one (1) additional twelve month period unless either party shall notify the other in writing of its intention not to renew. Such notice must be given ninety (90) days prior to expiration of the original term.",Notice Period / Termination,Original Corporate
"Unless earlier terminated as provided below, this IP Agreement shall extend until the last date of expiration of the SRAM  Intellectual Property rights licensed under this IP Agreement.",Notice Period / Termination,Original Corporate
All legal relationships between the parties shall be subject to the laws of the Republic of India.,Governing Law,General
"The Tenant shall pay a refundable security deposit of INR 188,000 before taking possession of the premises.",Security Deposit,Rental
The Employee shall not engage in any business competing with the Employer's activities during employment and for 12 months thereafter.,Non-Compete,Employment
Any notice required to be given under this deed shall be sent by Speed Post or courier to the registered office address.,Notices,General
"In the event of termination by either party in accordance with any of the provisions of this Agreement, neither party shall be liable to the other, because of such termination, for compensation, reimbursement or damages on account of the loss of prospective profits or anticipated sales or on account of expenditures, inventory, investments, leases or commitments in connection with the business or goodwill of E.piphany or HSNS.",Limitation of Liability,Original Corporate
Either party may terminate this employment agreement by giving 90 days' written notice or salary in lieu thereof.,Notice Period / Termination,Employment
"Notices shall be deemed served when delivered by hand, registered post, or confirmed email transmission.",Notices,General
"Dexcel's responsibility for Product supplied by it to Kitov failing to meet the Specifications shall be limited to the replacement of the Product or the refund of the Supply Price paid by Kitov for such order, as agreed by the parties, except as otherwise provided under this Agreement.",Limitation of Liability,Original Corporate
Either party may terminate this employment agreement by giving 30 days' written notice or salary in lieu thereof.,Notice Period / Termination,Employment
"The parties submit to the exclusive jurisdiction of the competent courts located within the city of Ahmedabad, India.",Jurisdiction & Venue,General
The maximum aggregate liability of the Vendor shall not exceed the sum of INR 2 Lakhs.,Limitation of Liability,General
The Receiving Party agrees to keep all proprietary information confidential and protect it with reasonable care.,Confidentiality,NDA/Confidentiality
The Employee shall not engage in any business competing with the Employer's activities during employment and for 6 months thereafter.,Non-Compete,Employment
"During the probation period, either party may terminate employment by giving 15 days' notice.",Notice Period / Termination,Employment
The Receiving Party agrees to keep all proprietary information confidential and protect it with reasonable care.,Confidentiality,NDA/Confidentiality
"The Lessee agrees to pay a monthly rent of INR 53,000 net of all deductions to the Lessor.",Rent,Rental
"Supplier hereby grants to Bank of America a nonexclusive, fully paid, irrevocable, royalty-free, world-wide license to use, modify, copy, produce derivative works from, display, disclose to persons who have entered into a written agreement containing substantially the same confidentiality provisions as in this Agreement for the purpose of maintaining the Software for Bank of America, and otherwise to utilize the Software and the Source Code and other materials necessary to maintain and improve the Software for use by Bank of America, subject always to the limitations In this Agreement on reproduction and use of the Software.",License Grant,Original Corporate
"Party B and its affiliates will be the exclusive provider of real estate and home furnishing information, products and data in Party A's real estate and home furnishing channel.",Exclusivity,Original Corporate
"suggest to, induce or persuade any customer, client, vendor, supplier, employee, consultant or agent of the Company to terminate or diminish its relationship with the Company.",Non-Compete,Original Corporate
The premises shall be occupied exclusively by the Tenant and their immediate family for housing purposes only.,Use of Premises,Rental
"Following the Initial Term, Vericel may, without penalty or prejudice to any other rights or remedies Vericel may have, in its sole discretion terminate or reduce the scope of any individual activities contemplated by this Agreement or any Additional Service or with respect to any Product or terminate this Agreement as a whole with or without cause, upon [***] prior written notice of such termination or reduction (which such written notice may be provided during the Initial Term).",Notice Period / Termination,Original Corporate
"During the term of this Agreement, in addition to its other obligations set forth in this Agreement, VIP shall:   A. Maintain property insurance in an amount sufficient to replace or reconstruct the hardware, software, data and facilities necessary for VIP to operate the VIP System and otherwise provide the EDP Services set forth in this Agreement and, upon written request, shall provide BNL with evidence of the coverage, including all applicable limits and conditions, and, upon written request, shall provide BNL with evidence of all renewals, cancellations, expirations or modifications of the coverage;",Other Corporate,Original Corporate
The arbitration proceedings shall be conducted in English and the seat of arbitration shall be Kolkata.,Arbitration & Dispute Resolution,General
All notices under this agreement shall be in writing and sent to the address specified in the recitals.,Notices,General
"The  indemnification obligations  described  in Section  11(a),  including  all  limitations  on such obligations, shall be the exclusive remedy of the XC Indemnified Parties for any Losses  resulting from or based upon any breach by AJR of any of its agreements, covenants or obligations  hereunder or the use of any of the Licensed  Materials in a manner that is not permitted hereby.",Limitation of Liability,Original Corporate
"Notices shall be deemed served when delivered by hand, registered post, or confirmed email transmission.",Notices,General
(g)   Upon an assignment of this Agreement by ISO without SERVICERS' prior written consent;,Other Corporate,Original Corporate
"The PG shall ensure that the Supply Contract shall afford the Parties to this Agreement the right to review the books, records, vouchers, and accounts required to be kept, maintained, and obtained pursuant to Subparagraphs 9.1, 9.2 and 9.3.",Other Corporate,Original Corporate
"The Employee shall be on probation for a period of 6 months, extendable at the discretion of the Company.",Notice Period / Termination,Employment
"Upon execution of this deed, the Buyer shall become the sole and absolute owner of the scheduled property.",Possession & Transfer,Property
"MBE shall, at any time during the term of this Agreement, be entitled to audit all such records upon ten (10) days written notice to the Company, in order to confirm the accuracy of such records and conformance with the terms and conditions of this Agreement; provided, however, that no more than one (1) such audit may be conducted in any --------  ------- ninety (90)-day period.",Other Corporate,Original Corporate
This Agreement shall enter into effect on the date it is signed by both parties as shown below.,Effective Date & Parties,Original Corporate
"Turpin  acknowledges  and agrees that Turpin's      employment  with the Company may be succeeded by employment  with a Company      Affiliate,  in which case the terms of this  Agreement  shall  continue  in      effect with respect to such employment until an agreement  relating to this      subject matter is signed between Turpin and the Company Affiliate.",License Grant,Original Corporate
The contract shall in all respects be governed by the laws of India.,Governing Law,General
The contract shall in all respects be governed by the laws of India.,Governing Law,General
"then employed by the Agent or any of its Affiliates or (ii) knowingly employ any employee of the Agent or any of its Affiliates who voluntarily terminates such employment with the Agent (or such Affiliate) after the Effective Date, until three months have passed following termination of such employment.",Non-Compete,Original Corporate
"Notwithstanding the foregoing, in the event that Licensee or any sublicensee is deemed to own any rights in the Brand, Licensee hereby irrevocably assigns (or shall cause such sublicensees to assign), without further consideration, such rights to Licensor together with all goodwill associated therewith.",Intellectual Property,Original Corporate
Any legal proceedings in connection with this agreement shall be initiated only in the competent courts in Bengaluru.,Jurisdiction & Venue,General
Either party may terminate this employment agreement by giving 30 days' written notice or salary in lieu thereof.,Notice Period / Termination,Employment
"For a period of 12 months post-termination, the Employee shall not work for any direct competitor in India.",Non-Compete,Employment
"Each such subcontractor listed on Exhibit A attached hereto and any Affiliate or Third Party approved by SIGA as an MMT sublicensee pursuant to this Section 2.1(b) shall be deemed to be a ""Permitted Sublicensee"" for purposes of this Agreement.",License Grant,Original Corporate
All legal relationships between the parties shall be subject to the laws of the Republic of India.,Governing Law,General
All notices under this agreement shall be in writing and sent to the address specified in the recitals.,Notices,General
The covenant not to compete restricts the Employee from joining rival tech companies for 6 months in the region of Chennai.,Non-Compete,Employment
"The Lessee has paid a sum of Rs. 57,000 as interest-free security deposit to the Lessor, refundable upon termination.",Security Deposit,Rental
"This JV Agreement shall become effective on the signing date and shall have a duration of * years, extendable for a further * years, unless notice of non- renewal is sent one year before the natural expiry date.",Effective Date & Parties,Original Corporate
"Except for the joint marketing efforts referred to in Section 3.1 (v)         above, Purolator agrees not to directly or indirectly solicit next day         or multiple day freight from existing sameday customers of Dynamex.",Non-Compete,Original Corporate
"Supplier hereby represents and warrants that the Software shall be and shall remain Operative, from the Delivery Date through the end of the Warranty Period.",Warranty Duration,Original Corporate
"This Agreement will automatically renew for successive one year terms (each a ""Renewal Term"", and together with the Initial Term, the ""Term""), unless either Charterer or Owner elects not to renew this Agreement by providing the other party with written notice of such election 30 days prior to the expiration of the Initial Term or Renewal Term, as applicable, at which point this Agreement will automatically terminate.",Notice Period / Termination,Original Corporate
"All right, title and interest in such Work in Progress relating to Bank of America Customizations (including copyright) shall be deemed assigned to and vested in Bank of America.",Intellectual Property,Original Corporate
"(2) contact, solicit, or direct any person or entity to contact or solicit, any of the customers of (or customers set forth in the Customer Data) for the purpose of providing any products or services that are the same or similar to the Products; provided, however, that T&B, in its sole and absolute discretion, shall have the right to terminate this Agreement, including all rights and licenses granted to LEA herein, if and as of the date that any monthly Royalty Payment (as defined in 9.3, below) payable to T&B does not exceed the Minimum Guaranteed Royalty for six (6) consecutive months.",Non-Compete,Original Corporate
The parties shall present this document for registration before the Sub-Registrar of Hyderabad within 30 days.,Stamp Duty & Registration,Property
"Distributor shall own the entire right, title and interest in and to any and all Inventions discovered, developed, identified, made, conceived or reduced to practice solely by Distributor or its Affiliates or Sub-distributors or its other subcontractors in the Territory and under or in connection with this Agreement, including in the course of conducting regulatory activities or Commercialization of the Product in the Field in the Territory, whether or not patented or patentable, together with any and all intellectual property rights in any such Inventions, including Patents that claim or disclose any such Inventions (collectively, the ""Distributor Invention"").",License Grant,Original Corporate
All legal relationships between the parties shall be subject to the laws of the Republic of India.,Governing Law,General
"The Tenant shall pay a refundable security deposit of INR 101,000 before taking possession of the premises.",Security Deposit,Rental
"In order to preserve the goodwill of the System following termination, we (or our designee) have the right to enter the Premises (without liability to you, your Owners, or otherwise) for the purpose continuing the Franchised Business' operation and maintaining the goodwill of the business.",Other Corporate,Original Corporate
"Disputes shall be resolved by arbitration in accordance with the rules of the Indian Arbitration Act, with the venue of arbitration in Mumbai.",Arbitration & Dispute Resolution,General
"The Vendor hereby sells, transfers, and conveys all rights, title, and interest in the Property to the Purchaser.",Possession & Transfer,Property
The premises shall be occupied exclusively by the Tenant and their immediate family for housing purposes only.,Use of Premises,Rental
"The Tenant shall pay electricity, water, and gas charges based on actual consumption directly to the utility providers.",Maintenance & Utilities,Rental
"With respect to Qwik-Fix Pro delivered by PivX to Detto on CD-Rom, PivX warrants that for a period of thirty (30) days following delivery to Detto, the media on which Qwik-Fix Pro is furnished to Detto will be free from defects in materials and workmanship during normal use.",Warranty Duration,Original Corporate
The arbitration proceedings shall be conducted in English and the seat of arbitration shall be Kolkata.,Arbitration & Dispute Resolution,General
"Upon execution of this deed, the Buyer shall become the sole and absolute owner of the scheduled property.",Possession & Transfer,Property
"The Company may renew this Agreement on the same terms and conditions for one (1) additional five year period that shall begin on January 1, 2005 and end on December 31, 2009, by providing a written notice of its intent to effect such renewal to the Professional by November 30, 2004.",Notice Period / Termination,Original Corporate
Any notice required to be given under this deed shall be sent by Speed Post or courier to the registered office address.,Notices,General
The maximum aggregate liability of the Vendor shall not exceed the sum of INR 3 Lakhs.,Limitation of Liability,General
"E.piphany further warrants that its Maintenance, training and Professional Services will be rendered consistent with generally accepted industry standards for a period of ninety (90) days from performance of such services.",Warranty Duration,Original Corporate
"The Tenant shall pay electricity, water, and gas charges based on actual consumption directly to the utility providers.",Maintenance & Utilities,Rental
"The Stamp Duty and registration charges of INR 128,000 shall be borne entirely by the Purchaser.",Stamp Duty & Registration,Property
"Neither party shall be held liable for any delay or failure in performance due to acts of God, war, lockouts, or government restrictions.",Force Majeure,General
"The compensation of the Employee shall be INR 133,000 per month, payable in accordance with Company policy.",Salary/Compensation,Employment
"This Agreement is subject to and governed by the laws of the State of Delaware, U.S.A. (without regard to conflict of law principles).",Governing Law,Original Corporate
The      parties acknowledge that the foregoing will not prevent CNET from      displaying text links and other references to Competing Computer Products      Retailers as reasonably necessary to provide appropriate editorial and      search related services on the CNET Sites. The Retail Promotions granted to      the Company shall be placed in such a way as to provide no more or less      prominence to the Company than is provided to any other Competing Computer      Retailer signing an agreement with CNET.,Exclusivity,Original Corporate
"The Stamp Duty and registration charges of Rs. 84,000 shall be borne entirely by the Purchaser.",Stamp Duty & Registration,Property
The arbitration proceedings shall be conducted in English and the seat of arbitration shall be Ahmedabad.,Arbitration & Dispute Resolution,General
The Consultant may terminate the Consultation Period at any time upon thirty (30) days' written notice.,Notice Period / Termination,Original Corporate
"THE VÄRDE FUND XII (MASTER), L.P.",Effective Date & Parties,Original Corporate
"The channel is expected to be uploaded on August 1, 201",Notice Period / Termination,Original Corporate
"The Lessee agrees to pay a monthly rent of INR 49,000 net of all deductions to the Lessor.",Rent,Rental
Either party may terminate this employment agreement by giving 2 months' written notice or salary in lieu thereof.,Notice Period / Termination,Employment
"_____ day of __________________, 2015",Effective Date & Parties,Original Corporate
"A monthly lease rent of INR 48,000 shall be paid by the Lessee to the Lessor in advance by the 7thth of every month.",Rent,Rental
"The Stamp Duty and registration charges of Rs. 60,000 shall be borne entirely by the Purchaser.",Stamp Duty & Registration,Property
"Each of Parent and SpinCo, at the request of the other, shall use its commercially reasonable efforts to obtain, or to cause to be obtained, as soon as reasonably practicable, any consent, substitution, approval or amendment required to novate or assign all SpinCo IP Liabilities and obtain in writing the unconditional release of each member of the Parent Group that is a party to any such arrangements, so that, in any such case, the members of the SpinCo Group shall be solely responsible for such SpinCo IP Liabilities; provided, however, that, except as otherwise expressly provided in this Agreement or any of the Ancillary Agreements, neither Parent nor SpinCo shall be obligated to contribute any capital or pay any consideration in any form (including providing any letter of credit, guaranty or other financial accommodation) to any third Person from whom any such consent, substitution, approval, amendment or release is requested.",Intellectual Property,Original Corporate
The Receiving Party agrees to keep all proprietary information confidential and protect it with reasonable care.,Confidentiality,NDA/Confidentiality
"With respect to franchisees governed by Minnesota law, we will comply with Minn. Stat. § 80C.14, Subds. 3, 4, and 5 which require, except in certain specified cases, that a franchisee be given 90 days' notice of termination (with 60 days to cure) and 180 days' notice of non-renewal of the Franchise Agreement, and that consent to the transfer of the franchise not be unreasonably withheld.",Notice Period / Termination,Original Corporate
"The Lessee has paid a sum of Rs. 69,000 as interest-free security deposit to the Lessor, refundable upon termination.",Security Deposit,Rental
"Initial Term shall mean the Effective Date through the day prior to the fourth anniversary of the Effective Date, unless earlier terminated pursuant to Section 8",Notice Period / Termination,Original Corporate
The Receiving Party agrees to keep all proprietary information confidential and protect it with reasonable care.,Confidentiality,NDA/Confidentiality
"This Agreement be deemed effective as of the Effective Date, Agreement and shall terminate on December 31, 2020, unless terminated earlier in accordance with Section 3.2.",Notice Period / Termination,Original Corporate
"Upon execution of this deed, the Buyer shall become the sole and absolute owner of the scheduled property.",Possession & Transfer,Property
Cellco Partnership d/b/a Verizon Wireless,Effective Date & Parties,Original Corporate
Either party may terminate this employment agreement by giving 2 months' written notice or salary in lieu thereof.,Notice Period / Termination,Employment
"In addition, each Party at its own expense and upon advance notice to the Joint Venture Company may appoint an accountant (which may be either an accountant registered abroad or registered in China), to audit the accounts of the Joint Venture Company on behalf of such Party.",Other Corporate,Original Corporate
"The  Franchisee  agrees,  during  the  term  of this Agreement and thereafter,  not to directly or indirectly engage in the operation of any  restaurant,  except as licensed by BKC, which utilizes or duplicates the Burger King System or any part thereof.",Non-Compete,Original Corporate
The maximum aggregate liability of the Vendor shall not exceed the sum of Rs. 5 Lakhs.,Limitation of Liability,General
"The Tenant shall pay a refundable security deposit of INR 114,000 before taking possession of the premises.",Security Deposit,Rental
The Lessee shall use the leased premises solely for office space and commercial activities permitted by local laws.,Use of Premises,Rental
"The Tenant shall pay electricity, water, and gas charges based on actual consumption directly to the utility providers.",Maintenance & Utilities,Rental
The Receiving Party agrees to keep all proprietary information confidential and protect it with reasonable care.,Confidentiality,NDA/Confidentiality
The arbitration proceedings shall be conducted in English and the seat of arbitration shall be Mumbai.,Arbitration & Dispute Resolution,General
The Exclusivity Period shall commence on the Effective Date and expire on the third anniversary thereof.,Exclusivity,Business
All technical and commercial data disclosed under this NDA shall remain the exclusive property of the Disclosing Party.,Confidentiality,NDA/Confidentiality
Audits and inspections           shall not interfere unreasonably with Co-Host's business activities.],Other Corporate,Original Corporate
This Agreement will extend automatically for monthly periods unless either party to this Agreement notifies the other party in writing at least thirty (30) days before the expiration of the then current term.,Notice Period / Termination,Original Corporate
"For the duration of the Agreement, the Client shall not engage any other service provider for similar consulting services.",Exclusivity,Business
The arbitration proceedings shall be conducted in English and the seat of arbitration shall be Kolkata.,Arbitration & Dispute Resolution,General
The premises shall be occupied exclusively by the Tenant and their immediate family for housing purposes only.,Use of Premises,Rental
"For a period of 6 months post-termination, the Employee shall not work for any direct competitor in India.",Non-Compete,Employment
"AVDU agrees that for a twenty four months (24) following the execution of this Agreement, AVDU shall not, without UTEK's prior written consent, directly or indirectly solicit for employment any present employee of UTEK, or request induce or advise any employee of UTEK to leave the employ of UTEK.",Non-Compete,Original Corporate
"Except as otherwise detailed in this Agreement, the Parties acknowledge and agree that the Subject Program including without limitation the Deliverables and Documentation (collectively, the Works) are ""work made for hire"" in accordance with the U.S. Copyright Act, 17 U.S.C. § 101 et seq.",Intellectual Property,Original Corporate
The Seller warrants that the goods will be free from material defects for a period of one year from delivery.,Warranty Duration,Service
LICENSEE may terminate this Agreement upon ninety (90) days written notice.,Notice Period / Termination,Original Corporate
ITS will provide free technical support to customers who have           purchased ITS systems for a period of 30 days.,Warranty Duration,Original Corporate
"Such routine and general oversight review is to be requested at least twenty (20) business days in advance, limited to two (2) persons, completed within one (1) to two (2) business days and shall be offered to HEMISPHERX one (1) time each calendar year.",Other Corporate,Original Corporate
Any legal proceedings in connection with this agreement shall be initiated only in the competent courts in Bengaluru.,Jurisdiction & Venue,General
"Licensee shall be entitled to grant sublicenses under its license pursuant to Section 2.1 to Affiliates only, provided that any sublicense granted by Licensee under this Section 2.1.2 shall be made through a written agreement in the English language and shall be consistent with the terms of this Agreement.",License Grant,Original Corporate
Any legal proceedings in connection with this agreement shall be initiated only in the competent courts in New Delhi.,Jurisdiction & Venue,General
"""Product IP"" means (a) all Intellectual Property Rights in and to the Products, including all Product Updates, (b) any other Inventions and work products created or developed in connection with research and development or manufacturing efforts relating to the Products, including all Intellectual Property Rights therein and (c) all Intellectual Property Rights in and to the Mask Sets and Tooling, in each of the foregoing cases, that are owned or controlled by ENERGOUS, its Affiliates or any successor or assign.",License Grant,Original Corporate
"If performance is delayed by a force majeure event for more than 30 days, either party may terminate the contract.",Force Majeure,General
"Neither party shall be held liable for any delay or failure in performance due to acts of God, war, lockouts, or government restrictions.",Force Majeure,General
"The Employee shall receive a gross monthly salary of INR 210,000 subject to applicable tax deductions.",Salary/Compensation,Employment
The ownership of one percent (1%) or less of a publicly traded company will not be deemed to be prohibited by this Paragraph,Exclusivity,Original Corporate
The Exclusivity Period shall commence on the Effective Date and expire on the first anniversary thereof.,Exclusivity,Business
The Employee shall not engage in any business competing with the Employer's activities during employment and for 6 months thereafter.,Non-Compete,Employment
Each party shall provide a certificate of insurance (or evidence of self-insurance) evidencing such coverage to the other party upon request.,Other Corporate,Original Corporate
"Any dispute or difference arising out of this agreement shall be referred to sole arbitration in Chennai under the Arbitration and Conciliation Act, 1996.",Arbitration & Dispute Resolution,General
"Subject to Section 3.1, Consultant agrees that if, in the course of performing the Services, Consultant incorporates into any Invention or utilizes in the performance of the Services any pre-existing invention, discovery, original works of authorship, development, improvements, trade secret, concept, or other proprietary information or intellectual property right owned by Consultant or in which Consultant has an interest (""Prior Inventions""), (i) Consultant will provide the Company with prior written notice and (ii) the Company is hereby granted a nonexclusive, royalty-free, perpetual, irrevocable, transferable, worldwide license (with the right to grant and authorize sublicenses) to make, have made, use, import, offer for sale, sell, reproduce, distribute, modify, adapt, prepare derivative works of, display, perform, and otherwise exploit such Prior Inventions, without restriction, including, without limitation, as part of or in connection with such Invention, and to practice any method related thereto.",License Grant,Original Corporate
"The Employer agrees to pay the Employee a CTC of Rs. 245,000 per annum, paid in monthly installments.",Salary/Compensation,Employment
"The parties submit to the exclusive jurisdiction of the competent courts located within the city of Mumbai, India.",Jurisdiction & Venue,General
"This Agreement may be renewed for additional periods of one (1) year (each such additional period, a ""Renewal Term"") unless either Party provides notice of nonrenewal upon not less than [***] prior written notice to the other Party.",Notice Period / Termination,Original Corporate
The courts of law at Hyderabad shall have exclusive jurisdiction to try and settle any disputes arising under this deed.,Jurisdiction & Venue,General
All notices under this agreement shall be in writing and sent to the address specified in the recitals.,Notices,General
"The Tenant shall pay a refundable security deposit of INR 198,000 before taking possession of the premises.",Security Deposit,Rental
Businesses involving Japanese Companies where all principal parties involved are located within Covered Regions,Non-Compete,Original Corporate
"Notices shall be deemed served when delivered by hand, registered post, or confirmed email transmission.",Notices,General
"The Employee shall be on probation for a period of 6 months, extendable at the discretion of the Company.",Notice Period / Termination,Employment
"The Lessee has paid a sum of Rs. 43,000 as interest-free security deposit to the Lessor, refundable upon termination.",Security Deposit,Rental
"During the term of this Agreement, neither Party shall, and shall not permit its Affiliates to, nor grant any rights to any Third Party to, directly or indirectly, Commercialize, or Develop any New Product for Commercialization in the Territory, except as permitted in accordance with this Section 3.4.",Non-Compete,Original Corporate
"The compensation of the Employee shall be INR 179,000 per month, payable in accordance with Company policy.",Salary/Compensation,Employment
The premises shall be used only for residential purposes. The Tenant shall not use the premises for any commercial activity.,Use of Premises,Rental
Either party may terminate this employment agreement by giving 90 days' written notice or salary in lieu thereof.,Notice Period / Termination,Employment
The Exclusivity Period shall commence on the Effective Date and expire on the third anniversary thereof.,Exclusivity,Business
"The Stamp Duty and registration charges of Rs. 13,000 shall be borne entirely by the Purchaser.",Stamp Duty & Registration,Property
"The software warranty period shall be 24 months, during which the Licensor will fix any critical bugs free of charge.",Warranty Duration,Service
"For a period of not less than two (2) years after the date of termination, each party shall maintain, and make available to the other party  upon its request, for inspection and copying all books and records that pertain to performance of and compliance with obligations,  warranties and representations under this Agreement.",Other Corporate,Original Corporate
"Except as set forth in Articles 7.1, 7.2, 8.1 and 8.2, it is explicitly agreed that nothing contained in this Agreement shall prevent either Party or any of their respective Affiliates from engaging, directly or indirectly, in any enterprise, which develops, manufactures, markets, or sells products that are not within the Field of Agreement, and except as set forth in Articles 7.1, 7.2, 8.1 and 8.2, either Party shall be free to engage in any business, enterprise, or undertaking, or to make any investment it chooses.",Exclusivity,Original Corporate
Either party may terminate this employment agreement by giving 90 days' written notice or salary in lieu thereof.,Notice Period / Termination,Employment
"Neither party shall be held liable for any delay or failure in performance due to acts of God, war, lockouts, or government restrictions.",Force Majeure,General
No party shall disclose the terms or financial details of this transaction to any third party without written consent.,Confidentiality,NDA/Confidentiality
"HERTZ GROUP REALTY TRUST, INC.",Effective Date & Parties,Original Corporate
"Party B shall have the right to terminate this Agreement in advance without the prior written consent from Party A, bysending a written notice to Party A but Party A may not terminate or rescind this Agreement;",Notice Period / Termination,Original Corporate
"The software warranty period shall be 90 days, during which the Licensor will fix any critical bugs free of charge.",Warranty Duration,Service
The maximum aggregate liability of the Vendor shall not exceed the sum of Rs. 8 Lakhs.,Limitation of Liability,General
The Seller warrants that the goods will be free from material defects for a period of one year from delivery.,Warranty Duration,Service
"RemainCo may sublicense the Licensed SpinCo Intellectual Property to Affiliates of RemainCo, even if they become Affiliates after the Distribution Date, solely within the scope of its licenses in Article 5, provided that such sublicense shall only be effective for such time as such entity remains an Affiliate of RemainCo",License Grant,Original Corporate
"Disputes shall be resolved by arbitration in accordance with the rules of the Indian Arbitration Act, with the venue of arbitration in Kolkata.",Arbitration & Dispute Resolution,General
Endorser's duty not to compete with the business of MusclePharm shall continue for a period of one year following the expiration or termination of this Agreement.,Non-Compete,Original Corporate
The total liability of the Company under this agreement shall be limited to the fees actually paid during the preceding 6 months.,Limitation of Liability,General
The Seller warrants that the goods will be free from material defects for a period of 24 months from delivery.,Warranty Duration,Service
"Notices shall be deemed served when delivered by hand, registered post, or confirmed email transmission.",Notices,General
"Both Microgenics and Achaogen are referred to herein individually as a ""Party"" and collectively as the ""Parties.""",Effective Date & Parties,Original Corporate
"Subject to the terms and conditions set forth herein, Theismann hereby grants to Bizzingo and its affiliates the unlimited  right and privilege during the Term (as defined herein) and within the Territory to use the Property (as defined herein) in connection with the  advertisement, promotion, and sale of the Network in the Territory whether through film, television, radio, print and Internet media, including the right to use  the Property in or on the Network",License Grant,Original Corporate
"Throughout the Term and for a period of six (6) months after the expiration or termination of this Agreement, neither Calm nor any of its affiliates shall, directly or indirectly, sell, offer for sale, market or promote any digital meditation or digital sleep products in any retail location located in an airport other than in collaboration with XSPA, without the express prior written consent of XSPA.",Non-Compete,Original Corporate
The contract shall in all respects be governed by the laws of India.,Governing Law,General
"Notwithstanding the foregoing, Achaogen shall have the right to conduct ""for cause"" audits (either by itself or through a Third Party reasonably acceptable to Microgenics)  [***] during normal business hours of the [***], including in the event of a failure to supply the Assay as specified under Section 4.3.2.",Other Corporate,Original Corporate
"If Capital Resources elects to terminate this Agreement as provided in this section,  the Company and the Association  shall be notified as provided in Section 13 hereof,  promptly by Capital  Resources  by  telephone or telegram, confirmed by letter.",Notice Period / Termination,Original Corporate
"In the event of a claim under any such policies, Merchant shall be responsible for the payment of all deductibles, retentions or self- insured amounts thereunder (which may be reimbursed as an Expense and/or pursuant to the Wind-Down Payment, subject to the Wind-Down Budget and the Wind-Down Cap), unless it is determined that liability arose by reason of the willful misconduct or grossly negligent acts or omissions of Purchaser, or Purchaser's employees, independent contractors or agents.",Other Corporate,Original Corporate
"The compensation of the Employee shall be Rs. 198,000 per month, payable in accordance with Company policy.",Salary/Compensation,Employment
Any attempt to assign this Agreement other than as permitted above will be null and void.,Other Corporate,Original Corporate
Either party may terminate this employment agreement by giving 2 months' written notice or salary in lieu thereof.,Notice Period / Termination,Employment
The Supplier agrees to supply the Products exclusively to the Buyer within the territory of India during the term.,Exclusivity,Business
"""Harpoon Know-How"" means all Information that is (a) Controlled by Harpoon or any of its Affiliates as of the Effective Date or at any time during the Term, (b) not generally known and (c) necessary or reasonably useful for the Exploitation of any Licensed Compound or any Licensed Product, but excluding any Joint Know-How or Information published in any (i) Harpoon Patents or (ii) Joint Patents.",License Grant,Original Corporate
The Receiving Party agrees to keep all proprietary information confidential and protect it with reasonable care.,Confidentiality,NDA/Confidentiality
The Employee shall not engage in any business competing with the Employer's activities during employment and for 6 months thereafter.,Non-Compete,Employment
The Exclusivity Period shall commence on the Effective Date and expire on the second anniversary thereof.,Exclusivity,Business
Neither Party may assign this Agreement or otherwise transfer in any way any of the rights and obligations arising out of this Agreement without the prior written consent of the other Party.,Other Corporate,Original Corporate
Society maintenance charges and property taxes shall be paid solely by the Landlord during the lease term.,Maintenance & Utilities,Rental
"By the dates specified below, an approved insurance company must issue a certificate of insurance showing compliance with the insurance requirements in this Section 6.19 [Insurance] and you must furnish us with a paid receipt showing the certificate number: (a) 30 days before beginning construction of the Premises; (b) if the Premises are constructed and presently owned or leased by you, 10 days from the Agreement Date; or (c) if the Premises are not presently owned or leased, 10 days after ownership of the Premises is conveyed to you or you sign a lease for the Premises. The certificate of insurance must include a statement by the insurer that the policy or policies may not be canceled, subject to nonrenewal, or materially altered without at least 30 days' prior written notice to us. Upon our request, you must supply us with copies of all insurance policies and proof of payment. Every year, you must send us current certificates of insurance and copies of all insurance policies.",Other Corporate,Original Corporate
Any legal proceedings in connection with this agreement shall be initiated only in the competent courts in Pune.,Jurisdiction & Venue,General
All technical and commercial data disclosed under this NDA shall remain the exclusive property of the Disclosing Party.,Confidentiality,NDA/Confidentiality
"In sum, Minn. Stat. § 80C.14 (subd. 3) currently requires, except in certain specified cases, that a franchisee be given 90 days' notice of termination (with 60 days to cure) of the Franchise Agreement.",Notice Period / Termination,Original Corporate
Any legal proceedings in connection with this agreement shall be initiated only in the competent courts in Hyderabad.,Jurisdiction & Venue,General
"For avoidance of doubt, to the extent that any of the licenses granted by the terms of this Agreement include any right to sublicense, such right to sublicense shall extend to Licensee's subsidiaries and joint venturers.",License Grant,Original Corporate
"The Vendor hereby sells, transfers, and conveys all rights, title, and interest in the Property to the Purchaser.",Possession & Transfer,Property
"The compensation of the Employee shall be Rs. 213,000 per month, payable in accordance with Company policy.",Salary/Compensation,Employment
The Seller covenants that they have absolute clear title to the property and full legal right to convey the same.,Possession & Transfer,Property
"Upon execution of this deed, the Buyer shall become the sole and absolute owner of the scheduled property.",Possession & Transfer,Property
"Developer may not assign or transfer this Agreement, nor its rights and obligations hereunder, by operation of law or otherwise, to any third party without the prior express written approval of DSS. Any purported assignment without the consent of DSS shall be void.",Other Corporate,Original Corporate
"The Lessee agrees to pay a monthly rent of INR 63,000 net of all deductions to the Lessor.",Rent,Rental
"The Landlord shall be responsible for major structural repairs, while routine maintenance shall be borne by the Tenant.",Maintenance & Utilities,Rental
"The Stamp Duty and registration charges of INR 94,000 shall be borne entirely by the Purchaser.",Stamp Duty & Registration,Property
"During the Term of this Agreement, and for a period of one year thereafter, except as expressly provided in this Agreement, PlanetCAD shall not market any services to Customers without the prior written approval of Dassault Systemes.",Non-Compete,Original Corporate
"No party to this Agreement has the right to assign any of its rights or obligations hereunder, except as already set forth under this Agreement.",Other Corporate,Original Corporate
"The Stamp Duty and registration charges of Rs. 74,000 shall be borne entirely by the Purchaser.",Stamp Duty & Registration,Property
This Agreement shall be governed by and construed in accordance with the laws of the State of California without reference to conflict of law principles thereof.,Governing Law,Original Corporate
"The occurrence of a force majeure event (such as earthquake, flood, pandemic, or labor strike) shall suspend performance obligations.",Force Majeure,General
"In no event shall either party be liable to the other for indirect, special, or consequential damages.",Limitation of Liability,General
The parties shall present this document for registration before the Sub-Registrar of Ahmedabad within 60 days.,Stamp Duty & Registration,Property
The maximum aggregate liability of the Vendor shall not exceed the sum of INR 9 Lakhs.,Limitation of Liability,General
"The Tenant shall pay electricity, water, and gas charges based on actual consumption directly to the utility providers.",Maintenance & Utilities,Rental
The Seller covenants that they have absolute clear title to the property and full legal right to convey the same.,Possession & Transfer,Property
The courts of law at Ahmedabad shall have exclusive jurisdiction to try and settle any disputes arising under this deed.,Jurisdiction & Venue,General
The maximum aggregate liability of the Vendor shall not exceed the sum of INR 1 Lakhs.,Limitation of Liability,General
The commencement date for this contract will be 16th June 2004.,Effective Date & Parties,Original Corporate
Com Tech International Corporation,Effective Date & Parties,Original Corporate
Society maintenance charges and property taxes shall be paid solely by the Landlord during the lease term.,Maintenance & Utilities,Rental
"The parties submit to the exclusive jurisdiction of the competent courts located within the city of New Delhi, India.",Jurisdiction & Venue,General
"EXCEPT FOR PIVX'S OBLIGATIONS UNDER SECTION 4.2, IN NO EVENT SHALL PIVX'S OR ITS LICENSORS' LIABILITY TO DETTO OR ANY THIRD PARTY ARISING OUT OF THIS AGREEMENT EXCEED THE TOTAL AMOUNT ACTUALLY RECEIVED BY PIVX HEREUNDER DURING THE PREVIOUS SIX (6) MONTHS.",Limitation of Liability,Original Corporate
"In addition, during the warranty period and/or duration of this agreement WLI from time to time may furnish Power2Ship with further releases of the Licensed Programs to provide corrections of significant programming or software errors.",Warranty Duration,Original Corporate
All equipment supplied is covered by a manufacturer warranty of 24 months against manufacturing defects.,Warranty Duration,Service
"As between the Parties, the Parties shall jointly own all Inventions (including Improvements) developed, conceived or reduced to practice jointly by or on behalf of both Bioeq and Licensee (such Inventions, Joint Inventions, and such Improvements, Joint Improvements), and all Intellectual Property Rights and Know-How therein.",Intellectual Property,Original Corporate
"This Agreement shall be governed by, and construed and enforced in accordance with, the substantive laws of the State of Delaware, without regard to any conflicts of law provisions thereof that would result in the application of the laws of any other jurisdiction.",Governing Law,Original Corporate
"Insurance must be obtained from a company reasonably acceptable to ABG, in an amount not less than Five Million United States Dollars ($5,000,000 USD) in the aggregate, or PAPA JOHN'S standard insurance policy limits, whichever is greater.",Other Corporate,Original Corporate
The Lessee shall use the leased premises solely for office space and commercial activities permitted by local laws.,Use of Premises,Rental
"The Stamp Duty and registration charges of INR 142,000 shall be borne entirely by the Purchaser.",Stamp Duty & Registration,Property
"At least […***…] during the time a Work Stream remains in effect, unless otherwise agreed by the Parties, FMI shall have the obligation to prepare and provide to the JRDC a summary presentation on the progress of the work performed by FMI in the course of each Work Stream during the preceding […***…].",Other Corporate,Original Corporate
"EXCEPT WITH REGARD TO OBLIGATIONS TO INDEMNIFY A PARTY FOR CLAIMS MADE BY THIRD PARTIES, NEITHER PARTY SHALL BE LIABLE TO THE OTHER PARTY (OR ITS AFFILIATES) PURSUANT TO THIS AGREEMENT FOR ANY CONSEQUENTIAL, INCIDENTAL, INDIRECT, OR SPECIAL DAMAGES OR LOSSES OR ANY PUNITIVE, EXEMPLARY, TREBLE, OR SIMILAR DAMAGES ARISING OUT OF OR RELATING TO THIS AGREEMENT OR THE PERFORMANCE OF, OR FAILURE TO PERFORM, ITS OBLIGATIONS HEREUNDER, EVEN IF SUCH DAMAGES OR LOSSES ARE CAUSED BY THE SOLE, JOINT, OR CONCURRENT NEGLIGENCE, STRICT LIABILITY, OR OTHER FAULT OF THE PARTY WHOSE LIABILITY IS BEING WAIVED HEREBY.",Limitation of Liability,Original Corporate
"Any dispute or difference arising out of this agreement shall be referred to sole arbitration in Kolkata under the Arbitration and Conciliation Act, 1996.",Arbitration & Dispute Resolution,General
"The Landlord shall be responsible for major structural repairs, while routine maintenance shall be borne by the Tenant.",Maintenance & Utilities,Rental
Endorser's duty not to compete with the business of MusclePharm shall continue for a period of one year following the expiration or termination of this Agreement. Endorser's non-competition obligation shall not be required in the event of a material breach of this Agreement by MusclePharm.,Non-Compete,Original Corporate
"EXCEPT FOR LIABILITY ARISING UNDER          SECTIONS 2.7, 8, 10 AND 12.3 OF THIS AGREEMENT, IN NO EVENT SHALL          EITHER PARTY HAVE ANY LIABILITY TO THE OTHER PARTY FOR ANY LOST          PROFITS OR COSTS OF PROCUREMENT OF SUBSTITUTE GOODS OR SERVICES, OR          FOR ANY INDIRECT, INCIDENTIAL, SPECIAL OR CONSEQUENTIAL DAMAGES          HOWEVER CAUSED AND UNDER ANY THEORY OF LIABILITY AND WHETHER OR NOT          SUCH PARTY HAS BEEN ADVISED OF THE POSSIBILITY OF SUCH DAMAGE.",Limitation of Liability,Original Corporate
The Seller warrants that the goods will be free from material defects for a period of 24 months from delivery.,Warranty Duration,Service
"Upon execution of this deed, the Buyer shall become the sole and absolute owner of the scheduled property.",Possession & Transfer,Property
"In no event shall either party be liable to the other for indirect, special, or consequential damages.",Limitation of Liability,General
Any legal proceedings in connection with this agreement shall be initiated only in the competent courts in Bengaluru.,Jurisdiction & Venue,General
The arbitration proceedings shall be conducted in English and the seat of arbitration shall be Bengaluru.,Arbitration & Dispute Resolution,General
"EXCEPT FOR INDEMNIFICATION  OBLIGATIONS DUE TO LIABILITIES TO THIRD PARTIES, NOTWITHSTANDING ANY PROVISION CONTAINED IN THIS AGREEMENT TO THE CONTRARY, NO PARTY TO THIS AGREEMENT WILL BE LIABLE TO ANY OTHER PARTY TO THIS AGREEMENT FOR ANY INCIDENTAL, INDIRECT, SPECIAL, CONSEQUENTIAL OR PUNITIVE DAMAGES (INCLUDING DAMAGES FOR LOSS OF USE, POWER, BUSINESS GOOD WILL, REVENUE OR PROFIT, NOR FOR INCREASED EXPENSES, OR BUSINESS INTERRUPTION) ARISING OUT OF OR RELATED TO THE PERFORMANCE OR NON PERFORMANCE OF THIS AGREEMENT UNLESS THE DAMAGES AROSE DUE TO A PARTY'S GROSS NEGLIGENCE OR WILLFUL BREACH OF THIS AGREEMENT.",Limitation of Liability,Original Corporate
"Subject to the terms herein, MediWound hereby grants to Vericel a non-exclusive, sublicensable (subject to Section 4.2 of the License Agreement) license under the MediWound Technology and MediWound's interest in the Joint Technology, to Manufacture and have Manufactured Licensed Products in the Territory for use in the Field in the Territory.",License Grant,Original Corporate
"The occurrence of a force majeure event (such as earthquake, flood, pandemic, or labor strike) shall suspend performance obligations.",Force Majeure,General
"The parties submit to the exclusive jurisdiction of the competent courts located within the city of New Delhi, India.",Jurisdiction & Venue,General
"Subject to the terms and conditions of this Agreement, Supplier agrees that it will, on a non-exclusive basis (but exclusive for supply of the Product in the United States of America including Puerto Rico and the U.S. Virgin Islands), Manufacture (directly or through a designee) for and provide and supply to CUTANEA, and CUTANEA agrees that it will purchase exclusively from Supplier, all of its requirements of the Products as follows: Supplier shall supply Products in accordance with the Specifications and in sufficient quantity to meet CUTANEA's Forecasted Needs for the length of this Agreement. All deviations from the Specifications must be approved by CUTANEA, in writing, prior to Supplier Manufacturing the Product.",Exclusivity,Original Corporate
"Without limiting Section 4(a) above, the Parties agree that *** are, at the Effective Date, primarily or exclusively known as suppliers or providers in the Product and Services Category. Accordingly, Forty Niners SC shall not solicit or enter into sponsorships with such Parties.",Exclusivity,Original Corporate
"During the Term, neither Company nor any of its Affiliates (including, for the avoidance of doubt, any Third Party that becomes an Affiliate of Company after the Effective Date) shall, alone or in collaboration with any Third Party, market, promote, sell, distribute or otherwise commercialize in the Territory any Competing Product without the prior written consent of Janssen.",Non-Compete,Original Corporate
The Receiving Party agrees to keep all proprietary information confidential and protect it with reasonable care.,Confidentiality,NDA/Confidentiality
Any notice required to be given under this deed shall be sent by Speed Post or courier to the registered office address.,Notices,General
"Competitors. Not more than once per quarter, Excite@Home may update the      list of Excite@Home Named Competitors, but may not add to the list any      company with which e-centives has a material existing relationship as of      the Effective Date of this Agreement.",Non-Compete,Original Corporate
"The Employee shall receive a gross monthly salary of Rs. 129,000 subject to applicable tax deductions.",Salary/Compensation,Employment
iv. returned to Philips in exchange for a full refund of the purchase price for the non-conforming Products paid under this Agreement.,Warranty Duration,Original Corporate
An entity may transfer its right to use a certain piece of Software to its Affiliate.,License Grant,Original Corporate
"During the term of this Agreement and for a period of [***] thereafter, neither Party nor its controlled Affiliates will, without the prior written consent of the other Party, directly or indirectly solicit for employment any then-current employee of the other Party or its controlled Affiliates; [***].",Non-Compete,Original Corporate
"The Vendor hereby sells, transfers, and conveys all rights, title, and interest in the Property to the Purchaser.",Possession & Transfer,Property
All notices under this agreement shall be in writing and sent to the address specified in the recitals.,Notices,General
"During the Term, each Party hereby provides a worldwide, exclusive, royalty free, perpetual license of such Intellectual Property Rights for use by each licensee in its business in connection with the development and marketing and commercialization of the Product.",Exclusivity,Original Corporate
"Any dispute or difference arising out of this agreement shall be referred to sole arbitration in Bengaluru under the Arbitration and Conciliation Act, 1996.",Arbitration & Dispute Resolution,General
"Subject to the provisions of this Agreement including the provisions of Article 8, Changepoint hereby grants to Customer and Customer hereby accepts from Changepoint the perpetual, personal, non-transferable and non-exclusive Software Licenses to use the Licensed Software for Customer's internal business purposes.",License Grant,Original Corporate
The Lessee shall use the leased premises solely for office space and commercial activities permitted by local laws.,Use of Premises,Rental
"At any time after July 1, 2015, PPI shall have the right, exercisable upon sixty (60) days prior written notice to EKR, to terminate the Lease Term and repurchase the Transferred Equipment from EKR, subject to payment by PPI to EKR within five (5) days of such  notice of any principal paid by EKR under the Promissory Note, which if exercised shall result in the termination of the Step-in Right  set forth in Section 17.5.",Notice Period / Termination,Original Corporate
"The parties submit to the exclusive jurisdiction of the competent courts located within the city of Bengaluru, India.",Jurisdiction & Venue,General
"EXCEPT FOR LIABILITY ARISING UNDER SECTIONS 2.7, 8, 10 AND 12.3 OF THIS          AGREEMENT, IN NO EVENT SHALL EITHER PARTY'S LIABILITY ARISING OUT OF OR          RELATED TO THIS AGREEMENT OR THE USE OR PERFORMANCE OF THE SOFTWARE          EXCEED THE TOTAL AMOUNT ACTUALLY PAID BY CORIO HEREUNDER FOR THE          TRANSACTION WHICH THE LIABILITY RELATES TO DURING THE TWELVE (12)          MONTHS IMMEDIATELY PRIOR TO THE CAUSE OF",Limitation of Liability,Original Corporate
The maximum aggregate liability of the Vendor shall not exceed the sum of Rs. 9 Lakhs.,Limitation of Liability,General
"The software warranty period shall be one year, during which the Licensor will fix any critical bugs free of charge.",Warranty Duration,Service
The Supplier agrees to supply the Products exclusively to the Buyer within the territory of India during the term.,Exclusivity,Business
"Upon execution of this deed, the Buyer shall become the sole and absolute owner of the scheduled property.",Possession & Transfer,Property
"The Vendor hereby sells, transfers, and conveys all rights, title, and interest in the Property to the Purchaser.",Possession & Transfer,Property
Each Party shall provide reasonable assistance for any action which may be necessary to assign or otherwise transfer such rights to Other Improvements to Parties as joint owners,Intellectual Property,Original Corporate
"any other Person, including SpinCo.",Notice Period / Termination,Original Corporate
In no event shall DGT be liable for consequential or incidental damages arising from any breach or breaches of this Agreement.,Limitation of Liability,Original Corporate
"The Employee shall be on probation for a period of 6 months, extendable at the discretion of the Company.",Notice Period / Termination,Employment
"The Stamp Duty and registration charges of Rs. 30,000 shall be borne entirely by the Purchaser.",Stamp Duty & Registration,Property
"The Stamp Duty and registration charges of INR 130,000 shall be borne entirely by the Purchaser.",Stamp Duty & Registration,Property
"The Tenant shall pay a refundable security deposit of INR 78,000 before taking possession of the premises.",Security Deposit,Rental
"hereunder and under the Quality Agreement, as applicable; and (ii) notwithstanding the transfer of any Miltenyi Product purchased hereunder, Bellicum will nevertheless continue to remain fully and primarily responsible and liable to Miltenyi for payment of the Product Price and for the use of the Miltenyi Product by any Subcontractor and Licensee to whom a Miltenyi Product is transferred.",License Grant,Original Corporate
"We may terminate your right to provide products and services to a Major Account customer at any time by giving you at least 30 days' prior written notice, and you may terminate your right to provide products and services to a Major Account at any time by giving us at least 30 days' prior written notice.",Notice Period / Termination,Original Corporate
"Thereafter, this Agreement shall automatically renew for subsequent one          (1) year periods unless either party provides the other party with          written notification at least thirty (30) days prior to the expiration          of the initial five (5) year term or any one (1) year renewal thereof          of its intention to terminate this Agreement.",Notice Period / Termination,Original Corporate
"Neither Party shall have the right to assign or otherwise transfer its rights or obligations under this Agreement except with the prior written consent of the other Party, not to be unreasonably withheld or delayed.",Other Corporate,Original Corporate
"Allied Esports International, Inc.",Effective Date & Parties,Original Corporate
The arbitration proceedings shall be conducted in English and the seat of arbitration shall be Hyderabad.,Arbitration & Dispute Resolution,General
"The Stamp Duty and registration charges of INR 52,000 shall be borne entirely by the Purchaser.",Stamp Duty & Registration,Property
Any notice required to be given under this deed shall be sent by Speed Post or courier to the registered office address.,Notices,General
"After completion of any inspection or audit pursuant to this Section 8.02, XSPA shall notify Calm of the results of such inspection and audit (the ""Calm Audit Results"").",Other Corporate,Original Corporate
The maximum aggregate liability of the Vendor shall not exceed the sum of INR 3 Lakhs.,Limitation of Liability,General
"Magenta grants to Bachem a limited, non-exclusive license to use any Magenta Developed Intellectual Property to manufacture and release the Product for Magenta in accordance with the terms and conditions of this Agreement and any applicable Project Plan.",License Grant,Original Corporate
"Contractor represents and warrants that, for the Warranty Period, the Products (i) will be free from defects in workmanship, material (only to the same extent as the original manufacturer of the material warrants the Contractor), and manufacture; (ii) will comply the Specifications IPC610.B standard (in all material respects and unless otherwise was instructed by Customer).",Warranty Duration,Original Corporate
"Notwithstanding the foregoing, if, at the expiry of this Agreement following the Initial Term or the Renewal Term (if any), as applicable, Licensor and Rogers have not executed a new agreement governing the VOD distribution and exhibition of Licensed Programs and Rogers (or its permitted assigns) continues to distribute and exhibit Licensed Programs on the ROD Service following such expiry, such continued distribution and exhibition shall be governed by the terms of this Agreement in effect at the time of expiry, except that each of Licensor and Rogers shall have the right, on sixty (60) days' prior written notice, to terminate this Agreement, as so extended.",Notice Period / Termination,Original Corporate
"______ day of ______________, 2015.",Effective Date & Parties,Original Corporate
"ChipMOS and Tsinghua Unigroup shall collectively be referred to as the ""Parties.""",Effective Date & Parties,Original Corporate
"This Agreement shall be governed by, interpreted, and construed in accordance with the substantive laws of India.",Governing Law,General
"The Stamp Duty and registration charges of INR 50,000 shall be borne entirely by the Purchaser.",Stamp Duty & Registration,Property
The arbitration proceedings shall be conducted in English and the seat of arbitration shall be Hyderabad.,Arbitration & Dispute Resolution,General
"In the event that the Agreement is terminated pursuant to Section 14.5, the following shall occur:",Intellectual Property,Original Corporate
"Consultant also expressly agrees that he will not, without the prior written consent of the Company, either directly or indirectly on his own behalf, or in the service or on behalf of others, solicit, divert, or attempt to solicit or divert any customer, client, supplier or vendor of the Company for a period of five (5) years for any reason, and without limitation for the purpose of harming the Company or of obtaining and disseminating its trade secrets, or other proprietary and confidential information",Non-Compete,Original Corporate
The Lessee shall use the leased premises solely for office space and commercial activities permitted by local laws.,Use of Premises,Rental
"The Tenant shall pay electricity, water, and gas charges based on actual consumption directly to the utility providers.",Maintenance & Utilities,Rental
the ____ day of _______________2000,Effective Date & Parties,Original Corporate
"CHANNEL PARTNER'S PAYMENT OBLIGATIONS, LIABILITY FOR EARLY TERMINATION FEES OR CHARGES, BREACHES OF CONFIDENTIALITY BY EITHER PARTY, MISAPPROPRIATION OF INTELLECTUAL PROPERTY RIGHTS OF THE OTHER PARTY, AND THE PARTIES' INDEMNIFICATION OBLIGATIONS UNDER THIS AGREEMENT ARE EXCLUDED FROM THESE LIMITATIONS OF LIABILITY.",Limitation of Liability,Original Corporate
"The compensation of the Employee shall be INR 100,000 per month, payable in accordance with Company policy.",Salary/Compensation,Employment
Any notice required to be given under this deed shall be sent by Speed Post or courier to the registered office address.,Notices,General
"The Employee shall be on probation for a period of 6 months, extendable at the discretion of the Company.",Notice Period / Termination,Employment
The Receiving Party agrees to keep all proprietary information confidential and protect it with reasonable care.,Confidentiality,NDA/Confidentiality
All technical and commercial data disclosed under this NDA shall remain the exclusive property of the Disclosing Party.,Confidentiality,NDA/Confidentiality
Copyright Materials that are jointly created by the Parties shall be jointly owned.,Intellectual Property,Original Corporate
"Astellas shall have the exclusive right to market, sell and distribute the Lead Compounds supplied by FG for use in the Astellas Territory within the Field under the license granted in Article 13.",Exclusivity,Original Corporate
The parties shall present this document for registration before the Sub-Registrar of Kolkata within 30 days.,Stamp Duty & Registration,Property
"All expenses relating to the registration of this sale deed, stamp paper, and advocate fees shall be paid by the Buyer.",Stamp Duty & Registration,Property
Society maintenance charges and property taxes shall be paid solely by the Landlord during the lease term.,Maintenance & Utilities,Rental
"Upon execution of this deed, the Buyer shall become the sole and absolute owner of the scheduled property.",Possession & Transfer,Property
"Site Functionality or technology, software, code, user interfaces or ""look and feel"" related thereto or incorporated therein, such items shall be deemed ACSI Derivative Works in their entirety and not Joint Works or Company Intellectual Property.",Intellectual Property,Original Corporate
"Any dispute or difference arising out of this agreement shall be referred to sole arbitration in Hyderabad under the Arbitration and Conciliation Act, 1996.",Arbitration & Dispute Resolution,General
"The Landlord shall be responsible for major structural repairs, while routine maintenance shall be borne by the Tenant.",Maintenance & Utilities,Rental
Except as provided in this Section 6.2.1 (Restrictions on BLI) and the scope of rights granted to,Exclusivity,Original Corporate
"Notices shall be deemed served when delivered by hand, registered post, or confirmed email transmission.",Notices,General
"Bellicum Pharmaceuticals, Inc.",Effective Date & Parties,Original Corporate
"The Tenant shall pay electricity, water, and gas charges based on actual consumption directly to the utility providers.",Maintenance & Utilities,Rental
"Notwithstanding the foregoing, this OMA may be terminated with or without cause at any time after the Effective Date and without liability or continuing obligation by any of the Parties hereto (i) by mutual written agreement of all of the Parties; and (ii) in writing by the Trust Advisors in their sole discretion.",Notice Period / Termination,Original Corporate
"Unless otherwise instructed by Sonos in writing, IAC is not authorized at any time to sell Custom Components to any third party or IAC Affiliate.",Non-Compete,Original Corporate
"For a period of 6 months post-termination, the Employee shall not work for any direct competitor in India.",Non-Compete,Employment
All legal relationships between the parties shall be subject to the laws of the Republic of India.,Governing Law,General
Either party may terminate this employment agreement by giving 30 days' written notice or salary in lieu thereof.,Notice Period / Termination,Employment
"All expenses relating to the registration of this sale deed, stamp paper, and advocate fees shall be paid by the Buyer.",Stamp Duty & Registration,Property
MSL will warrant its workmanship for [*] months unless other                   stated in the applicable Product Attachment.,Warranty Duration,Original Corporate
"All expenses relating to the registration of this sale deed, stamp paper, and advocate fees shall be paid by the Buyer.",Stamp Duty & Registration,Property
"In no event shall either party be liable to the other for indirect, special, or consequential damages.",Limitation of Liability,General
All notices under this agreement shall be in writing and sent to the address specified in the recitals.,Notices,General
The Supplier agrees to supply the Products exclusively to the Buyer within the territory of India during the term.,Exclusivity,Business
"The Publishers and/or their auditors, at no expense to HealthGate,             and upon twenty (20)Business Days' written notice to HealthGate,             shall have the right to conduct a system backup and disaster             recovery audit with regard to the Services provided pursuant to this             Agreement.",Other Corporate,Original Corporate
"The Developer shall not develop, maintain or market a similar platform and will not compete with the Client directly or indirectly worldwide.",Non-Compete,Original Corporate
"The licenses granted in Sections 3.01(a), (b) and (c) to the SpinCo Group include the right to grant sublicenses within the scope of such licenses only to members of the SpinCo Group and, without any further right to sublicense, to their respective (i) contractors, distributors, manufacturers and resellers, in each case solely for the benefit of the SpinCo Business, and (ii) end users and customers, in each case solely in connection with the use of products and services of the SpinCo Business.",License Grant,Original Corporate
All equipment supplied is covered by a manufacturer warranty of 24 months against manufacturing defects.,Warranty Duration,Service
"Zebra Technologies International, LLC",Effective Date & Parties,Original Corporate
"You further acknowledge that the Intranet facility and all communications that are posted to it will become our property, free of any claims of privacy or privilege that you or any other person may assert.",Intellectual Property,Original Corporate
"Any dispute or difference arising out of this agreement shall be referred to sole arbitration in Pune under the Arbitration and Conciliation Act, 1996.",Arbitration & Dispute Resolution,General
"Notices shall be deemed served when delivered by hand, registered post, or confirmed email transmission.",Notices,General
The Exclusivity Period shall commence on the Effective Date and expire on the third anniversary thereof.,Exclusivity,Business
"During the Term and any renewal terms of the Agreement, and for a period of one (1) year following the expiration or earlier termination thereof, Customer shall not, whether for its own account or for the account of any other person or entity, interfere with the relationship of Kubient with, or endeavor to entice away from Kubient, any person or entity who was or is a an employee or Third-Party of Kubient.",Non-Compete,Original Corporate
"Neither party may assign this Agreement without the other's           prior written approval, except by operation of law or in connection           with the sale of substantially all of the assets of such party's           business or the acquisition of such party by a third party.",Other Corporate,Original Corporate
This Agreement shall be effective on the Effective Date and shall terminate in accordance with this Article.,Effective Date & Parties,Original Corporate
"This Agreement will be interpreted, construed and enforced in accordance with the Laws of the State of Washington, without reference to its choice of Laws rules.",Governing Law,Original Corporate
"All expenses relating to the registration of this sale deed, stamp paper, and advocate fees shall be paid by the Buyer.",Stamp Duty & Registration,Property
"Disputes shall be resolved by arbitration in accordance with the rules of the Indian Arbitration Act, with the venue of arbitration in Kolkata.",Arbitration & Dispute Resolution,General
This agreement commences upon execution of this document.,Effective Date & Parties,Original Corporate
"In the event that the Agreement is terminated pursuant to Section           16.a.v. due to e-centives' acquisition by an Excite@Home Named           Competitor, or by an entity controlling or controlled by an           Excite@Home Named Competitor, e-centives or its assigns or designates           may not contact any Users for whom User Data has been provided           pursuant to this Agreement, excluding those that have opted out in           accordance with Section 5(a) of Exhibit D.",Non-Compete,Original Corporate
The arbitration proceedings shall be conducted in English and the seat of arbitration shall be Bengaluru.,Arbitration & Dispute Resolution,General
"The Lessee agrees to pay a monthly rent of Rs. 42,000 net of all deductions to the Lessor.",Rent,Rental
"The Tenant shall pay monthly rent of Rs. 70,000 to the Landlord on or before the 7th day of each calendar month.",Rent,Rental
Either party may terminate this employment agreement by giving 90 days' written notice or salary in lieu thereof.,Notice Period / Termination,Employment
The Seller warrants that the goods will be free from material defects for a period of 90 days from delivery.,Warranty Duration,Service
"In addition, Party A shall not use the functions and information provided by Party B to carry out any commercial activities.",License Grant,Original Corporate
"The Landlord shall be responsible for major structural repairs, while routine maintenance shall be borne by the Tenant.",Maintenance & Utilities,Rental
"Upon execution of this deed, the Buyer shall become the sole and absolute owner of the scheduled property.",Possession & Transfer,Property
"Dynamic Hearing is not liable in any way to IntriCon for any indirect, consequential, third party, special or incidental  harm, liability, expense, cost, loss or damage, loss of profits, loss of data, exemplary damages or any other indirect  commercial or economic loss of any kind whatsoever incurred by IntriCon whether in negligence, tort, equity, contract  or otherwise, arising in connection with this Agreement;",Limitation of Liability,Original Corporate
"The Company shall not contact any of Distributor's Customer's for any reason, without the prior written approval of Distributor.",Non-Compete,Original Corporate
"The sublicense rights granted to Certegy pursuant to Section 4.1(a) include the right for Certegy to grant sublicenses to the Licensed Equifax Materials (excluding the Utility Software Programs) to the members of the Certegy Group, which sublicenses may include the right to further sublicense such Licensed Equifax Materials (excluding the Utility Software Programs) to such Group member's customers solely for each such customer's internal business purposes to the extent related to the Certegy Business.",License Grant,Original Corporate
"Without Party A's consent, Party B may not enter into with any third party any agreement or cooperation which is identical with or similar to  this Agreement.",Exclusivity,Original Corporate
A party wishing to renew this Agreement shall give the other party notice thereof no less than thirty (30) days before the expiration of the term then in effect.,Notice Period / Termination,Original Corporate
"OF LIABILITY (INCLUDING NEGLIGENCE), EVEN IF SUCH PARTY HAS BEEN ADVISED OF THE POSSIBILITY OF SUCH DAMAGES.",Limitation of Liability,Original Corporate
"The Tenant shall pay monthly rent of INR 42,000 to the Landlord on or before the 7th day of each calendar month.",Rent,Rental
The premises shall be used only for residential purposes. The Tenant shall not use the premises for any commercial activity.,Use of Premises,Rental
All equipment supplied is covered by a manufacturer warranty of one year against manufacturing defects.,Warranty Duration,Service
"EXCEPT FOR A PARTY'S OBLIGATIONS SET FORTH IN THIS ARTICLE 13, AND ANY BREACH OF ARTICLE 10 (CONFIDENTIALITY), IN NO EVENT WILL EITHER PARTY BE LIABLE TO THE OTHER PARTY (OR THE OTHER PARTY'S AFFILIATES OR SUBLICENSEES) IN CONNECTION WITH THIS AGREEMENT FOR LOST REVENUE, LOST PROFITS, LOST ROYALTIES, LOST SAVINGS, LOSS OF USE, DAMAGE TO GOODWILL, OR ANY CONSEQUENTIAL, INCIDENTAL, SPECIAL, EXEMPLARY, PUNITIVE OR INDIRECT DAMAGES IN CONNECTION WITH THIS AGREEMENT, HOWEVER CAUSED, UNDER ANY THEORY OF LIABILITY, INCLUDING CONTRACT, NEGLIGENCE, OR STRICT LIABILITY, EVEN IF THAT PARTY HAS BEEN PLACED ON NOTICE OF THE POSSIBILITY OF SUCH DAMAGES.",Limitation of Liability,Original Corporate
The Party seeking to enforce such infringement claims [***] of any suit brought by it claiming infringement of any Joint Patent. T,Intellectual Property,Original Corporate
"From the Effective Date and for twelve (12) months after the termination of this Agreement (the ""Restricted Period""), Consultant shall not, without Aduro's prior written consent, directly or indirectly, solicit or encourage any employee or contractor of Aduro or its affiliates to terminate employment with, or cease providing Services to, Aduro or its affiliates.",Non-Compete,Original Corporate
"ArTara, Affiliates, and sublicensees will obtain and maintain commercial general liability insurance with a reputable and financially secure insurance carrier prior to clinical testing, making, using, importing, offering to sell, or selling any licensed Product or engaging in any other act involving any licensed Product or the patent rights, if such act could possibly create risk of a claim against University Indemnitees for personal injury or property damage.",Other Corporate,Original Corporate
"The parties submit to the exclusive jurisdiction of the competent courts located within the city of Mumbai, India.",Jurisdiction & Venue,General
The Developer recognizes that the complete Intellectual Property of the project belongs to the Client,Intellectual Property,Original Corporate
"The occurrence of a force majeure event (such as earthquake, flood, pandemic, or labor strike) shall suspend performance obligations.",Force Majeure,General
"The Vendor hereby sells, transfers, and conveys all rights, title, and interest in the Property to the Purchaser.",Possession & Transfer,Property
"If and to the extent that any Work Product is found as a matter of law not to be a ""work made for hire"" within the meaning of the Act, Surgical agrees to assign, and by this Agreement and Surgical's signature below, Surgical hereby does assign to Imprimis all right, title and interest in and to Work Product, and all copies thereof, and the copyright, patent, trademark, trade secret and all other proprietary rights in Work Product.",Intellectual Property,Original Corporate
The Seller covenants that they have absolute clear title to the property and full legal right to convey the same.,Possession & Transfer,Property
This       Attachment will automatically be renewed for periods of six (6) months       unless either party gives twelve (12) months written notice of its intent       to terminate this Agreement.,Notice Period / Termination,Original Corporate
Any assignment not in accordance with this Section 11.1 shall be void.,Other Corporate,Original Corporate
"The Tenant shall pay monthly rent of Rs. 50,000 to the Landlord on or before the 5th day of each calendar month.",Rent,Rental
The Lessee shall use the leased premises solely for office space and commercial activities permitted by local laws.,Use of Premises,Rental
"Any dispute or difference arising out of this agreement shall be referred to sole arbitration in Hyderabad under the Arbitration and Conciliation Act, 1996.",Arbitration & Dispute Resolution,General
"During the Term of this Agreement, PlanetCAD shall be permitted to market new functions and services relating to the Co-Branded Service directly to Dassault Systemes Customers with Dassault Systemes prior written approval, but only to the extent such functions and services are offered by PlanetCAD on the PlanetCAD Web site(s).",Exclusivity,Original Corporate
All notices under this agreement shall be in writing and sent to the address specified in the recitals.,Notices,General
"6. Mix of competing business

Amend the pattern of the Union product or competing business to mislead users.",Non-Compete,Original Corporate
"Upon not less than thirty (30) days' prior written notice and not more than once in any calendar year, Affiliate shall have the right, at its sole cost and expense, during the Term and for one (1) year thereafter, to examine during normal business hours the books and records of Network for up to the prior calendar year and the then-current calendar year solely to the extent reasonably necessary to verify the Revenue Share Records.",Other Corporate,Original Corporate
"Disputes shall be resolved by arbitration in accordance with the rules of the Indian Arbitration Act, with the venue of arbitration in Ahmedabad.",Arbitration & Dispute Resolution,General
"""Arizona Licensed Patents"" means the Patents set forth on Schedule 1.1(l) and all other Patents owned by Licensing or Seller or their respective Affiliates as of the Effective Date and used or held for use in the Company Field during the five (5) years prior to the Effective Date (other than the Arizona Assigned Patents).",License Grant,Original Corporate
"Dolphin will provide photo-editing services exclusively, at DGT option, when the number of downloaded photos to be edited by Dolphin totals 50,000 in a single year;",Exclusivity,Original Corporate
"NOTWITHSTANDING ANY OTHER PROVISION OF THIS AGREEMENT, JHU ADDITIONALLY DISCLAIMS ALL OBLIGATIONS AND LIABILITIES ON THE PART OF JHU AND INVENTORS, FOR DAMAGES, INCLUDING, BUT NOT LIMITED TO, DIRECT, INDIRECT, SPECIAL, AND CONSEQUENTIAL DAMAGES, ATTORNEYS' AND EXPERTS' FEES, AND COURT COSTS (EVEN IF JHU HAS BEEN ADVISED OF THE POSSIBILITY OF SUCH DAMAGES, FEES OR COSTS), ARISING OUT OF OR IN CONNECTION WITH THE MANUFACTURE, USE, OR SALE OF THE LICENSED PRODUCTS AND LICENSED SERVICES UNDER THIS AGREEMENT.",Limitation of Liability,Original Corporate
All notices under this agreement shall be in writing and sent to the address specified in the recitals.,Notices,General
The covenant not to compete restricts the Employee from joining rival tech companies for 1 year in the region of Chennai.,Non-Compete,Employment
"This Agreement shall be governed by, interpreted, and construed in accordance with the substantive laws of India.",Governing Law,General
All technical and commercial data disclosed under this NDA shall remain the exclusive property of the Disclosing Party.,Confidentiality,NDA/Confidentiality
"""Contract Period"" shall mean that period of time commencing as of May 31, 1999 and concluding May 31, 2000.",Effective Date & Parties,Original Corporate
"In no event shall either party be liable to the other for indirect, special, or consequential damages.",Limitation of Liability,General
"The Lessee has paid a sum of Rs. 84,000 as interest-free security deposit to the Lessor, refundable upon termination.",Security Deposit,Rental
"Except as set forth in Sections 4.3  [Non-Competition] and 5.8  [Non-Competition], nothing in this Agreement shall be construed as preventing either party from developing other co-branded versions of its materials, data, information and content.",Exclusivity,Original Corporate
"The Lessee has paid a sum of INR 72,000 as interest-free security deposit to the Lessor, refundable upon termination.",Security Deposit,Rental
"corporate structure or ownership of the Company, or (b) AIG sells the Company to an acquirer, in each case, (i) having a rating from at least one of S&P, Moody's, A.M. Best or a substitute agency, which is a nationally recognized statistical rating organization, that is at least equal to the lower of (x) AIG's then-current rating from such agency or (y) the Company's then-current rating as supported by this Agreement from such agency; or (ii) such that, immediately on the effective date of the modification of corporate structure or sale by AIG of the Company, the Company's capitalization is consistent with the minimum capital adequacy standards and criteria of at least one of S&P, Moody's, A.M. Best or a substitute agency, which is a nationally recognized statistical rating organization, for a rating that is equal to or better than the Company's then-current rating on the date immediately preceding such modification of corporate structure or sale.",Notice Period / Termination,Original Corporate
"For a period of 12 months post-termination, the Employee shall not work for any direct competitor in India.",Non-Compete,Employment
"The Lessee agrees to pay a monthly rent of INR 20,000 net of all deductions to the Lessor.",Rent,Rental
"Subject to Article 22.2, this Agreement shall remain in force for an Initial Period of 1 year, which may be renewed by mutual consent for such period as the Parties may agree (""Term""), unless it is terminated earlier in accordance with this Agreement or for any of the following reasons:",Notice Period / Termination,Original Corporate
"The Joint Venture is a fixed term Joint Venture beginning November 27, 2018 and ending November 30th, 2019 or as otherwise provided in this Agreement.",Effective Date & Parties,Original Corporate
"The Vendor hereby sells, transfers, and conveys all rights, title, and interest in the Property to the Purchaser.",Possession & Transfer,Property
The total liability of the Company under this agreement shall be limited to the fees actually paid during the preceding 12 months.,Limitation of Liability,General
"All sublicensing by Equifax and other members of the Equifax Group to any one of their customers shall be pursuant to written agreements with such customer, executed before or at the time of furnishing each copy of the Licensed Certegy Materials (excluding the Utility Software Programs) to such customer, and which provide at a minimum that such customer:

          (i)   receives only a personal, non-transferable and nonexclusive                 right to use such copy of the Licensed Certegy Materials                 (excluding the Utility Software Programs);

          (ii)  receives no title in the intellectual property contained in the                 Licensed Certegy Materials (excluding the Utility Software                 Programs);

          (iii) will not copy the Licensed Certegy Materials (excluding the                 Utility Software Programs), except as necessary to use such                 Licensed Certegy Materials (excluding the Utility Software                 Programs) in accordance with the license grant and to make one                 archival copy;

          (iv)  will not export or re-export the Licensed Certegy Materials                 (excluding the Utility Software Programs) without the                 appropriate United States or foreign government licenses;

          (v)   will hold the Licensed Certegy Materials (excluding the Utility                 Software Programs) in confidence; will not reverse compile or                 disassemble the Licensed Certegy Materials (excluding the                 Utility Software Programs); will not remove or destroy any                 proprietary markings of the licensor on or contained in the                 Licensed Certegy Materials (excluding the Utility Software                 Programs); and will include the copyright and patent notices of                 the licensor as specified from time to time by the licensor for                 the Licensed Certegy Materials (excluding the Utility Software                 Programs) on and in all copies of the Licensed Certegy Materials                 (excluding the Utility Software Programs); and

          (vi)  will not sublicense, assign or otherwise transfer the Licensed                 Certegy Materials (excluding the Utility Software Programs) to                 any other Person.",License Grant,Original Corporate
"For clarity, a Competitive Transaction shall not include an agreement for use, integration or interfacing, or co-marketing, of the Ehave Companion Solution with other services, solutions, devices, goods or products, where such other services, solutions, devices, goods or products do not contain the same or similar functionality of the Ehave Companion Solution, but provides for a complementary solution.",Exclusivity,Original Corporate
doing business  as  Pretzel  Time,Effective Date & Parties,Original Corporate
"A ""Competitive Business"" shall not include a full-service restaurant.",Exclusivity,Original Corporate
The Seller warrants that the goods will be free from material defects for a period of one year from delivery.,Warranty Duration,Service
Either Party may terminate this Agreement at any time prior to delivery of the Product.,Notice Period / Termination,Original Corporate
"The occurrence of a force majeure event (such as earthquake, flood, pandemic, or labor strike) shall suspend performance obligations.",Force Majeure,General
No party shall disclose the terms or financial details of this transaction to any third party without written consent.,Confidentiality,NDA/Confidentiality
"For purposes of clarity, the foregoing does not prevent   Conformis from granting any license, release, covenant not to sue or other immunity to any third party under any Patents, including   any such immunity that would authorize manufacture, use or sale of Patient-Specific Instrumentation for Off-The-Shelf Knee   Implants outside the Buyer Field.",Exclusivity,Original Corporate
"This JSMA will be terminated as of the end of the Term or any Renewal Term, by either Party giving written notice of non-renewal to the other Party no less than 120 prior to the applicable expiry date (the ""Termination Period"").",Notice Period / Termination,Original Corporate
"For the avoidance of doubt, subject to, and without limiting or amending the exclusivity restrictions and confidentiality obligations set forth in Section 6.1 and ARTICLE 17 of the Development and License Agreement, respectively, Antares or its Subcontractor may manufacture the VIBEX® QS device or other devices (other than the Device) for itself or other Persons.",Exclusivity,Original Corporate
This Letter shall be governed by and construed in accordance with the laws of the State of New York without reference to any rules of conflict of laws.,Governing Law,Original Corporate
"THE LIABILITY OF EITHER PARTY FOR DAMAGES OR ALLEGED DAMAGES      HEREUNDER (EXCEPT UNDER SECTIONS 15 AND 16), WHETHER IN CONTRACT, TORT OR      ANY OTHER LEGAL THEORY, IS LIMITED TO, AND WILL NOT EXCEED, THE AMOUNTS TO      BE PAID BY CLIENT TO INTUIT HEREUNDER.",Limitation of Liability,Original Corporate
"During the probation period, either party may terminate employment by giving 7 days' notice.",Notice Period / Termination,Employment
"The occurrence of a force majeure event (such as earthquake, flood, pandemic, or labor strike) shall suspend performance obligations.",Force Majeure,General
"The parties submit to the exclusive jurisdiction of the competent courts located within the city of Pune, India.",Jurisdiction & Venue,General
The Employee shall not engage in any business competing with the Employer's activities during employment and for 1 year thereafter.,Non-Compete,Employment
All of the above described warranty periods will commence on the             date that the Products containing the above Parts are delivered to             IBM.,Warranty Duration,Original Corporate
"In the event that XENCOR pays the Technology Access Fee set forth above, XENCOR shall have the right to use or have used (e.g. by a Business Partner) the Process worldwide for the manufacture of Product in accordance with the terms and conditions of this Agreement, without entering into a contract manufacturing agreement with BII",License Grant,Original Corporate
"The Lessee agrees to pay a monthly rent of INR 69,000 net of all deductions to the Lessor.",Rent,Rental
"The Tenant shall pay monthly rent of Rs. 58,000 to the Landlord on or before the 10th day of each calendar month.",Rent,Rental
The courts of law at Ahmedabad shall have exclusive jurisdiction to try and settle any disputes arising under this deed.,Jurisdiction & Venue,General
"The Vendor hereby sells, transfers, and conveys all rights, title, and interest in the Property to the Purchaser.",Possession & Transfer,Property
"NO PARTY SHALL BE LIABLE FOR CONSEQUENTIAL, INCIDENTAL, PUNITIVE, EXEMPLARY OR INDIRECT DAMAGES, LOST PROFITS OR OTHER BUSINESS INTERRUPTION DAMAGES, BY STATUTE, IN TORT OR CONTRACT, OR OTHERWISE; PROVIDED, HOWEVER, THAT THIS LIMITATION SHALL NOT LIMIT A PARTY'S RIGHT TO RECOVERY HEREUNDER FOR ANY SUCH DAMAGES TO THE EXTENT SUCH PARTY IS REQUIRED TO PAY SUCH DAMAGES TO A THIRD PARTY IN CONNECTION WITH A MATTER FOR WHICH SUCH PARTY IS OTHERWISE ENTITLED TO INDEMNIFICATION HEREUNDER",Limitation of Liability,Original Corporate
"the parties under this Agreement shall be governed by and construed in      accordance with the laws of the State of California, U.S.A., except that      body of law concerning conflicts of laws.",Governing Law,Original Corporate
Any notice required to be given under this deed shall be sent by Speed Post or courier to the registered office address.,Notices,General
All equipment supplied is covered by a manufacturer warranty of 90 days against manufacturing defects.,Warranty Duration,Service
Reseller will not make an offer of,Non-Compete,Original Corporate
The Employee shall not engage in any business competing with the Employer's activities during employment and for 12 months thereafter.,Non-Compete,Employment
The total liability of the Company under this agreement shall be limited to the fees actually paid during the preceding 12 months.,Limitation of Liability,General
"The software warranty period shall be 90 days, during which the Licensor will fix any critical bugs free of charge.",Warranty Duration,Service
"The Lessee agrees to pay a monthly rent of INR 64,000 net of all deductions to the Lessor.",Rent,Rental
"Media Liability insurance with limits not less than $2,000,000 per occurrence and aggregate.",Other Corporate,Original Corporate
"This Agreement shall terminate (i) the Business Day immediately following the Remarketing Settlement Date, (ii) at 5:00  p.m., New York City time, on the last date of the Remarketing if the Remarketing is not successful or (iii) on the effective date of the resignation or  removal of the Remarketing Agent and the appointment of a new Remarketing Agent.",Notice Period / Termination,Original Corporate
"Neither party shall be held liable for any delay or failure in performance due to acts of God, war, lockouts, or government restrictions.",Force Majeure,General
The maximum aggregate liability of the Vendor shall not exceed the sum of INR 2 Lakhs.,Limitation of Liability,General
Any rights or license granted under this Article VI to a     -----------------                                                               corporation or other legal entity which becomes a Subsidiary of a Party at a     date later than the Effective Date shall become effective as of the date     upon which such corporation or other legal entity becomes a Subsidiary of     such Party.,License Grant,Original Corporate
"""Nortel Patents"" shall mean all Patents other than Patents included in NTL  --------------                                                            Technology: (i) which are owned or controlled at any time during the Patent License Term by Nortel or any Nortel Subsidiary; or (ii) with respect to which, and to the extent to which, Nortel or any Nortel Subsidiary shall at any time during the Patent License Term have the right to grant the licenses and rights which are herein granted by Nortel including through cross licenses or otherwise.",License Grant,Original Corporate
Any notice required to be given under this deed shall be sent by Speed Post or courier to the registered office address.,Notices,General
"In addition, Customer may audit Manufacturer's Records and Facilities for the purpose of verifying that Manufacturer's procedures are in accordance with the C-TPAT security criteria, and Manufacturer shall provide Customer with access to Manufacturer's Records and Facilities reasonably necessary for the purpose of conducting such audit.",Other Corporate,Original Corporate
"This Agreement will be effective as of the date of its execution, and term of the Cooperation will be four years from the date on which the channel is uploaded.",Notice Period / Termination,Original Corporate
"The Stamp Duty and registration charges of Rs. 58,000 shall be borne entirely by the Purchaser.",Stamp Duty & Registration,Property
"FG shall have the worldwide exclusive right (itself or through third party vendors) to manufacture (or have manufactured) Lead Compounds. Astellas and its Affiliates and Sublicensees shall not directly or indirectly make, produce or manufacture any Lead Compounds.",Exclusivity,Original Corporate
"During the term of this Agreement, unless otherwise authorized at the sole discretion of ADAMS GOLF in writing, CONSULTANT shall not:   A.give the right to use or permit the use of CONSULTANT'S name, facsimile signature, nickname, voice or likeness to any other manufacturer or seller of PRODUCT;

B.sponsor or endorse PRODUCT made or sold by any other manufacturer or seller; or

C.serve as a CONSULTANT or advisor of any other manufacturer or seller of PRODUCT.",Exclusivity,Original Corporate
Either party may terminate this employment agreement by giving 2 months' written notice or salary in lieu thereof.,Notice Period / Termination,Employment
"Upon execution of this deed, the Buyer shall become the sole and absolute owner of the scheduled property.",Possession & Transfer,Property
"The Tenant shall pay monthly rent of Rs. 26,000 to the Landlord on or before the 5th day of each calendar month.",Rent,Rental
The parties shall present this document for registration before the Sub-Registrar of New Delhi within 60 days.,Stamp Duty & Registration,Property
The total liability of the Company under this agreement shall be limited to the fees actually paid during the preceding 12 months.,Limitation of Liability,General
"A security deposit of INR 88,000 shall be deposited with the Landlord to secure performance under this lease.",Security Deposit,Rental
The Seller covenants that they have absolute clear title to the property and full legal right to convey the same.,Possession & Transfer,Property
The premises shall be used only for residential purposes. The Tenant shall not use the premises for any commercial activity.,Use of Premises,Rental
"You hereby grant to us (and agree to obtain from your affiliates, owners, employees, and/or contractors), a perpetual, non-exclusive, and worldwide right to use any such ideas, concepts, methods, techniques and products in any businesses that we and/or our affiliates, franchisees and designees operate. We will have the right to use those ideas, concepts, methods, techniques, and/or products without making payment to you. You agree not to use or allow any other person or entity to use any such concept, method, technique or product",License Grant,Original Corporate
"The Lessee has paid a sum of Rs. 138,000 as interest-free security deposit to the Lessor, refundable upon termination.",Security Deposit,Rental
The Receiving Party agrees to keep all proprietary information confidential and protect it with reasonable care.,Confidentiality,NDA/Confidentiality
The covenant not to compete restricts the Employee from joining rival tech companies for 12 months in the region of Pune.,Non-Compete,Employment
Society maintenance charges and property taxes shall be paid solely by the Landlord during the lease term.,Maintenance & Utilities,Rental
"in a way that is inconsistent with the Specifications, in which case an audit may be performed at any time during the Term.",Other Corporate,Original Corporate
"In no event shall either party be liable to the other for indirect, special, or consequential damages.",Limitation of Liability,General
"The Tenant shall pay a refundable security deposit of INR 110,000 before taking possession of the premises.",Security Deposit,Rental
"This Agreement and the relationship between the parties is governed by and will be construed exclusively in accordance with the laws of the State of Florida (without regard to, and without applying, Florida conflict-of-law rules).",Governing Law,Original Corporate
"A security deposit of INR 180,000 shall be deposited with the Landlord to secure performance under this lease.",Security Deposit,Rental
"(ii) solicit, participate in or promote the solicitation of any of the Company's clients, customers, or prospective customers with whom Consultant had a Material Contact (hereinafter defined) and/or regarding whom Consultant received Confidential Information, for the purpose of providing products or services (""Competitive Products/Services"").",Non-Compete,Original Corporate
The Seller warrants that the goods will be free from material defects for a period of 90 days from delivery.,Warranty Duration,Service
"For the duration of the Agreement, the Client shall not engage any other service provider for similar consulting services.",Exclusivity,Business
"Each Purchaser Licensee may grant sublicenses of the licenses granted to it pursuant to Section 2.2: (i) to any (for the avoidance of doubt, and without limiting any other provision of this IP Agreement, current or future) direct or indirect Subsidiary of Purchaser (but only for so long as such Person remains such a Subsidiary); (ii) to any other Person in connection with the sale or disposition of substantially all of the assets of a business or product line of any Purchaser Licensee; (iii) other than with respect to Section 2.2(a), for the purpose of any Person's (including resellers, distributors, and OEMs) distribution of products licensed under Section 2.2; (iv) other than with respect to Section 2.2(a), to any Person (including OEMs, JDMs, suppliers, contractors, and subcontractors) solely for the purpose of, and to the extent necessary for, such Person to perform any service (including any service with respect to the design, manufacture, import, export, or supply of any product, service, or system in the Business or any components thereof) for a Purchaser Licensee, and not for the direct benefit of such Person or any other Person, (v) other than with respect to Section 2.2(a), to a customer of a Purchaser Licensee for such customer's use of a product licensed under Section 2.2; or (vi) other than with respect to Section 2.2(a), with respect to Software, to any Person for the purpose of such Person's development of Software that is compatible or interoperates with a product licensed under Section 2.2.",License Grant,Original Corporate
The contract shall in all respects be governed by the laws of India.,Governing Law,General
"""Arizona Licensed Copyrights"" means all Copyrights owned by Licensing or Seller or their respective Affiliates, as of the Effective Date and used or held for use in the Company Field during the five (5) years prior to the Effective Date (other than the Arizona Assigned Copyrights).",License Grant,Original Corporate
"NOTWITHSTANDING THE FOREGOING, NOTHING IN THIS SECTION 14.7 IS INTENDED TO OR SHALL LIMIT OR RESTRICT THE INDEMNIFICATION RIGHTS OR OBLIGATIONS OF ANY PARTY UNDER ARTICLE 14, OR DAMAGES AVAILABLE FOR A PARTY'S BREACH OF CONFIDENTIALITY OBLIGATIONS IN ARTICLE 12.",Limitation of Liability,Original Corporate
Any notice required to be given under this deed shall be sent by Speed Post or courier to the registered office address.,Notices,General
"A security deposit of Rs. 65,000 shall be deposited with the Landlord to secure performance under this lease.",Security Deposit,Rental
The premises shall be used only for residential purposes. The Tenant shall not use the premises for any commercial activity.,Use of Premises,Rental
The total liability of the Company under this agreement shall be limited to the fees actually paid during the preceding 12 months.,Limitation of Liability,General
"The Employer agrees to pay the Employee a CTC of Rs. 209,000 per annum, paid in monthly installments.",Salary/Compensation,Employment
"Upon execution of this deed, the Buyer shall become the sole and absolute owner of the scheduled property.",Possession & Transfer,Property
The parties shall present this document for registration before the Sub-Registrar of Chennai within 45 days.,Stamp Duty & Registration,Property
"The occurrence of a force majeure event (such as earthquake, flood, pandemic, or labor strike) shall suspend performance obligations.",Force Majeure,General
No party shall disclose the terms or financial details of this transaction to any third party without written consent.,Confidentiality,NDA/Confidentiality
"Notices shall be deemed served when delivered by hand, registered post, or confirmed email transmission.",Notices,General
"The Employer agrees to pay the Employee a CTC of Rs. 204,000 per annum, paid in monthly installments.",Salary/Compensation,Employment
The Lessee shall use the leased premises solely for office space and commercial activities permitted by local laws.,Use of Premises,Rental
Licensed Users may not assign this Agreement and/or any rights and/or obligations hereunder without the prior written consent of Licensor and any such attempted assignment shall be void.,Other Corporate,Original Corporate
This Agreement shall become effective on the date on which it is signed and affixed with the corporate seals by the authorized representative of  each Party and have a term of five (5) years commencing as of the effective date hereof.,Effective Date & Parties,Original Corporate
"For a period of 1 year post-termination, the Employee shall not work for any direct competitor in India.",Non-Compete,Employment
IN NO EVENT SHALL COMPANY BE LIABLE FOR ANY INCIDENTAL OR CONSEQUENTIAL DAMAGES AND DISTRIBUTOR'S REMEDIES SHALL BE LIMITED TO REPAIR OR REPLACEMENT OF NONCONFORMING UNITS OR PARTS.,Limitation of Liability,Original Corporate
"patent applications were to issue as patents) for the Exploitation of the Licensed Compound or a Licensed Product, but excluding any Joint Patents.",License Grant,Original Corporate
This Agreement has been duly executed as of the date first set forth above and shall be effective simultaneously.,Effective Date & Parties,Original Corporate
"This Agreement and all disputes or controversies arising out of or relating to this Agreement or the transactions contemplated hereby shall be governed by, and construed in accordance with, the internal laws of the State of New York, without regard to the laws of any other jurisdiction that might be applied because of the conflicts of laws principles of the State of New York.",Governing Law,Original Corporate
"In any Contract Year                   in which Schoolpop fails to fund the Guaranteed Minimum, AEIS                   shall have the right, in its sole discretion, to (a) terminate                   the Agreement or (b) revoke the exclusivity.",Exclusivity,Original Corporate
"Notices shall be deemed served when delivered by hand, registered post, or confirmed email transmission.",Notices,General
"The compensation of the Employee shall be Rs. 213,000 per month, payable in accordance with Company policy.",Salary/Compensation,Employment
"The Landlord shall be responsible for major structural repairs, while routine maintenance shall be borne by the Tenant.",Maintenance & Utilities,Rental
"This Agreement is effective on the day of May 1, 2013 and the effective term is the same as the Cooperation Term.",Effective Date & Parties,Original Corporate
The premises shall be occupied exclusively by the Tenant and their immediate family for housing purposes only.,Use of Premises,Rental
"MSL will warrant all MSL Procured Parts for [*] months unless                   otherwise stated in the applicable Product Attachment, or                   agreed to by IBM in writing.",Warranty Duration,Original Corporate
The total liability of the Company under this agreement shall be limited to the fees actually paid during the preceding 12 months.,Limitation of Liability,General
"All rights to the use of the names, trademarks, service marks, symbols, logos, domain names, trade secrets, confidential know-how, patents, copyrights, any pending applications with respect to any of the foregoing, and  any other intellectual property and related proprietary rights, interests and protections (""Intellectual Property Rights"") in connection with Wade Products will be jointly owned by Wade and Naked.",Intellectual Property,Original Corporate
"Neither party shall be held liable for any delay or failure in performance due to acts of God, war, lockouts, or government restrictions.",Force Majeure,General
"The compensation of the Employee shall be INR 150,000 per month, payable in accordance with Company policy.",Salary/Compensation,Employment
Either party may terminate this employment agreement by giving 90 days' written notice or salary in lieu thereof.,Notice Period / Termination,Employment
"The Vendor hereby sells, transfers, and conveys all rights, title, and interest in the Property to the Purchaser.",Possession & Transfer,Property
"Effective as of the date of expiration, Ono shall grant to Array a non-exclusive, worldwide, royalty-free license, with the right to grant sublicenses, (A) under any Improvements, and (B) under any other Patents owned or Controlled by Ono related to any Product(s) (including without limitation, Ono's interest in any Joint Patents) for the purposes of making, using, developing, importing, selling, distributing, marketing and promoting the Product(s) in the form they exist as of the time the Agreement is terminated, Notwithstanding the foregoing, in the event of a termination by Ono pursuant Section 13.3 or 13.4, Section 14.2(a)(ix) shall apply.",License Grant,Original Corporate
"Notices shall be deemed served when delivered by hand, registered post, or confirmed email transmission.",Notices,General
The parties shall present this document for registration before the Sub-Registrar of New Delhi within 45 days.,Stamp Duty & Registration,Property
The Lessee shall use the leased premises solely for office space and commercial activities permitted by local laws.,Use of Premises,Rental
"CERES will not  unreasonably withhold its consent for research programs with respect to GERMPLASM IMPROVEMENT of COLLABORATION CROPS  with academic institutions in the European Union under United Kingdom government or European Union funding, provided that (i) IGER  will have the exclusive right to use and exploit commercially the results of such research programs obtained by IGER, (ii) no  COLLABORATION CROP germplasm will be made available by IGER to any third party for selection, breeding or propagation work, or for  genetic transformation of such germplasm, except that IGER may make available germplasm of CERTAIN MISCANTHUS ACCESSIONS  for research purposes (including breeding), subject to the terms and conditions under which IGER holds such accessions, and (iii) if  requested by CERES, IGER will use reasonable efforts to obtain commercialization rights for CERES on results",Exclusivity,Original Corporate
All equipment supplied is covered by a manufacturer warranty of 90 days against manufacturing defects.,Warranty Duration,Service
"""Arizona Licensed Know-How"" means all Know-How owned by Licensing or Seller or their respective Affiliates, as of the Effective Date and used or held for use in the Company Field during the five (5) years prior to the Effective Date (other than the Arizona Assigned Know- How).",License Grant,Original Corporate
"In addition, Operator shall maintain employer's liability  insurance with a limit of not less than one million dollars ($1,000,000) each accident, one million dollars ($1,000,000) disease each  employee, and one million dollars ($1,000,000) disease policy limit.",Other Corporate,Original Corporate
"Upon expiration of the Initial Term of this Agreement, this Agreement will automatically renew for additional, successive five (5) year periods unless either Party provides the other Party written notice of its desire to terminate at least one hundred twenty (120) days prior to the end of the Initial Term or any renewal.",Notice Period / Termination,Original Corporate
"Notwithstanding the foregoing, Excite may make available                  opportunities on the Excite Site to purchase Music Products                  from parties other than Sponsor if such Music Products are not                  available from Sponsor so long as, prior to entering into                  arrangements to make available opportunities to purchase Music                  Products from parties other than Sponsor, Excite notifies                  Sponsor of its interest in the Music Products and gives Sponsor                  thirty (30) days to make the desired Music Products available                  through the Sponsor Site.",Exclusivity,Original Corporate
"Following the Exclusivity Period (and during the Exclusivity Period, with respect to Product SKU quantities in excess of the Exclusive Purchase Requirement in accordance with the preceding sentence), nothing in this Agreement shall prevent Customer or any of its Affiliates from manufacturing Product for itself, or having Product manufactured by a Third Party, including in amounts in addition to the Purchase Orders for Product issued to Manufacturer in accordance with this",Exclusivity,Original Corporate
"Upon execution of this deed, the Buyer shall become the sole and absolute owner of the scheduled property.",Possession & Transfer,Property
"by applicable Laws and regulations. GSK, at its sole discretion, shall also give due consideration to transferring to Theravance any additional regulatory filings for a Terminated Development Collaboration Product which contains a Theravance Compound as a Combination Product.",Intellectual Property,Original Corporate
The courts of law at Chennai shall have exclusive jurisdiction to try and settle any disputes arising under this deed.,Jurisdiction & Venue,General
"For a period of 1 year post-termination, the Employee shall not work for any direct competitor in India.",Non-Compete,Employment
"""Xencor Know-How"" means any and all Know-How, whether or not patented or patentable, (i) to the extent Controlled by Xencor or its Affiliates as of the Effective Date, or, if transferred to Aimmune thereafter during the Term of this Agreement, and that is necessary in connection with the Development, Manufacture, Commercialization or other use of the Antibody or Product or (ii) constituting a Xencor Invention. Notwithstanding the foregoing, in all cases, Xencor Know-How does not include (a) [***], (b) [***], (c) [***], (d) [***], (e) [***], or (f) [***].",License Grant,Original Corporate
"Either party may, at its election, assign this Agreement or          any of its rights or delegate any of its obligations hereunder, in          whole or in part, to any person, firm or corporation owning or          acquiring all or a substantial portion of its assets, to any person,          firm or corporation that is related to it as an affiliate,",Other Corporate,Original Corporate
The Seller covenants that they have absolute clear title to the property and full legal right to convey the same.,Possession & Transfer,Property
"Such license is granted solely in connection with NTC's rights and obligations under this Agreement and, in particular, for the purpose of licensing NTC to use the ALFA AESAR Trademark on the NTC web site as expressly contemplated herein for referral of customers of Research Quantities to ALFA AESAR and is a link/navigational button to the ALFA AESAR Site.",License Grant,Original Corporate
"Certegy hereby assigns, and shall cause each member of the Certegy Group to assign, to Equifax, or the respective Designated Equifax Member, all right, title and interest it may hold in and to such modifications, improvements, Equifax Enhancements and Derivative Works.",Intellectual Property,Original Corporate
Either party may terminate this employment agreement by giving 90 days' written notice or salary in lieu thereof.,Notice Period / Termination,Employment
"Subject to all terms and conditions of this Agreement, Sonos hereby grants to IAC and its Affiliates a non- exclusive, worldwide, nontransferable, royalty-free right and license to make copies of the software specified in the applicable Statement of Work solely as necessary to install and embed such software in the Product. I",License Grant,Original Corporate
"SutroVax agrees to purchase all its requirements of Extract from Sutro in accordance with this Agreement, except to the extent SutroVax is allowed to purchase Extract from (a) Alternate Suppliers engaged by Sutro in accordance with Section 2.15 of this Agreement; (b) a CMO engaged or established and authorized by Sutro under Section 3.l(d) of the License Agreement; or (c) a CMO authorized by Sutro under Section 3.l(e) of the License Agreement. Manufacturing of Extracts in breach of this Section 2.20 shall be deemed a material breach of this Agreement and the License Agreement by SutroVax.",Exclusivity,Original Corporate
"The Tenant shall pay a refundable security deposit of Rs. 85,000 before taking possession of the premises.",Security Deposit,Rental
The premises shall be occupied exclusively by the Tenant and their immediate family for housing purposes only.,Use of Premises,Rental
"Each Party shall promptly disclose to the other Party in writing, and shall cause its Affiliates, licensees and sublicensees to so disclose, the development, making, conception or reduction to practice of any Joint Know-How or Joint Patents.",Intellectual Property,Original Corporate
"The Tenant shall pay monthly rent of Rs. 35,000 to the Landlord on or before the 5th day of each calendar month.",Rent,Rental
"Subject to the terms set forth in this Agreement, North hereby grants to Company the right and privilege  to use North's Likeness and North's Endorsement during the Term and within the Contract Territory in all reasonable forms of advertising  including, but not limited to television (including the infomercial format), radio, print advertising, brochures, pamphlets, product packaging,  point-of-purchase materials, Company's  web-site and a demonstration video (hereinafter referred to as ""Advertising Materials"")  in connection with Company's advertisement and sale of the Endorsed Product only.",License Grant,Original Corporate
All legal relationships between the parties shall be subject to the laws of the Republic of India.,Governing Law,General
All legal relationships between the parties shall be subject to the laws of the Republic of India.,Governing Law,General
"Subject to written waivers that may be provided by the Company upon request, which shall not be unreasonably withheld, Consultant agrees that, during the term of this Agreement, Consultant will not directly or indirectly (i) participate in the formation of any business or commercial entity in the Field of Interest or otherwise competitive with the Company.",Non-Compete,Original Corporate
"By any of the PHL Parties, on the one hand, or ICC, on the other, providing one hundred and twenty  (120) days prior written notice to the other Parties.",Notice Period / Termination,Original Corporate
"The Agreement will be governed by and construed in         accordance with the laws of the State of California, notwithstanding the         actual state or country of residence or incorporation of Application         Provider.",Governing Law,Original Corporate
"The Lessee has paid a sum of INR 175,000 as interest-free security deposit to the Lessor, refundable upon termination.",Security Deposit,Rental
The Lessee shall use the leased premises solely for office space and commercial activities permitted by local laws.,Use of Premises,Rental
"PPG          Shanghai or any of its direct or indirect affiliates shall not sell any          of its products directly to the Auto Center or to any of the Auto          Center's affiliates in China or throughout the world, unless PPG          Shanghai obtains Distributor's written approval.",Exclusivity,Original Corporate
The premises shall be occupied exclusively by the Tenant and their immediate family for housing purposes only.,Use of Premises,Rental
All legal relationships between the parties shall be subject to the laws of the Republic of India.,Governing Law,General
"Upon termination of the Agreement, VerticalNet and LeadersOnline shall jointly own all User Data.",Intellectual Property,Original Corporate
ach such insurance policy and endorsement shall provide that the insurance will not be canceled or reduces without at least thirty (30) days' prior written notice to STAAR.,Other Corporate,Original Corporate
"Any dispute or difference arising out of this agreement shall be referred to sole arbitration in Pune under the Arbitration and Conciliation Act, 1996.",Arbitration & Dispute Resolution,General
"([***]) by the non-hiring Party in the immediately prior calendar year and, further, if the individual solicited and then hired in violation of this is a Key Person under Section 5.4.1(b) (Dedicated FTEs; Key Persons), then BLI shall have [***] ([***]) months to identify an employee as the individual to replace such Key Person and any (a) [***] or (b) [***], in each case (a)-(b), to the extent due to the absence of such Key Person performing a Workflow Development Plan upon which the Key Person was engaged, shall be deemed waived for that [***] month period.",Non-Compete,Original Corporate
the Co-Branded URLs shall be owned by the party that offers to pay the highest amount to the other for the ownership of such URLs upon payment of such amount to the other party,Intellectual Property,Original Corporate
The arbitration proceedings shall be conducted in English and the seat of arbitration shall be Kolkata.,Arbitration & Dispute Resolution,General
"Co-Host shall be the exclusive reseller of           software products (""Software"") at the Originating Locatio",Exclusivity,Original Corporate
All equipment supplied is covered by a manufacturer warranty of 90 days against manufacturing defects.,Warranty Duration,Service
"""Commencement Date"" means: 1st January 2013.",Effective Date & Parties,Original Corporate
The premises shall be used only for residential purposes. The Tenant shall not use the premises for any commercial activity.,Use of Premises,Rental
All technical and commercial data disclosed under this NDA shall remain the exclusive property of the Disclosing Party.,Confidentiality,NDA/Confidentiality
The Seller warrants that the goods will be free from material defects for a period of 24 months from delivery.,Warranty Duration,Service
"The Lessee has paid a sum of INR 49,000 as interest-free security deposit to the Lessor, refundable upon termination.",Security Deposit,Rental
"Upon execution of this deed, the Buyer shall become the sole and absolute owner of the scheduled property.",Possession & Transfer,Property
"Each of Customer and Kubient may be referred to herein individually as a ""Party"" and collectively as the ""Parties"".",Effective Date & Parties,Original Corporate
"For a period of 1 year post-termination, the Employee shall not work for any direct competitor in India.",Non-Compete,Employment
The covenant not to compete restricts the Employee from joining rival tech companies for 1 year in the region of Ahmedabad.,Non-Compete,Employment
"The Landlord shall be responsible for major structural repairs, while routine maintenance shall be borne by the Tenant.",Maintenance & Utilities,Rental
Either Party may terminate this Agreement for any reason upon providing 180 days prior written notice to the other Party prior to the expiration of the then-current term or unless sooner terminated in accordance with the terms of this Agreement.,Notice Period / Termination,Original Corporate
"The parties submit to the exclusive jurisdiction of the competent courts located within the city of New Delhi, India.",Jurisdiction & Venue,General
The premises shall be occupied exclusively by the Tenant and their immediate family for housing purposes only.,Use of Premises,Rental
"Licensor on behalf of itself and its Affliates hereby grants to Licensee the limited licenses to use and have used the Licensed Mark: (i) for the Licensed Products as set forth on Schedule 2; and (ii) as set forth on Schedule 1, concerning agreements entered into by Licensee prior to the Effective Date (""Existing Agreements""). For the avoidance of doubt, Licensor also grants to Licensee and its subsidiaries and affiliates a non-exclusive, worldwide royalty-free license for continued use of the Licensed Mark for the production and sale of inventory containing the Licensed Mark applied to such products during the Transition Period as set forth in section 8.2 of the Separation and Distribution Agreement and in Schedule 2 of this Agreement.",License Grant,Original Corporate
"During the probation period, either party may terminate employment by giving 15 days' notice.",Notice Period / Termination,Employment
The services described herein to be provided by Agency shall begin upon execution and delivery of the  Outsourcing Agreement and shall continue until termination of Contractor's activities to administer the Notes thereunder.,Notice Period / Termination,Original Corporate
"A monthly lease rent of Rs. 20,000 shall be paid by the Lessee to the Lessor in advance by the 1stth of every month.",Rent,Rental
The contract shall in all respects be governed by the laws of India.,Governing Law,General
"The Employee shall be on probation for a period of 6 months, extendable at the discretion of the Company.",Notice Period / Termination,Employment
"Notices shall be deemed served when delivered by hand, registered post, or confirmed email transmission.",Notices,General
"The parties submit to the exclusive jurisdiction of the competent courts located within the city of Pune, India.",Jurisdiction & Venue,General
"this  _____ day of _________, 20___",Effective Date & Parties,Original Corporate
"to the extent not previously assigned to PB pursuant to Section 11.1.1.4, SFJ shall, and it hereby does, assign sole and exclusive ownership of the Trial Data Package including the Research Results included therein to PB, such assignment to be effective in accordance with Section 11.1.1.4;",Intellectual Property,Original Corporate
"In no event shall either party be liable to the other for indirect, special, or consequential damages.",Limitation of Liability,General
All legal relationships between the parties shall be subject to the laws of the Republic of India.,Governing Law,General
"WLI at





its discretion will repair or replace the Equipment in accordance with the terms of this limited warranty and send it back to you.",Warranty Duration,Original Corporate
Society maintenance charges and property taxes shall be paid solely by the Landlord during the lease term.,Maintenance & Utilities,Rental
"Neither party shall be held liable for any delay or failure in performance due to acts of God, war, lockouts, or government restrictions.",Force Majeure,General
"In the absence of such notification, Astellas shall be deemed to have accepted the shipment.",Warranty Duration,Original Corporate
The total liability of the Company under this agreement shall be limited to the fees actually paid during the preceding 6 months.,Limitation of Liability,General
"The Employee shall receive a gross monthly salary of Rs. 96,000 subject to applicable tax deductions.",Salary/Compensation,Employment
"This Agreement shall become effective as of the Effective Date and, unless otherwise terminated in accordance with the provisions of Section 4 of this Agreement, will continue until the expiration of the Warranty Period as defined in subsection 9(a) of this Agreement.",Notice Period / Termination,Original Corporate
"Licensee agrees it shall not exchange, lease, sublease, distribute, assign, sell or otherwise transfer in any manner any right and/or interest  incident to the License Technology to any third party under any circumstances, without the prior written consent of the Licensor.",Other Corporate,Original Corporate
The Supplier agrees to supply the Products exclusively to the Buyer within the territory of India during the term.,Exclusivity,Business
"One month prior to the expiry of the Cooperation Term, the parties may further negotiate the cooperation forms, if fails, this Agreement will be terminated upon expiry.",Notice Period / Termination,Original Corporate
"The Tenant shall pay monthly rent of INR 58,000 to the Landlord on or before the 5th day of each calendar month.",Rent,Rental
"For the duration of the Agreement, the Client shall not engage any other service provider for similar consulting services.",Exclusivity,Business
"Licensee hereby does irrevocably transfer and assign to Fox any and all Moral Rights that Licensee may have in Fox's Intellectual Property Rights in and to the PSM and the Fox Intellectual Property and any derivative works thereof and shall cause Licensee's employees and contractors, including Licensee's developers of the Wireless Products, to do likewise.",Intellectual Property,Original Corporate
The parties shall present this document for registration before the Sub-Registrar of Hyderabad within 60 days.,Stamp Duty & Registration,Property
"All expenses relating to the registration of this sale deed, stamp paper, and advocate fees shall be paid by the Buyer.",Stamp Duty & Registration,Property
"Likewise, You may not target or solicit customers for Products by advertising in other Franchisees respective Exclusive Territories.",Non-Compete,Original Corporate
"W2E agrees not to engage in business dealings, discussions, or otherwise work directly with any third parties introduced to W2E  through SHBV, or to exploit any pre-existing relationship of SHBV with any third party that has been represented to W2E by SHBV,  without the prior consent and/or direct participation of SHBV.",Non-Compete,Original Corporate
"During the probation period, either party may terminate employment by giving 15 days' notice.",Notice Period / Termination,Employment
"Neither party shall, during the term of this Agreement and for one (1) year after its termination, solicit for hire as an employee, consultant or otherwise any of the other party's personnel who have had direct involvement with the Services, without such other party's express written consent, which shall not be unreasonably withheld.",Non-Compete,Original Corporate
"The parties submit to the exclusive jurisdiction of the competent courts located within the city of Pune, India.",Jurisdiction & Venue,General
"On or before the Launch Date, each party shall grant the other party a non-exclusive, non-transferable, revocable right to use their approved Marks, for the sole purpose of advertising, marketing, promotion and sale of the Co-Branded Service.",License Grant,Original Corporate
"If Vyera acquires any rights in the Trademarks, by operation of Applicable Law, or otherwise, such rights shall be deemed and are hereby irrevocably assigned to CytoDyn without further action by either Party.",Intellectual Property,Original Corporate
"This Supply Agreement shall commence on the Effective Date, and shall continue for a period of [***] unless terminated earlier in accordance with the terms of this Supply Agreement.",Notice Period / Termination,Original Corporate
"In no event shall either party be liable to the other for indirect, special, or consequential damages.",Limitation of Liability,General
This Agreement shall become effective on the Effective Date and shall       continue for a period of three (3) years unless terminated as provided in       Section 5.0.,Notice Period / Termination,Original Corporate
"EXCEPT WITH RESPECT TO LICENSEE'S INDEMNIFICATION OBLIGATIONS UNDER SECTION 7, NEITHER PARTY WILL BE LIABLE TO THE OTHER PARTY FOR SPECIAL, INDIRECT, CONSEQUENTIAL, EXEMPLARY, PUNITIVE OR INCIDENTAL DAMAGES (INCLUDING LOST PROFITS OR GOODWILL, BUSINESS",Limitation of Liability,Original Corporate
"By  requiring insurance herein, the Sponsor does not represent that coverage limits will necessarily be adequate to protect Racing.",Other Corporate,Original Corporate
"ENERGOUS may, at any time after the third anniversary of the Effective Date, terminate this Agreement with or without cause upon not less than one hundred and eighty (180) days prior written notice to DIALOG.",Notice Period / Termination,Original Corporate
All legal relationships between the parties shall be subject to the laws of the Republic of India.,Governing Law,General
"In no event shall either party be liable to the other for indirect, special, or consequential damages.",Limitation of Liability,General
"Nantz Communications and Nantz expressly agree that the Endorsement will not be granted to anyone other than the Company for use during the Term in connection with the advertisement and promotion of sportswear apparel, hats and shoes.",Exclusivity,Original Corporate
"For a period of 1 year post-termination, the Employee shall not work for any direct competitor in India.",Non-Compete,Employment
"For a period of 1 year post-termination, the Employee shall not work for any direct competitor in India.",Non-Compete,Employment
"Except with respect to any claim or liability arising from an infringement of any third party intellectual property right, in no event shall either party be liable for any special, indirect, consequential, punitive or incidental damages of any kind.",Limitation of Liability,Original Corporate
"For a period of 1 year post-termination, the Employee shall not work for any direct competitor in India.",Non-Compete,Employment
"The Tenant shall pay a refundable security deposit of Rs. 198,000 before taking possession of the premises.",Security Deposit,Rental
"The Landlord shall be responsible for major structural repairs, while routine maintenance shall be borne by the Tenant.",Maintenance & Utilities,Rental
"Upon the expiration of the Term, the Term shall automatically extend for successive 12-month periods until one Party terminates the Agreement by providing at least 180 days prior written notice to the other Party prior to the expiration of the then-current term or unless sooner terminated in accordance with the terms of this Agreement.",Notice Period / Termination,Original Corporate
Distributor may not sell or license Products directly to end use customers without the express written consent of NETGEAR.,Non-Compete,Original Corporate
"The term of this Agreement shall commence on January 10th, 2019 and shall expire on the day that is twenty-four (24) months from that date (the ""Term of Engagement"") unless terminated earlier in accordance with this Agreement.",Notice Period / Termination,Original Corporate
Society maintenance charges and property taxes shall be paid solely by the Landlord during the lease term.,Maintenance & Utilities,Rental
"Ono shall have the right, in accordance with this Section 2.2, to grant sublicenses under the Array Patents and Array Know-How to its Affiliates and to Third Parties, provided that Ono shall not engage a Third Party as either (i) a Sublicensee of the Product, or (ii) as a distributor of the Product, without Array's prior written consent.",License Grant,Original Corporate
"Any dispute or difference arising out of this agreement shall be referred to sole arbitration in Pune under the Arbitration and Conciliation Act, 1996.",Arbitration & Dispute Resolution,General
"Each of the foregoing parties is referred to herein as a ""Party"" and together as the ""Parties"".",Effective Date & Parties,Original Corporate
"Neither party shall be held liable for any delay or failure in performance due to acts of God, war, lockouts, or government restrictions.",Force Majeure,General
"Conformis by operation of law or by assignment by its employees or consultants; and to facilitate such assignment to Stryker,   Conformis agrees (i) to regularly ensure that its employees and consultants timely make any appropriate assignments to it of that   which constitutes Improved Stryker Background IP, and (ii) at Stryker's reasonable request, to execute and have its employees   and consultants execute, as necessary, all assignments and any other documentation necessary to perfect title in Stryker of such   Improved Stryker Background IP.",Intellectual Property,Original Corporate
"Neither party shall be held liable for any delay or failure in performance due to acts of God, war, lockouts, or government restrictions.",Force Majeure,General
"THIS REMARKETING AGREEMENT AND THE PRICING AGREEMENT SHALL BE GOVERNED BY AND CONSTRUED IN ACCORDANCE WITH THE LAWS OF THE STATE OF NEW YORK, WITHOUT REGARD TO PRINCIPLES OF CONFLICTS OF LAW TO THE EXTENT THAT SUCH PRINCIPLES WOULD REQUIRE OR PERMIT THE APPLICATION OF LAWS OF ANOTHER JURISDICTION.",Governing Law,Original Corporate
"All expenses relating to the registration of this sale deed, stamp paper, and advocate fees shall be paid by the Buyer.",Stamp Duty & Registration,Property
Any legal proceedings in connection with this agreement shall be initiated only in the competent courts in Hyderabad.,Jurisdiction & Venue,General
"The Lessee agrees to pay a monthly rent of INR 18,000 net of all deductions to the Lessor.",Rent,Rental
The courts of law at Hyderabad shall have exclusive jurisdiction to try and settle any disputes arising under this deed.,Jurisdiction & Venue,General
"(c) at any time following the second (2nd) anniversary of the First Commercial Sale of the Licensed Product, for any reason or no reason, upon one hundred eighty (180) days' written notice to CytoDyn.",Notice Period / Termination,Original Corporate
The contract shall in all respects be governed by the laws of India.,Governing Law,General
"NEITHER PARTY SHALL BE ENTITLED TO RECOVER FROM THE OTHER PARTY ANY SPECIAL, INCIDENTAL, CONSEQUENTIAL OR PUNITIVE DAMAGES IN CONNECTION WITH THIS AGREEMENT; provided however, that this Section 10.5 shall not be construed to limit (a) either Party's right to special, incidental or consequential damages for the other Party's breach of Article 8 or (b) either Party's indemnification rights or obligations under Article 11.",Limitation of Liability,Original Corporate
"Subject to Articles 5.1 and 5.2, the Parties acknowledge and agree that CERES shall have the exclusive right, with the right to grant  sublicenses to this right, to use and commercially exploit JOINT INTELLECTUAL PROPERTY (including but not limited to RELEASED  VARIETIES) and OTHER RESEARCH RESULTS for any and all uses and fields, including, but not limited to, use in the COLLABORATION  CROPS and crops other than the COLLABORATION CROPS.",License Grant,Original Corporate
"Subject to the terms and conditions hereof, Nantz      Communications grants to the Company the Endorsement throughout the world      during the Term in connection with the advertisement, promotion and sale by      the Company of Ashworth Products except in connection with Premium      Programs.",License Grant,Original Corporate
"Business Automobile Liability insurance if vehicles will be used in the performance of the Agreement with limits of at least $1,000,000 each accident for bodily injury and property damage, extending to all owned, hired, and non-owned vehicles. AT&T, its Affiliates and their directors, officers and employees shall be included as additional insureds on a primary and non-contributory basis.",Other Corporate,Original Corporate
"20th day of Friday, March 2020",Effective Date & Parties,Original Corporate
"The Employee shall receive a gross monthly salary of INR 145,000 subject to applicable tax deductions.",Salary/Compensation,Employment
All legal relationships between the parties shall be subject to the laws of the Republic of India.,Governing Law,General
Society maintenance charges and property taxes shall be paid solely by the Landlord during the lease term.,Maintenance & Utilities,Rental
"The term of this Agreement (the ""Term"") (a) shall commence on the first day of the Warranty Period for the first Bloom System to achieve Commencement of Operation and (b) shall, unless terminated earlier under Section 4.1 of this Agreement or unless extended by mutual agreement of the Parties, terminate on the date that is the last day of the Warranty Period for the last Bloom System to achieve Commencement of Operation.",Effective Date & Parties,Original Corporate
"In no event shall either party be liable to the other for indirect, special, or consequential damages.",Limitation of Liability,General
The Lessee shall use the leased premises solely for office space and commercial activities permitted by local laws.,Use of Premises,Rental
"The term of this Agreement shall commence on the Effective Date and shall continue for the longer of the first anniversary of the Effective Date or the duration of the Manufacturing and Distribution Agreement (the ""Term"").",Notice Period / Termination,Original Corporate
"The Employer agrees to pay the Employee a CTC of Rs. 57,000 per annum, paid in monthly installments.",Salary/Compensation,Employment
Vitamin Shoppe Industries Inc.,Effective Date & Parties,Original Corporate
The arbitration proceedings shall be conducted in English and the seat of arbitration shall be Mumbai.,Arbitration & Dispute Resolution,General
"The Employee shall be on probation for a period of 3 months, extendable at the discretion of the Company.",Notice Period / Termination,Employment
"The Lessee has paid a sum of Rs. 103,000 as interest-free security deposit to the Lessor, refundable upon termination.",Security Deposit,Rental
"The Tenant shall pay electricity, water, and gas charges based on actual consumption directly to the utility providers.",Maintenance & Utilities,Rental
The Seller covenants that they have absolute clear title to the property and full legal right to convey the same.,Possession & Transfer,Property
"(2) Recruit or hire any employee who, within the immediately  preceding          six (6) month period,  was employed by Pretzel Time or any Pretzel Time          Unit operated by Pretzel Time, its Affiliates or another  franchisee or          licensee  of  Pretzel  Time,   without   obtaining  the  prior  written          permission of Pretzel Time or such franchisee.",Non-Compete,Original Corporate
The parties shall present this document for registration before the Sub-Registrar of Chennai within 60 days.,Stamp Duty & Registration,Property
"The term of this Agreement shall be fifteen (15) years from the Effective Date, unless sooner terminated in accordance with the following  provisions of this Article:",Notice Period / Termination,Original Corporate
"The Village Media Company shall have the right to sublicense (a) the production and creation of the HOFV Works and (b) Exploitation of the PFHOF Works hereunder to any of its Affiliates; provided, that, Village Media Company shall (x) cause such sublicenses to comply with all terms and conditions of this Agreement and (y) not be relieved of any of its obligations under this Agreement as a result of any such sublicense, and will be primarily responsible for any acts or omissions of such sublicensees.",License Grant,Original Corporate
"Neither party shall be held liable for any delay or failure in performance due to acts of God, war, lockouts, or government restrictions.",Force Majeure,General
"Beijing Tuniu Technology Co., Ltd.",Effective Date & Parties,Original Corporate
Any legal proceedings in connection with this agreement shall be initiated only in the competent courts in Mumbai.,Jurisdiction & Venue,General
"Neither party shall be held liable for any delay or failure in performance due to acts of God, war, lockouts, or government restrictions.",Force Majeure,General
The initial term of this Agreement and any renewal term thereof shall be automatically extended at the end of the initial term and any renewal term thereof for an additional one (1) year period unless either Party notifies the other Party not less than six (6) months before the end of the then in effect term of its intent to terminate this Agreement,Notice Period / Termination,Original Corporate
"The Stamp Duty and registration charges of INR 15,000 shall be borne entirely by the Purchaser.",Stamp Duty & Registration,Property
The arbitration proceedings shall be conducted in English and the seat of arbitration shall be New Delhi.,Arbitration & Dispute Resolution,General
"The Employee shall receive a gross monthly salary of Rs. 189,000 subject to applicable tax deductions.",Salary/Compensation,Employment
"The Lessee agrees to pay a monthly rent of Rs. 47,000 net of all deductions to the Lessor.",Rent,Rental
"If performance is delayed by a force majeure event for more than 30 days, either party may terminate the contract.",Force Majeure,General
"The Employer agrees to pay the Employee a CTC of INR 210,000 per annum, paid in monthly installments.",Salary/Compensation,Employment
"Notwithstanding the above,  Bioamber shall be permitted to evaluate other biocatalysts, but shall not undertake development of such biocatalysts.",Exclusivity,Original Corporate
"All Joint Inventions shall be owned jointly by Theravance and GSK, and each Party hereby consents to the assignment or license or other disposition by the other Party of its joint interests in Joint Inventions without the need to seek the consent of the other Party to such assignment or license or other disposition; provided that any such assignment, license or other disposition shall at all times be subject to the grant of rights and accompanying conditions under Sections 2.1 and 2.2 and Article 14.",Intellectual Property,Original Corporate
"The Employee shall receive a gross monthly salary of Rs. 239,000 subject to applicable tax deductions.",Salary/Compensation,Employment
The Reseller shall be entitled to enter into agreements with its subsidiaries and affiliates to act as sub-distributors and/or selling agents of the Products in the Territory.,License Grant,Original Corporate
The Supplier agrees to supply the Products exclusively to the Buyer within the territory of India during the term.,Exclusivity,Business
"The Employee shall receive a gross monthly salary of INR 228,000 subject to applicable tax deductions.",Salary/Compensation,Employment
"The occurrence of a force majeure event (such as earthquake, flood, pandemic, or labor strike) shall suspend performance obligations.",Force Majeure,General
"Customer, upon thirty days prior written notice, may cancel this           Agreement at the end of the Initial Term and thereafter on each           anniversary of the end of the Initial Term.",Notice Period / Termination,Original Corporate
"Each Party will notify the other Party, in writing (""INVENTION NOTICE""), within thirty (30) days of reduction to practice or knowledge of  conception or discovery of JOINT INTELLECTUAL PROPERTY, and each INVENTION NOTICE will describe the JOINT INTELLECTUAL  PROPERTY with sufficient specificity to allow assessment by the other Party.",Intellectual Property,Original Corporate
"If performance is delayed by a force majeure event for more than 60 days, either party may terminate the contract.",Force Majeure,General
"The Tenant shall pay a refundable security deposit of INR 179,000 before taking possession of the premises.",Security Deposit,Rental
"Regardless of any other provision of this Agreement, VOTOCAST shall not be liable by reason of termination of this Agreement for compensation, reimbursement, or damages on account of the loss of prospective profits on anticipated sales, or on account of expenditures, investments, leases or other commitments made in connection with Licensee's business or otherwise, excluding any amounts paid by Licensee to VOTOCAST pursuant to the terms of this Agreement.",Limitation of Liability,Original Corporate
All notices under this agreement shall be in writing and sent to the address specified in the recitals.,Notices,General
"For the duration of the Agreement, the Client shall not engage any other service provider for similar consulting services.",Exclusivity,Business
"For a period of 6 months post-termination, the Employee shall not work for any direct competitor in India.",Non-Compete,Employment
"This Affiliate Agreement is executed as of the 14th day of December, 1997.",Effective Date & Parties,Original Corporate
"For a period of 1 year post-termination, the Employee shall not work for any direct competitor in India.",Non-Compete,Employment
"The Employee shall receive a gross monthly salary of INR 59,000 subject to applicable tax deductions.",Salary/Compensation,Employment
"The Tenant shall pay electricity, water, and gas charges based on actual consumption directly to the utility providers.",Maintenance & Utilities,Rental
"Subject to the terms and               --------------------------------                           conditions of this Agreement, NTL, to the extent of its legal right to do so, hereby grants to Entrust under the Nortel Patents, a non-transferable, non- assignable, indivisible, non-exclusive, royalty-free, worldwide license for Licensed Products and Licensed Services.",License Grant,Original Corporate
"As provided for in this Section 1, the term of this Agreement shall be for a period of five (5) years, beginning on the Effective Date (the ""Initial Term""); provided, however, the Initial Term shall be subject to automatic successive renewal terms of three (3) years each (the ""Renewal Terms"" and together with the Initial Term, the ""Term"").",Notice Period / Termination,Original Corporate
TL will trademark the series name in joint                   names of TL and Integrity.,Intellectual Property,Original Corporate
"The Employee shall receive a gross monthly salary of Rs. 85,000 subject to applicable tax deductions.",Salary/Compensation,Employment
"A security deposit of Rs. 142,000 shall be deposited with the Landlord to secure performance under this lease.",Security Deposit,Rental
All equipment supplied is covered by a manufacturer warranty of one year against manufacturing defects.,Warranty Duration,Service
The Lessee shall use the leased premises solely for office space and commercial activities permitted by local laws.,Use of Premises,Rental
"During the Term and for a period of twelve (12) months thereafter Network Affiliate will not, without NCM's prior written  consent, either alone or in concert with others directly or indirectly solicit, entice, induce, or encourage:",Non-Compete,Original Corporate
All notices under this agreement shall be in writing and sent to the address specified in the recitals.,Notices,General
"The term (the ""Term"") shall commence on November 1, 2007 and end on October 31, 2008 (unless terminated earlier in accordance with the General Provisions).",Effective Date & Parties,Original Corporate
Party B's use of the Platform and the acquisition of any information by using the Platform are solely at Party B's independent judgment and is at Party B's own risk (including but not limited to the losses caused by damage to Party B's computer system or mobile phone system or loss of data.),Limitation of Liability,Original Corporate
"The term of this Agreement shall continue for a period of five years following the initial date of execution of the Memorandum, unless terminated earlier pursuant to Section 6.2 or Section 2.8 (""Initial Term"").",Notice Period / Termination,Original Corporate
"If performance is delayed by a force majeure event for more than 30 days, either party may terminate the contract.",Force Majeure,General
All legal relationships between the parties shall be subject to the laws of the Republic of India.,Governing Law,General
"The Lessee agrees to pay a monthly rent of Rs. 61,000 net of all deductions to the Lessor.",Rent,Rental
All information obtained by Ehave and its Auditors during any such Audit shall be kept confidential and shall be considered CHT's Confidential Information.,Other Corporate,Original Corporate
"This Agreement shall be interpreted, construed and enforced in all respects in accordance with the laws of the State of Illinois, except with regards to its rules regarding choice of law.",Governing Law,Original Corporate
"If the Term is renewed as described in Section 2(b), Network and Affiliate will negotiate exclusively and in good faith concerning further renewal of this Agreement upon mutually-agreed terms and conditions; provided, that unless Network and Affiliate otherwise agree in writing, the exclusive negotiation period will end six (6) months before the expiration of the Term.",Notice Period / Termination,Original Corporate
"Changepoint will replace          any defective media returned to Changepoint during the Warranty Period.          In the event any such breach of warranty can not be reasonably          corrected at Changepoint's sole expense, Corio has the right to





         terminate this Agreement and receive a",Limitation of Liability,Original Corporate
The courts of law at Ahmedabad shall have exclusive jurisdiction to try and settle any disputes arising under this deed.,Jurisdiction & Venue,General
"17.1.2. Divert or attempt to divert any business or customer, or potential business or customer, to any Competitive Business;",Non-Compete,Original Corporate
"ALFA AESAR agrees not to manufacture, buy, sell, distribute, deal in or be the agent for any products with the specifications of any of the Products, excluding any preexisting ALFA AESAR products.",Exclusivity,Original Corporate
"The parties submit to the exclusive jurisdiction of the competent courts located within the city of Kolkata, India.",Jurisdiction & Venue,General
"this ____ day of ___________, 2000,",Effective Date & Parties,Original Corporate
The Seller warrants that the goods will be free from material defects for a period of 24 months from delivery.,Warranty Duration,Service
"This Agreement shall be governed by, interpreted, and construed in accordance with the substantive laws of India.",Governing Law,General
"During the probation period, either party may terminate employment by giving 7 days' notice.",Notice Period / Termination,Employment
"For greater certainty, ""New Technology"" shall exclude any (x) modification to Philips pre-existing Intellectual Property Rights (which, shall exclude any Intellectual Property Rights forming part of the ""Purchased Assets"" under the Purchase Agreement) and (y) developments developed not for the Products (collectively, ""Philips Retained Product IP'), provided that Philips and its Affiliates hereby grant to Customer under any such Intellectual Property Rights, which are applicable or used for the manufacturing of the Product, a non- exclusive, non-transferable (except in accordance with clause 18.4 (Assignment)), irrevocable, world-wide, fully paid-up license, without the right to grant sub-licenses, to make, have made, sell or commercialize in any other way the Product.",License Grant,Original Corporate
The Employee shall not engage in any business competing with the Employer's activities during employment and for 1 year thereafter.,Non-Compete,Employment
All legal relationships between the parties shall be subject to the laws of the Republic of India.,Governing Law,General
The courts of law at Ahmedabad shall have exclusive jurisdiction to try and settle any disputes arising under this deed.,Jurisdiction & Venue,General
policy or policies evidenced thereby shall not be canceled or modified without thirty (30) days advance written notice.,Other Corporate,Original Corporate
"The Employee shall receive a gross monthly salary of INR 137,000 subject to applicable tax deductions.",Salary/Compensation,Employment
"A monthly lease rent of Rs. 43,000 shall be paid by the Lessee to the Lessor in advance by the 10thth of every month.",Rent,Rental
"Logan's shall have the exclusive use of the hood, the rear quarter panel area above the tire and the bottom of the deck lid (rear facing panel, TV panel) of the Race Car, as shown on Exhibit C to this Agreement.",Exclusivity,Original Corporate
"No party may assign any of its rights, obligations or privileges (except by operation of law or other corporate reorganization) hereunder without the prior written consent of the other party, which shall not be unreasonable withheld, provided, that any party shall have the right to assign its rights, obligations and privileges hereunder to a successor in business or an acquirer of all or substantially all of its business or assets to which this Agreement pertains without obtaining the consent of the other party.",Other Corporate,Original Corporate
"MINDA/MIL, since it will have access to the Technical Know-How which it would not have had otherwise, expressly agree that:



(a)   during the term of the Agreement, and thereafter for a period of five (5) years after the termination of the Agreement (such termination being termination by IMPCO due to default by MINDA/MIL), MIL/MINDA shall not, directly or indirectly, either alone or collectively or through any of its associates, affiliates, including subsidiaries or any entity owned or controlled by it enter into another joint venture agreement or marketing/distribution agreement with any company or persons in respect   15





  of the marketing and sale of goods similar to the Products in the Territory. by using the Technical Know-How",Non-Compete,Original Corporate
"Go                Call, upon ten (10) days written notice, shall have the right to                examine the books and records of PageMaster Corporation to verify                the sales resulting from this promotion.",Other Corporate,Original Corporate
"Notices shall be deemed served when delivered by hand, registered post, or confirmed email transmission.",Notices,General
"The Lessee has paid a sum of INR 101,000 as interest-free security deposit to the Lessor, refundable upon termination.",Security Deposit,Rental
"During the probation period, either party may terminate employment by giving 15 days' notice.",Notice Period / Termination,Employment
We shall give you written notice of our election not to renew the franchise at least three (3) months prior to the expiration of the initial or first renewal term of this Agreement.,Notice Period / Termination,Original Corporate
Either party may terminate this employment agreement by giving 2 months' written notice or salary in lieu thereof.,Notice Period / Termination,Employment
"Except for the joint marketing efforts referred to in Section 3.1 (v)        above, Dynamex agrees not to directly or indirectly solicit overnight        freight from customers of Purolator.",Non-Compete,Original Corporate
"The software warranty period shall be 24 months, during which the Licensor will fix any critical bugs free of charge.",Warranty Duration,Service
The courts of law at Bengaluru shall have exclusive jurisdiction to try and settle any disputes arising under this deed.,Jurisdiction & Venue,General
Supply of drugs/medications and spare parts during and after the warranty period.,Warranty Duration,Original Corporate
"The Tenant shall pay monthly rent of INR 25,000 to the Landlord on or before the 5th day of each calendar month.",Rent,Rental
"this ______ day of ________________, 2013,",Effective Date & Parties,Original Corporate
interest to the Joint Venture without the unanimous written consent of the remaining Participants.,Non-Compete,Original Corporate
"THE FOREGOING WARRANTIES AND LIMITATIONS ARE EXCLUSIVE REMEDIES AND ARE IN LIEU OF ALL OTHER WARRANTIES EXPRESS OR IMPLIED, INCLUDING WITHOUT ANY LIMITATION WARRANTY OF MERCHANTABILITY OR FITNESS FOR A PARTICULAR PURPOSE.",Limitation of Liability,Original Corporate
"Unless terminated earlier pursuant to Section 12.2 below, the initial term of this Agreement shall expire on 31 December 2024 (the ""Initial Term"") unless the Parties mutually agree in writing any extension to the Initial Term.",Notice Period / Termination,Original Corporate
"Customer hereby grants to IBM, its Affiliates and Subcontractors all rights and licenses to, or agrees to promptly obtain and keep in effect Required Consents for all Customer Components, necessary for IBM to perform all of its obligations as set forth in this Agreement.",License Grant,Original Corporate
The total liability of the Company under this agreement shall be limited to the fees actually paid during the preceding 12 months.,Limitation of Liability,General
"(It is expressly understood by the parties that CONSULTANT may play [* ****] clubs in the bag other than ADAMS GOLF clubs including, but not limited to, a putter by a manufacturer other than ADAMS GOLF but may not endorse those clubs and/or putter.)",Exclusivity,Original Corporate
"The software warranty period shall be 90 days, during which the Licensor will fix any critical bugs free of charge.",Warranty Duration,Service
"This Agreement shall commence on March 15, 2018 and will expire on March 14, 2020 unless terminated earlier pursuant to Section 13 of the Agreement (the ""Term"").",Effective Date & Parties,Original Corporate
"The Employee shall receive a gross monthly salary of Rs. 40,000 subject to applicable tax deductions.",Salary/Compensation,Employment
"This Agreement shall be governed by, interpreted, and construed in accordance with the substantive laws of India.",Governing Law,General
"The parties submit to the exclusive jurisdiction of the competent courts located within the city of Chennai, India.",Jurisdiction & Venue,General
"For the duration of the Agreement, the Client shall not engage any other service provider for similar consulting services.",Exclusivity,Business
"This contract shall be effective as of November 1, 2002, and shall remain in force and effect, unless modified as per Exhibit B, until October 31, 2012.",Effective Date & Parties,Original Corporate
"Thereafter, the agreement shall automatically renew for successive five (5)-year terms, unless either Party gives written notice to the other Party of intent not to renew at least six (6) months prior to the expiration of the then-current Term.",Notice Period / Termination,Original Corporate
"Effective Date"" shall mean December 5, 2014.",Effective Date & Parties,Original Corporate
The arbitration proceedings shall be conducted in English and the seat of arbitration shall be Kolkata.,Arbitration & Dispute Resolution,General
Any legal proceedings in connection with this agreement shall be initiated only in the competent courts in Ahmedabad.,Jurisdiction & Venue,General
"Any dispute or difference arising out of this agreement shall be referred to sole arbitration in Pune under the Arbitration and Conciliation Act, 1996.",Arbitration & Dispute Resolution,General
"The Lessee has paid a sum of INR 44,000 as interest-free security deposit to the Lessor, refundable upon termination.",Security Deposit,Rental
"By either Vendor or Distributor, upon written notice of termination of this Agreement no later than ninety (90) calendar days prior to the expiration of the relevant Term, then in effect;",Notice Period / Termination,Original Corporate
"Notwithstanding the foregoing, nothing herein shall restrict or preclude the Parties' right to make generalized searches for employees by way of a general solicitation for employment placed in a trade journal, newspaper or website.",Non-Compete,Original Corporate
"If performance is delayed by a force majeure event for more than 30 days, either party may terminate the contract.",Force Majeure,General
"""Harpoon Patents"" means all of the Patents that are (a) Controlled by Harpoon or any of its Affiliates as of the Effective Date or at any time during the Term and (b) necessary or reasonably useful (or, with respect to Patent applications, would be necessary or reasonably useful if such Patent applications were to issue as Patents) for the Exploitation of any Licensed Compound or any Licensed Product, but excluding Joint Patents. The Harpoon Patents include the Existing Patents.",License Grant,Original Corporate
The Receiving Party agrees to keep all proprietary information confidential and protect it with reasonable care.,Confidentiality,NDA/Confidentiality
The Lessee shall use the leased premises solely for office space and commercial activities permitted by local laws.,Use of Premises,Rental
The arbitration proceedings shall be conducted in English and the seat of arbitration shall be Hyderabad.,Arbitration & Dispute Resolution,General
All technical and commercial data disclosed under this NDA shall remain the exclusive property of the Disclosing Party.,Confidentiality,NDA/Confidentiality
No party shall disclose the terms or financial details of this transaction to any third party without written consent.,Confidentiality,NDA/Confidentiality
"products or services to an ICC Client or Certificate Owner other than the GIE, if such ICC Client or Certificate Owner is identified  from information any of the PHL Parties, any of their Affiliates, or any of their respective officers, directors, employees, agents,  or representatives, obtain pursuant to any of the Transaction Documents or any transaction contemplated thereunder.",Non-Compete,Original Corporate
The premises shall be used only for residential purposes. The Tenant shall not use the premises for any commercial activity.,Use of Premises,Rental
We may immediately terminate this Agreement on notice to you and without any opportunity to cure the default if:,Non-Compete,Original Corporate
"eBix may terminate this Agreement, [**] upon [**] to About; provided,       however, that the termination is no earlier than [**] of the Effective       Date of this Agreement.",Notice Period / Termination,Original Corporate
"""Contract Period"" shall mean that period of time commencing on                   January 1, 2000 and concluding December 31, 2003, unless                   terminated sooner as provided herein.",Effective Date & Parties,Original Corporate
"Neither party shall be held liable for any delay or failure in performance due to acts of God, war, lockouts, or government restrictions.",Force Majeure,General
"Each Seller agrees that for a period commencing on the Effective Date and ending three years after the Closing Date (the ""Non-Solicit Period""), each Seller shall not, directly or indirectly: (i) induce, solicit, recruit or attempt to persuade any employee of the Combined Business to terminate his or her employment with the Buyer or any of its subsidiaries, or (ii) solicit the employment of any of the employees of the Combined Business.",Non-Compete,Original Corporate
"Recipient shall own, and Provider hereby irrevocably assigns to the Recipient, all rights, title, and interest in any invention, technique, process, device, discovery, improvement, or know-how, whether patentable or not and all other proprietary rights, industrial rights and any other similar rights, in each case on a worldwide basis, and all copies and tangible embodiments thereof, or any part thereof, in whatever form or medium hereafter made or conceived solely or jointly by Provider while working for or on behalf of the Recipient, which relate to, is suggested by, or results from the Services.",Intellectual Property,Original Corporate
"Roche shall exclusively own, and FMI shall assign to Roche, all intellectual property arising from the Immunotherapy Testing Platform Development that Covers methods of treatment, stratifying patients, or identifying patients that would benefit from a particular treatment, and all other methods useful in connection with the therapeutic treatment of a patient.",Intellectual Property,Original Corporate
"The Lessee agrees to pay a monthly rent of Rs. 61,000 net of all deductions to the Lessor.",Rent,Rental
"The parties submit to the exclusive jurisdiction of the competent courts located within the city of Kolkata, India.",Jurisdiction & Venue,General
"19.3.3 Own, maintain, develop, operate, engage in, franchise or license, make loans to, lease real or personal property to, be associated with, accept any compensation or remuneration from, and/or have any whatsoever interest in, or render services or give advice to, any Competitive Business.",Non-Compete,Original Corporate
The maximum aggregate liability of the Vendor shall not exceed the sum of INR 4 Lakhs.,Limitation of Liability,General
"A security deposit of Rs. 60,000 shall be deposited with the Landlord to secure performance under this lease.",Security Deposit,Rental
"The Employer agrees to pay the Employee a CTC of INR 131,000 per annum, paid in monthly installments.",Salary/Compensation,Employment
"Disputes shall be resolved by arbitration in accordance with the rules of the Indian Arbitration Act, with the venue of arbitration in Chennai.",Arbitration & Dispute Resolution,General
"Notices shall be deemed served when delivered by hand, registered post, or confirmed email transmission.",Notices,General
Either party may terminate this employment agreement by giving 2 months' written notice or salary in lieu thereof.,Notice Period / Termination,Employment
"Skype further agrees that in the event that, prior to such time as the Company-Skype Branded Application is updated or upgraded to include the Mobile Technology, Skype or any of its Affiliates makes available to Skype users a new software product which allows access to services available through the Skype Software but on or through mobile communication devices (but in any event excluding Skype Zones), it will license that software product to the Company and Online BVI on the terms and conditions set forth in this Agreement with respect to the Skype Software and the Company-Skype Branded Application customized therefrom, and references to the Skype Software in this Agreement shall be deemed to include such software product.",License Grant,Original Corporate
"Any dispute or difference arising out of this agreement shall be referred to sole arbitration in Kolkata under the Arbitration and Conciliation Act, 1996.",Arbitration & Dispute Resolution,General
The Seller warrants that the goods will be free from material defects for a period of 12 months from delivery.,Warranty Duration,Service
The total liability of the Company under this agreement shall be limited to the fees actually paid during the preceding 6 months.,Limitation of Liability,General
"Following the Initial Term, either Party may terminate this Agreement without cause upon written notice to the other Party of at least 3 months.",Notice Period / Termination,Original Corporate
"For the duration of the Agreement, the Client shall not engage any other service provider for similar consulting services.",Exclusivity,Business
All equipment supplied is covered by a manufacturer warranty of one year against manufacturing defects.,Warranty Duration,Service
"Integrity will hold exclusive                   worldwide rights to promote and sell the product to/through                   the following distribution channels: Christian retail (CBA or                   Christian Booksellers Association markets), direct mail                   (including continuity sales, church sales, digital and                   e-commerce sales.)",Exclusivity,Original Corporate
"This Agreement shall commence on the Effective Date and, unless sooner terminated in accordance with its terms, including by Ginkgo pursuant to Section 7.3 (Buy-Down Election) or extended by the mutual written agreement of the Parties, shall continue until the Intended End of Term (such time period, as may be extended pursuant to this Section 13.3.1 (Term - General), the ""Term""); provided that, if,",Notice Period / Termination,Original Corporate
"The Landlord shall be responsible for major structural repairs, while routine maintenance shall be borne by the Tenant.",Maintenance & Utilities,Rental
"Upon the termination of this Agreement, Aimmune will promptly, in each case within [***] ([***]) days thereafter:

(a) assign to Xencor, [***], all of Aimmune's right, title and interest in and to any agreements (or portions thereof) between Aimmune and Third Parties that relate to the Development, Commercialization or Manufacture of the Product, where such assignment is permitted without charge to Aimmune or its Affiliates and where Xencor shall assume all future payments due under any agreement assigned pursuant to this subsection;

(b) assign to Xencor, [***], and subject to the execution of a standard trademark license between the Parties prior to such assignment, all of Aimmune's right, title and interest in and to any (i) Promotional Materials, (ii) copyrights and trademarks (including the Product Trademarks and Product Trade Dress), including any goodwill associated therewith, and any registrations and design patents for the foregoing, and (iii) any internet domain name registrations for such trademarks and slogans, all to the extent solely related to the Product; provided, however, in the event Xencor exercises such right to have assigned such Promotional Materials, Aimmune shall grant, and hereby does grant, a royalty-free right and license to any housemarks, trademarks, names and logos of Aimmune contained therein for a period of [***] ([***]) months in order to use such Promotional Materials solely in connection with the Commercialization of the Product;

(c) assign to Xencor, [***], the management and continued performance of any Clinical Trials for the Product ongoing hereunder as of the effective date of such termination in respect of which Xencor shall assume full financial responsibility from and after the effective date of such termination;

(d) transfer to Xencor all of Aimmune's right, title and interest in and to any and all regulatory filings, Regulatory Approvals and other Regulatory Materials for the Product;",Intellectual Property,Original Corporate
"The Employee shall be on probation for a period of 3 months, extendable at the discretion of the Company.",Notice Period / Termination,Employment
"For clarity, ENERGOUS shall not intentionally supply Products, Product Die or comparable products or product die to customers directly or through distribution channels.",Non-Compete,Original Corporate
The parties shall present this document for registration before the Sub-Registrar of Kolkata within 60 days.,Stamp Duty & Registration,Property
"Surgical agrees that, at the request of Imprimis, Surgical will execute all such documents and perform all such acts as Imprimis or its duly authorized agents may reasonably require: (a) to effect the assignment of Work Product as agreed above; (b) to apply for, obtain, and vest in the name of Imprimis alone patents, patent applications, copyrights or other intellectual property rights in any country and (c) at Imprimis' expense, to assist Imprimis in prosecuting any such rights.",Intellectual Property,Original Corporate
"The Tenant shall pay monthly rent of Rs. 60,000 to the Landlord on or before the 7th day of each calendar month.",Rent,Rental
"If performance is delayed by a force majeure event for more than 30 days, either party may terminate the contract.",Force Majeure,General
"All expenses relating to the registration of this sale deed, stamp paper, and advocate fees shall be paid by the Buyer.",Stamp Duty & Registration,Property
Argo Medical Technologies Ltd.,Effective Date & Parties,Original Corporate
The Receiving Party agrees to keep all proprietary information confidential and protect it with reasonable care.,Confidentiality,NDA/Confidentiality
Reseller shall not obtain the           TouchStar Software or Support Services (or any software or services           which compete with the TouchStar Software) for sale from any Entity           other than TouchStar or its authorized agents.,Exclusivity,Original Corporate
"During the Consultation Period and for a period of one year thereafter, the Consultant shall not, either alone or in association with others, (i) solicit, or permit any organization directly or indirectly controlled by the Consultant to solicit, any employee of the Company to leave the employ of the Company; or (ii) solicit for employment, hire or engage as an independent contractor, or permit any organization directly or indirectly controlled by the Consultant to solicit for employment, hire or engage as an independent contractor, any person who is employed or engaged by the Company; provided, that this clause (ii) shall not apply to any individual whose employment with the Company has been terminated for a period of six months or longer.",Non-Compete,Original Corporate
"AIG shall have the absolute right to terminate this Agreement upon thirty (30) days' prior written notice to the Company, which notice shall state the effective date of termination (the ""Termination Date""); provided, however, that AIG agrees not to terminate this Agreement unless (a) AIG significantly modifies the",Notice Period / Termination,Original Corporate
The covenant not to compete restricts the Employee from joining rival tech companies for 1 year in the region of Bengaluru.,Non-Compete,Employment
"The Employer agrees to pay the Employee a CTC of INR 97,000 per annum, paid in monthly installments.",Salary/Compensation,Employment
"For clarity the grant of any license under any Invention or assignment of any Invention by either Party does not include any license under any of such Party's Background IP, even where such Background IP dominates or encompasses any Invention.",License Grant,Original Corporate
The premises shall be used only for residential purposes. The Tenant shall not use the premises for any commercial activity.,Use of Premises,Rental
"Kallo may directly, or through its Agent at any time during normal business hours, upon no less than 10  business days' notice, and for any reason inspect such records and other financial information relevant to Kallo  Mobile care suite of products as sold by Agent to its end users, solely for the purpose of verifying amounts due  under this Agreement.",Other Corporate,Original Corporate
The present Agreement is effective as from 1 January 2009,Effective Date & Parties,Original Corporate
The maximum aggregate liability of the Vendor shall not exceed the sum of INR 8 Lakhs.,Limitation of Liability,General
"Each of Depomed and King is referred to herein individually as a ""party"" and collectively as the ""parties.""",Effective Date & Parties,Original Corporate
"A monthly lease rent of Rs. 33,000 shall be paid by the Lessee to the Lessor in advance by the 10thth of every month.",Rent,Rental
"All expenses relating to the registration of this sale deed, stamp paper, and advocate fees shall be paid by the Buyer.",Stamp Duty & Registration,Property
"1st day of                                                                --- November, 2003",Effective Date & Parties,Original Corporate
"Ownership of any works to be created jointly by the          parties, including all copyrights, patents, trade secret rights,          trademarks and other intellectual property rights therein, shall be          decided by the parties at the commencement of such joint efforts.",Intellectual Property,Original Corporate
The warranty period for workmanship and all Services provided,Warranty Duration,Original Corporate
All technical and commercial data disclosed under this NDA shall remain the exclusive property of the Disclosing Party.,Confidentiality,NDA/Confidentiality
"Except in the event of (i) Third Party Claims subject to a Party's indemnification obligations pursuant to Section 10.1, (ii) Third Party Claims subject to a Party's indemnification obligations pursuant to Section 10.2, (iii) the gross negligence, fraud or willful misconduct of a Party or its Personnel, (iv) a Party's willful breach of this Agreement, (v) a breach of Section 13 or (vi) customer liabilities pursuant to, and subject to the limitations set forth in, Section 2.5(e), neither Party's aggregate liability to the other Party (or its Personnel that are indemnitees under Section 10.1 or Section 10.2, as applicable) under this Agreement for the initial twelve (12) month period immediately following the Effective Date, and for any twelve (12) month period thereafter during the Term, shall exceed, on a cumulative basis, the amount that is one and one half (11∕2) times the aggregate amounts paid or payable pursuant to this Agreement in the preceding twelve (12) month period preceding the loss date by Customer to Manufacturer but solely with respect to the supply hereunder of Product (or Products) for which such corresponding liability arose (the ""Affected Products"") and not any other Products (or if, as of the time the liability arises, this Agreement has not been in effect for twelve (12) months, then the amounts paid or payable by Customer to Manufacturer hereunder during the period from the Effective Date until such time the liability arises, shall be annualized to a full twelve (12) months but solely with respect to the supply hereunder of the Affected Product(s) and not any other Products).",Limitation of Liability,Original Corporate
"The Stamp Duty and registration charges of Rs. 135,000 shall be borne entirely by the Purchaser.",Stamp Duty & Registration,Property
"Any dispute or difference arising out of this agreement shall be referred to sole arbitration in Kolkata under the Arbitration and Conciliation Act, 1996.",Arbitration & Dispute Resolution,General
"(a) Notwithstanding Section 3.01, Honeywell hereby grants, and agrees to cause the members of the Honeywell Group to hereby grant, to SpinCo and the members of the SpinCo Group, for a period of ten (10) years after the Distribution Date (unless earlier terminated in accordance with Section 3.03(c)), a non-exclusive, royalty-free, fully-paid, non-sublicenseable, non-transferable, worldwide license to use and reproduce the Honeywell Content solely for the SpinCo Group's internal business purposes.",License Grant,Original Corporate
The Employee shall not engage in any business competing with the Employer's activities during employment and for 12 months thereafter.,Non-Compete,Employment
"For a period of 12 months post-termination, the Employee shall not work for any direct competitor in India.",Non-Compete,Employment
"SpinCo and RemainCo agree and acknowledge that, although RemainCo was responsible for publishing the current forty-second (42nd) edition of the Steam Book, as of the Distribution Date, all rights, responsibilities, duties and obligations related to the publication, distribution and sale of this edition shall be transferred to SpinCo.",Intellectual Property,Original Corporate
"Ownership of intellectual         property rights to any enhancements, modifications or derivative works         to the Software itself which may be developed jointly by the parties or         solely by Corio shall be negotiated by the parties prior to the start of         any such development work.",Intellectual Property,Original Corporate
The premises shall be occupied exclusively by the Tenant and their immediate family for housing purposes only.,Use of Premises,Rental
"""Company Licensed Copyrights"" means all Copyrights and registrations and applications for any of the foregoing owned by any Company Entity as of the Effective Date and used or held for use in the Arizona Field as of the Effective Date.",License Grant,Original Corporate
"The Lessee has paid a sum of INR 129,000 as interest-free security deposit to the Lessor, refundable upon termination.",Security Deposit,Rental
All sales towards customers for bunker fuel will be carried out exclusively by Bunker One in accordance to the terms set forth herein. As such all communication with customers shall go via Bunker One unless otherwise is specific written agreed in advance.,Exclusivity,Original Corporate
"The Vendor hereby sells, transfers, and conveys all rights, title, and interest in the Property to the Purchaser.",Possession & Transfer,Property
"The software warranty period shall be 24 months, during which the Licensor will fix any critical bugs free of charge.",Warranty Duration,Service
The premises shall be used only for residential purposes. The Tenant shall not use the premises for any commercial activity.,Use of Premises,Rental
"Any dispute or difference arising out of this agreement shall be referred to sole arbitration in Ahmedabad under the Arbitration and Conciliation Act, 1996.",Arbitration & Dispute Resolution,General
"CONTENT PROVIDER further grants to COMPANY (i) the right to sublicense the Content to COMPANY'S wholly-owned subsidiaries or to joint ventures in which COMPANY participates for the sole purpose of using, reproducing, distributing, transmitting and publicly displaying the Content in accordance with this Agreement; and, (ii) the right, in COMPANY'S discretion, to use and exploit the Content at one or more other web sites in addition to or in lieu of the web sites referred to in the recital above (the web sites referred to above and any other web sites in addition to or in lieu thereof where COMPANY, its subsidiaries or joint ventures in which it might participate might use or exploit the Content are hereinafter collectively referred to as the ""Web site"").",License Grant,Original Corporate
"The Landlord shall be responsible for major structural repairs, while routine maintenance shall be borne by the Tenant.",Maintenance & Utilities,Rental
"A security deposit of INR 77,000 shall be deposited with the Landlord to secure performance under this lease.",Security Deposit,Rental
"Following the Initial Term, the Agreement shall automatically be renewed for additional periods of **** (each, a ""Renewal Term,"" and, together with the Initial Term, the ""Term"")), unless a Party provides written notification of non-renewal to the other Party at least **** of the Initial Term or a Renewal Term.",Notice Period / Termination,Original Corporate
Parties can mutually agree in writing to deviate from an automatic extension of *** by extending this Agreement for a longer period than ***.,Notice Period / Termination,Original Corporate
"This Letter of Authorization will be governed by and construed in accordance with the laws of California, excluding its conflict of laws provisions, and be subject to the non-exclusive jurisdiction of the California courts.",Governing Law,Original Corporate
"Notices shall be deemed served when delivered by hand, registered post, or confirmed email transmission.",Notices,General
All legal relationships between the parties shall be subject to the laws of the Republic of India.,Governing Law,General
All equipment supplied is covered by a manufacturer warranty of 90 days against manufacturing defects.,Warranty Duration,Service
"The compensation of the Employee shall be Rs. 151,000 per month, payable in accordance with Company policy.",Salary/Compensation,Employment
"During the probation period, either party may terminate employment by giving 15 days' notice.",Notice Period / Termination,Employment
"Neither the Company nor the Consultant shall be liable for any consequential loss, including but not limited to, claims for loss of profit, revenue or capital, loss of use of utilities, equipment or facilities, down-time cost, service interruption, cost of money, injury or damage of any character whatsoever.",Limitation of Liability,Original Corporate
"Employers' Liability Insurance. Occurrence based coverage with a limit of at least $10,000,000 per occurrence or any greater limits set by Applicable Law workplace and work related injuries and illnesses to the employees of a Party. Requires waiver of alternate employer endorsement.",Other Corporate,Original Corporate
The covenant not to compete restricts the Employee from joining rival tech companies for 1 year in the region of Ahmedabad.,Non-Compete,Employment
"If performance is delayed by a force majeure event for more than 60 days, either party may terminate the contract.",Force Majeure,General
The initial term of this Agreement shall          ----------------------- commence on the Effective Date and end on the fifth anniversary of the Effective Date.,Notice Period / Termination,Original Corporate
"In no event shall either party be liable to the other for indirect, special, or consequential damages.",Limitation of Liability,General
The premises shall be occupied exclusively by the Tenant and their immediate family for housing purposes only.,Use of Premises,Rental
All technical and commercial data disclosed under this NDA shall remain the exclusive property of the Disclosing Party.,Confidentiality,NDA/Confidentiality
"During the term hereof and for a period of five (5) years thereafter, each Party agrees not to, either directly or indirectly, for itself or on behalf of any other person, firm, partnership, corporation or other entity hire, solicit, contract for, attempt to solicit, or cause to be solicited, the employment or services of any current or previous employee of the other Party (unless a period of sixty months has elapsed from the last date that such employee was employed by such party) without the prior written consent of such other Party.",Exclusivity,Original Corporate
"This Agreement shall be governed by, and construed in accordance with, the laws of the State of New York, without giving effect to the conflict of laws principles thereof.",Governing Law,Original Corporate
effective as of the last date of signature on the signature pages below,Effective Date & Parties,Original Corporate
"Neither party shall be held liable for any delay or failure in performance due to acts of God, war, lockouts, or government restrictions.",Force Majeure,General
All technical and commercial data disclosed under this NDA shall remain the exclusive property of the Disclosing Party.,Confidentiality,NDA/Confidentiality
"Subject to the terms of the Quality Agreement, if applicable, Miltenyi may, at its sole discretion, upon reasonable prior written notice to Bellicum, elect to have the Miltenyi Products, or any one of them or any component thereof, manufactured by an Affiliate of Miltenyi, and further may subcontract the manufacturing of Miltenyi Product or any component thereof, to a Subcontractor; provided that (i) Miltenyi shall reasonably take into account Bellicum's written concerns regarding proposed Affiliate(s) or Subcontractor(s); and (ii) Miltenyi shall be solely and fully responsible for the performance of all delegated and subcontracted activities by its Affiliates and Subcontractor(s), including compliance with the terms of this Agreement and the Quality Agreement (as applicable), and in no event shall any such delegation or subcontract release Miltenyi from any of its obligations under this Agreement. Miltenyi's Subcontractors and Affiliates for the manufacture and/or supply of Miltenyi Products will be listed in the Quality Agreement",License Grant,Original Corporate
"NOTWITHSTANDING ANYTHING TO THE CONTRARY HEREIN, NEITHER PARTY SHALL BE LIABLE FOR ANY INDIRECT, SPECIAL, INCIDENTAL, CONSEQUENTIAL OR EXEMPLARY DAMAGES, WHETHER FORESEEABLE OR NOT, THAT ARE IN ANY WAY RELATED TO THIS AGREEMENT.",Limitation of Liability,Original Corporate
Valeant shall have the non-exclusive right to use the Dova Trademarks and Copyrights solely on Product Materials in order to perform the Valeant Activities and solely in accordance with the terms and conditions of this Agreement.,License Grant,Original Corporate
"You covenant that during the term of this Agreement, except as otherwise approved in writing by us, you will not, either directly or indirectly, for yourself, or through, on behalf of, or in conjunction with any person, persons, partnership, corporation or company:

            1.    Divert or attempt to divert any business or customer of the Franchised Restaurant to any competitor, by direct or indirect inducement or otherwise, or do or perform, directly or indirectly, any other act injurious or prejudicial to the goodwill associated with the Marks or the System.",Non-Compete,Original Corporate
"The Landlord shall be responsible for major structural repairs, while routine maintenance shall be borne by the Tenant.",Maintenance & Utilities,Rental
"This Agreement shall be governed by and construed in accordance with the laws of the State of New York, without giving effect to any choice of law or conflict of law provision or rule whether such provision or rule is that of the State of New York or any other jurisdiction.",Governing Law,Original Corporate
"Any other assignment          by the parties, requires the prior written consent of the other Party.",Other Corporate,Original Corporate
The Lessee shall use the leased premises solely for office space and commercial activities permitted by local laws.,Use of Premises,Rental
"This Agreement shall be governed by, interpreted, and construed in accordance with the substantive laws of India.",Governing Law,General
"""Effective Date"" means the Closing Date as set forth in the Share Purchase Agreement.",Effective Date & Parties,Original Corporate
"SELLER EXPRESSLY DISCLAIMS ANY AND ALL LIABILITY TO BUYER FOR ANY CONSEQUENTIAL DAMAGES, DAMAGES FOR LOSS OF USE, LOSS OF PROFITS, INCOME, OR REVENUE, LOSS OF TIME OR INCONVENIENCE, LOSS OR DAMAGE TO ASSOCIATED EQUIPMENT, COST OF SUBSTITUTED OR REPLACEMENT EQUIPMENT, LOSS TO FACILITIES, LOSS OF CAPITAL, LOSS OF SERVICES OR ANY OTHER INCIDENTAL, CONSEQUENTIAL OR SPECIAL DAMAGE ARISING OUT OF THIS ORDER OR THE OPERATION, FUNCTION OR CHARACTERISTICS OF THE PRODUCTS PURCHASED HEREUNDER OR OTHERWISE PROVIDED BY SELLER. IN THE EVENT THAT PRODUCTS DO NOT SATISFY SPECIFICATIONS, THEY WILL BE REPLACED, AT SELLER'S OPTION, WITH PRODUCTS THAT DO SATISFY THE SPECIFICATIONS AT SELLER'S SOLE EXPENSE. SAID REPLACEMENT IS THE SOLE AND EXCLUSIVE REMEDY OF BUYER.",Limitation of Liability,Original Corporate
"A security deposit of INR 45,000 shall be deposited with the Landlord to secure performance under this lease.",Security Deposit,Rental
No party shall disclose the terms or financial details of this transaction to any third party without written consent.,Confidentiality,NDA/Confidentiality
"The construction, validity and performance of this Agreement shall be governed in all respects by the laws of Japan.",Governing Law,Original Corporate
This Agreement shall not be assignable by either party without the prior written consent of the other party.,Other Corporate,Original Corporate
The Lessee shall use the leased premises solely for office space and commercial activities permitted by local laws.,Use of Premises,Rental
The Exclusivity Period shall commence on the Effective Date and expire on the second anniversary thereof.,Exclusivity,Business
"This Agreement shall automatically be renewed for successive one (1) year increments unless either party request in writing, at least ninety (90) days prior to the anniversary date, that this Agreement not to be renewed.",Notice Period / Termination,Original Corporate
The Supplier agrees to supply the Products exclusively to the Buyer within the territory of India during the term.,Exclusivity,Business
The premises shall be occupied exclusively by the Tenant and their immediate family for housing purposes only.,Use of Premises,Rental
No party shall disclose the terms or financial details of this transaction to any third party without written consent.,Confidentiality,NDA/Confidentiality
Any legal proceedings in connection with this agreement shall be initiated only in the competent courts in Bengaluru.,Jurisdiction & Venue,General
Either party may terminate this employment agreement by giving 30 days' written notice or salary in lieu thereof.,Notice Period / Termination,Employment
The Exclusivity Period shall commence on the Effective Date and expire on the third anniversary thereof.,Exclusivity,Business
"Except as permitted under Sections 9.2.1 and 9.2.2, BLI may not sublicense, assign or otherwise transfer the rights granted to it in this Section 9.2 (Grants to BLI) without first obtaining the prior written consent of Ginkgo[***].",Other Corporate,Original Corporate
"Subject to the terms and conditions of this Agreement, the Company hereby grants to Allscripts and its Affiliates a non-exclusive, royalty- free, irrevocable [***] non-transferable (except in accordance with Section 28.4), sublicensable (through multiple levels of sublicensees), fully paid- up right and license under all of the Company's Intellectual Property to use the Company's brands, trademarks, product and service names, logos and slogans (the ""Company Marks""), throughout the Territory, solely in connection with the marketing, selling, or provision of the Installed Software and the Subscription Software Services and Merchant Processing Services permitted hereunder or to otherwise fulfill the terms of this Agreement.",License Grant,Original Corporate
Company may not subcontract with or otherwise use any Affiliate or Third Party to perform any Detailing or any of its other obligations under this Agreement without the prior written consent of Janssen.,Other Corporate,Original Corporate
"provided that at any time following the 7th anniversary of such date, either party may terminate such strategic alliance upon not less than 60 days' prior written notice to the other party.",Notice Period / Termination,Original Corporate
"The Tenant shall pay a refundable security deposit of INR 48,000 before taking possession of the premises.",Security Deposit,Rental
"All expenses relating to the registration of this sale deed, stamp paper, and advocate fees shall be paid by the Buyer.",Stamp Duty & Registration,Property
"EXCEPT IN CONNECTION WITH A BREACH BY EITHER PARTY OF ARTICLE 9 OR SECTION 10.1.4  [Representations and Warranties] (v) AND THE INDEMNIFICATION OBLIGATIONS OF LEADERSONLINE UNDER SECTION 11.4(i)(c)  [Indemnification by LeadersOnline] AND THE INDEMNIFICATION OBLIGATIONS OF VERTICALNET UNDER SECTION 11.5(i)(c)  [Indemnification by VerticalNet], NEITHER PARTY WILL BE LIABLE FOR ANY SPECIAL, INDIRECT, CONSEQUENTIAL, EXEMPLARY OR INCIDENTAL DAMAGES ARISING OUT OF OR RELATED TO THIS AGREEMENT, HOWEVER CAUSED AND UNDER ANY THEORY",Limitation of Liability,Original Corporate
"Agent shall deliver to Merchant certificates evidencing such insurance policies setting forth the duration thereof and naming Merchant as an additional insured, in form and substance reasonably satisfactory to Merchant.",Other Corporate,Original Corporate
"Hydraspin and Distributor are sometimes hereinafter referred to individually as a ""Party"" and collectively as the ""Parties.""",Effective Date & Parties,Original Corporate
"The Employee shall receive a gross monthly salary of Rs. 169,000 subject to applicable tax deductions.",Salary/Compensation,Employment
The premises shall be occupied exclusively by the Tenant and their immediate family for housing purposes only.,Use of Premises,Rental
"The Lessee agrees to pay a monthly rent of INR 40,000 net of all deductions to the Lessor.",Rent,Rental
All technical and commercial data disclosed under this NDA shall remain the exclusive property of the Disclosing Party.,Confidentiality,NDA/Confidentiality
All notices under this agreement shall be in writing and sent to the address specified in the recitals.,Notices,General
"A security deposit of Rs. 92,000 shall be deposited with the Landlord to secure performance under this lease.",Security Deposit,Rental
Either party may terminate this employment agreement by giving 90 days' written notice or salary in lieu thereof.,Notice Period / Termination,Employment
"Tripath provides an end user limited warranty for retail Products, and one-year limited warranty for OEM products.",Warranty Duration,Original Corporate
The contract shall in all respects be governed by the laws of India.,Governing Law,General
"NOTWITHSTANDING THE ABOVE, IN NO EVENT SHALL DIVERSINET'S LIABILITY RELATING TO THIS AGREEMENT (OR THE  BUNDLED PRODUCT) EXCEED ONE HUNDRED PERCENT (100%) OF THE AGGREGATE AMOUNT OF THE LICENSE FEES, ROYALTIES  AND SUPPORT FEES PAID BY RESELLER IN THE TWELVE (12) MONTH PERIOD PRECEDING THE EVENT OR CIRCUMSTANCE  GIVING RISE TO THE ALLEGED LIABILITY ON THE PART OF DIVERSINET.",Limitation of Liability,Original Corporate
"Nexstar Broadcasting of Peoria, L.L.C.",Effective Date & Parties,Original Corporate
"RevMed entered into a written agreements with prior to the Effective Date, such right of Sanofi shall be to the extent RevMed has the right to permit Sanofi to do so under such written agreements, and provided further, that RevMed shall use Commercially Reasonable Efforts to secure such right for Sanofi where one does not exist).",Other Corporate,Original Corporate
"Additionally, upon termination of this contract for any  reason, all merchants recruited by Affiliate on behalf of Network 1 for any product  offered  through  Network  1,  Affiliate  shall  not approach, rewrite, pursue,  or  contract  with any current client for the purpose of obtaining said client as a new customer for Affiliate or any competing entity the Affiliate may be  in  contract  with.",Non-Compete,Original Corporate
All equipment supplied is covered by a manufacturer warranty of 90 days against manufacturing defects.,Warranty Duration,Service
"The Vendor hereby sells, transfers, and conveys all rights, title, and interest in the Property to the Purchaser.",Possession & Transfer,Property
"All expenses relating to the registration of this sale deed, stamp paper, and advocate fees shall be paid by the Buyer.",Stamp Duty & Registration,Property
"Each of SMBC/Nikko and Moelis Holdings agrees not to solicit or hire any employee of the other party during the term of this Agreement and for a period of 12 months thereafter; provided, however, that the foregoing restriction shall not apply to general solicitations to the public that are not specifically directed to employees of other party (or employment of applicants to such solicitations).",Non-Compete,Original Corporate
The Seller covenants that they have absolute clear title to the property and full legal right to convey the same.,Possession & Transfer,Property
"The Tenant shall pay electricity, water, and gas charges based on actual consumption directly to the utility providers.",Maintenance & Utilities,Rental
Society maintenance charges and property taxes shall be paid solely by the Landlord during the lease term.,Maintenance & Utilities,Rental
"Except as provided in Sections 6.2, 6.3, 6.4, and 6.5, this Agreement shall terminate one (1) year from the Rig Release Date, if such has not been terminated sooner pursuant to the provisions hereof.",Notice Period / Termination,Original Corporate
"Notices shall be deemed served when delivered by hand, registered post, or confirmed email transmission.",Notices,General
The Seller warrants that the goods will be free from material defects for a period of 24 months from delivery.,Warranty Duration,Service
The Supplier agrees to supply the Products exclusively to the Buyer within the territory of India during the term.,Exclusivity,Business
"A security deposit of Rs. 84,000 shall be deposited with the Landlord to secure performance under this lease.",Security Deposit,Rental
"Neither party shall solicit the employees of the other party for employment during the Term of this Agreement, for any reason.",Non-Compete,Original Corporate
"(iii) Either directly or indirectly for him/herself or on behalf of, or in conjunction with any person, persons, partnership, corporation, or entity, own, maintain, operate, engage in, be employed by or accept any compensation or remuneration from, or have any interest in any Competitive Business.",Non-Compete,Original Corporate
"AGREED TO AND ACCEPTED as of December 14, 1997",Effective Date & Parties,Original Corporate
This Agreement shall be interpreted under the                   laws of the State of Nevada.,Governing Law,Original Corporate
"Except as expressly set forth herein, ISO shall not subcontract, assign, license or in any other manner extend or transfer to any third party any right or obligation ISO has with respect to SERVICERS' Program.",Other Corporate,Original Corporate
"All expenses relating to the registration of this sale deed, stamp paper, and advocate fees shall be paid by the Buyer.",Stamp Duty & Registration,Property
"ETON has the right to terminate this Agreement after approval of the Dossier or marketing application for the Product (or added new product), at its sole discretion, upon providing one hundred eighty (180) days' written notice to Aucta.",Notice Period / Termination,Original Corporate
"The Tenant shall pay electricity, water, and gas charges based on actual consumption directly to the utility providers.",Maintenance & Utilities,Rental
"This Agreement shall be governed by, interpreted, and construed in accordance with the substantive laws of India.",Governing Law,General
"Metavante currently maintains and, if available at a reasonable cost, Metavante shall continue to pay for, and maintain in full force and effect during the Term insurance as follows:

A. Workers' compensation and employers' liability insurance with limits to conform with the greater of the amount required by Wisconsin applicable state statutory law or one million dollars ($1,000,000) each accident, including occupational disease coverage;

B. Commercial general liability insurance with limits not less than three million dollars ($3,000,000) combined single limit for bodily injury, death, and property damage, including personal injury, contractual liability, independent contractors, broad-form property damage, and products and completed operations coverage;

C. Commercial automobile liability insurance with limits not less than one million dollars ($1,000,000) each occurrence combined single limit of liability for bodily injury, death, and property damage, including owned and non-owned and hired automobile coverages, as applicable;

D. Commercial Blanket Bond, including Electronic & Computer Crime or Unauthorized Computer Access coverage, in the amount of not less than ten million dollars ($10,000,000); and

E. Professional liability insurance (Errors and Omissions) with limits not less than three million dollars ($3,000,000) annual aggregate for all claims each policy year for computer programming and electronic data processing services.",Other Corporate,Original Corporate
"The Manufacturer agrees that the Customer has the right under this agreement to consider, source, promote, market and sell other product outside of the products listed in Schedule A of this agreement in line with the following assumptions: That they are non-competing products to the range of products or those products listed in schedule A of this agreement.",Non-Compete,Original Corporate
"For the duration of the Agreement, the Client shall not engage any other service provider for similar consulting services.",Exclusivity,Business
Any legal proceedings in connection with this agreement shall be initiated only in the competent courts in Kolkata.,Jurisdiction & Venue,General
"If performance is delayed by a force majeure event for more than 60 days, either party may terminate the contract.",Force Majeure,General
"Achaogen may terminate this Agreement in its entirety, for any reason, by providing at least sixty (60) days prior written notice to Microgenics.",Notice Period / Termination,Original Corporate
"All expenses relating to the registration of this sale deed, stamp paper, and advocate fees shall be paid by the Buyer.",Stamp Duty & Registration,Property
"The Tenant shall pay monthly rent of INR 19,000 to the Landlord on or before the 10th day of each calendar month.",Rent,Rental
All equipment supplied is covered by a manufacturer warranty of 24 months against manufacturing defects.,Warranty Duration,Service
"The Tenant shall pay monthly rent of Rs. 54,000 to the Landlord on or before the 7th day of each calendar month.",Rent,Rental
Neither this Agreement nor any of the rights or obligations contained herein may be assigned or transferred by either Party without the prior written consent of the other Party.,Other Corporate,Original Corporate
"Licenses granted herein are solely for products in the form sold by the Licensee and are not to be construed either (i) as consent by the Marv to any act which may be performed by the Licensee, except to the extent impacted by a patent licensed herein to the Licensee, or (ii) to include licenses to contributorily infringe or induce infringement under U.S. law or a foreign equivalent thereof.",License Grant,Original Corporate
"The occurrence of a force majeure event (such as earthquake, flood, pandemic, or labor strike) shall suspend performance obligations.",Force Majeure,General
"Any attempt to assign, transfer or alienate the Options without the prior written consent of the Company shall be void.",Other Corporate,Original Corporate
"These exclusivity obligations will not limit Smith's right to appear in any of the entertainment fields or in the entertainment portion of any television, film or video program; provided, however, that Smith may not appear in, or provide services in connection with, advertisements for any computer game or videogame sports products.",Exclusivity,Original Corporate
"Disputes shall be resolved by arbitration in accordance with the rules of the Indian Arbitration Act, with the venue of arbitration in New Delhi.",Arbitration & Dispute Resolution,General
"IALOG's license to possess and use the Deposit Materials does not include any right to disclose, market, sublicense or distribute the Deposit Materials to any third party other than its Affiliates and Manufacturing Subcontractors.",License Grant,Original Corporate
In no event shall Green Cross grant any sublicense to any of the rights granted to it pursuant to Section 10.1(a) for any other purpose without MacroGenics' prior written consent.,Other Corporate,Original Corporate
"Upon request from ACSI, Company will furnish to ACSI certificates of insurance and such other documentation relating to such policies as ACSI may reasonably request.",Other Corporate,Original Corporate
The maximum aggregate liability of the Vendor shall not exceed the sum of Rs. 2 Lakhs.,Limitation of Liability,General
"""EFFECTIVE DATE"" means 12:01 a.m. Eastern Standard Time on March 3, 2003.",Effective Date & Parties,Original Corporate
"Nothing in this Agreement shall limit or affect (i) NCM's ability to contract or enter into any relationship with any Person  or entity for any product, service, or otherwise, whether or not similar to any products or services provided by NCM under this Agreement, or (ii)  Network Affiliate's ability to contract or enter into any relationship with any Person or entity for any product, service, or otherwise, other than the  services that will be provided exclusively by NCM as set forth in this Section 6.1 and meetings promoted and scheduled by Network Affiliate  theatre personnel as previously referenced in this Section 6.1.",Exclusivity,Original Corporate
"HealthGate hereby             assigns all right, title and interest in and to the same to the             Publishers.",Intellectual Property,Original Corporate
"The Tenant shall pay monthly rent of Rs. 36,000 to the Landlord on or before the 10th day of each calendar month.",Rent,Rental
"The compensation of the Employee shall be INR 108,000 per month, payable in accordance with Company policy.",Salary/Compensation,Employment
Either party may terminate this employment agreement by giving 2 months' written notice or salary in lieu thereof.,Notice Period / Termination,Employment
"This Agreement shall be governed and construed in accordance with the laws of Maryland, without regard to its choice of law rules.",Governing Law,Original Corporate
"Notwithstanding  paragraphs 4A, 4B and 4C above, CONSULTANT  shall not be required to wear ADAMS  GOLF [*****] in [*****] ads.",Exclusivity,Original Corporate
"EXCEPT UNDER SECTION 11(a), IN NO EVENT WILL EITHER PARTY BE LIABLE TO          THE OTHER FOR ANY SPECIAL, INCIDENTAL OR CONSEQUENTIAL DAMAGES,          WHETHER BASED ON BREACH OF CONTRACT, TORT (INCLUDING NEGLIGENCE) OR          OTHERWISE, WHETHER OR NOT THAT PARTY HAS BEEN ADVISED OF THE          POSSIBILITY OF SUCH DAMAGE. THE LIABILITY OF EXCITE FOR DAMAGES OR          ALLEGED DAMAGES HEREUNDER, WHETHER IN CONTRACT, TORT OR ANY OTHER          LEGAL THEORY, IS LIMITED TO, AND WILL NOT EXCEED, THE TOTAL AMOUNTS          PREVIOUSLY PAID OR TO BE PAID BY NETGROCER TO EXCITE HEREUNDER [*]",Limitation of Liability,Original Corporate
"TO THE MAXIMUM EXTENT PERMITTED BY APPLICABLE LAW, IN NO EVENT SHALL SUPPLIER BE LIABLE UNDER, OR OTHERWISE IN CONNECTION WITH, THIS AGREEMENT FOR: (A) ANY CONSEQUENTIAL, INDIRECT, SPECIAL, INCIDENTAL, OR PUNITIVE DAMAGES; (B) ANY LOSS OF PROFITS, LOSS OF BUSINESS, LOSS OF REVENUE, OR LOSS OF ANTICIPATED SAVINGS; (C) ANY LOSS OF, OR DAMAGE TO, DATA, REPUTATION, OR GOODWILL; AND/OR (D) THE COST OF PROCURING ANY SUBSTITUTE GOODS OR SERVICES.",Limitation of Liability,Original Corporate
Zebra Technologies Corporation,Effective Date & Parties,Original Corporate
"Further, during the Term, except as otherwise provided herein, neither T&B nor any of its Affiliates may",Non-Compete,Original Corporate
"Should you choose to renew the Franchise, you must provide us with written notice of that intent no earlier than two (2) years and no later than one (1) year before the expiration of the Initial Term.",Notice Period / Termination,Original Corporate
"The occurrence of a force majeure event (such as earthquake, flood, pandemic, or labor strike) shall suspend performance obligations.",Force Majeure,General
"The Tenant shall pay electricity, water, and gas charges based on actual consumption directly to the utility providers.",Maintenance & Utilities,Rental
No party shall disclose the terms or financial details of this transaction to any third party without written consent.,Confidentiality,NDA/Confidentiality
"During the term of this Agreement, and for a period of three (3) months following the expiration or termination of this Agreement, Distributor agrees that neither it nor any organization or entity controlled or directed by it will, without Airspan's prior, written consent, represent a manufacturer or supplier of products similar in design or performance to or which are of such a nature as to be competitive with any products contained in the Airspan Products, nor will Distributor market or otherwise promote the sale of such products.",Non-Compete,Original Corporate
The Exclusivity Period shall commence on the Effective Date and expire on the second anniversary thereof.,Exclusivity,Business
"During such two-year period, and upon reasonable notice to the Billing Party, the Non-Billing Party shall have the right to have an audit conducted through a licensed independent accounting firm, of any billings, collections, and taxes on such itemized statement, and to examine the records and books of account of the Billing Party in connection therewith.",Other Corporate,Original Corporate
"""Data"" means any and all scientific, technical or test data pertaining to the Product in the Field that is generated by or under the authority of Distributor or its Affiliates, Sub-distributors or other subcontractors or by or under the authority of Zogenix or Zogenix ex-Territory Distributors before or during the Term, including research data, clinical pharmacology data, CMC data (including analytical and quality control data and stability data), preclinical data, clinical data and all submissions made in association with an IND or MAA filed in or outside the Territory with respect to the Product in the Field, in each case to the extent such data either (a) is Controlled by Zogenix on the Effective Date or (b) comes within a Party's Control during the Term.",License Grant,Original Corporate
The Seller covenants that they have absolute clear title to the property and full legal right to convey the same.,Possession & Transfer,Property
No party shall disclose the terms or financial details of this transaction to any third party without written consent.,Confidentiality,NDA/Confidentiality
"In accordance with items 9.3, 9.4, and 10.3, this Contract shall come into      force on the Effective Date, remain effective throughout the Initial Term,      and be prolonged, or further extended automatically for a period of 12





     months, each such extension commencing at the end of the last day of the      Initial Term or the relevant anniversary thereof, unless either Party      serves written notice of termination on the other Party at least 65 days      prior to the end of the Initial Term, or any subsequent extension.",Notice Period / Termination,Original Corporate
"The software warranty period shall be one year, during which the Licensor will fix any critical bugs free of charge.",Warranty Duration,Service
"If IGER receives an exclusive license from Defra rather  than an assignment of rights, the following will apply.

18.1 To the extent the license grant to CERES on IGER BACKGROUND INTELLECTUAL PROPERTY in Article 5.3.2 relates to IGER  BACKGROUND INTELLECTUAL PROPERTY that constitutes Intellectual Property to which rights vest in Defra or the Crown or the Secretary  of State, the word ""license"" will be read as ""sublicense"" and all other terms of such Article will remain unchanged.

18.2 To the extent that IGER INTELLECTUAL PROPERTY or JOINT INTELLECTUAL PROPERTY created in a RESEARCH PROJECT  constitutes or includes Intellectual Property to which rights vest in Defra or the Crown or the Secretary of State, any conveyance or grant of  rights or licenses by IGER to CERES in this Agreement with respect to such IGER INTELLECTUAL PROPERTY or JOINT INTELLECTUAL  PROPERTY, will be read as the grant of an exclusive sublicense under IGER's exclusive license from Defra.",Exclusivity,Original Corporate
"The Stamp Duty and registration charges of INR 48,000 shall be borne entirely by the Purchaser.",Stamp Duty & Registration,Property
"Notices shall be deemed served when delivered by hand, registered post, or confirmed email transmission.",Notices,General
Either Party may terminate this Agreement at any time during the term of this Agreement for any reason upon two weeks written notice to the other Party.,Notice Period / Termination,Original Corporate
"The Lessee agrees to pay a monthly rent of INR 35,000 net of all deductions to the Lessor.",Rent,Rental
Society maintenance charges and property taxes shall be paid solely by the Landlord during the lease term.,Maintenance & Utilities,Rental
"Ginkgo may grant sublicenses of the license granted to Ginkgo under Section 9.1.1 (Scope of Grants) and Section 9.1.2 (License Grant to Exploit [***]) with the prior written consent of BLI[***]; provided that such prior written consent of BLI shall not be needed for any sublicense granted by Ginkgo to (a) a Permitted Subcontractor of Ginkgo under Section 2.7 (Subcontracting) to the extent such sublicense relates to the subcontracted activities, (b) any wholly-owned subsidiary of Ginkgo existing as of the Effective Date or (c) any other Person, including other Affiliates and any Third Party, under Section 9.1.2 (License Grant to Exploit [***]) so long as, in the case of this clause (c), the sublicense [***].",License Grant,Original Corporate
Application Provider may not use Payment-Eligible User Data to                solicit User traffic to www.e-centives.com or any other                co-branded version of www.e-centives.com with the intent of                driving such Users away from using the Co-Branded Application.,Non-Compete,Original Corporate
"Thereafter, this Agreement shall be renewed automatically on a five (5) year basis, unless one party notifies the other of its desire to terminate this Agreement at least sixty 90 days prior to the expiration of the Initial Term or then current renewal term, as applicable, or unless a new Agreement is signed between the USA MCO and IMedicor which will then invalidate this Agreement.",Notice Period / Termination,Original Corporate
"The compensation of the Employee shall be INR 105,000 per month, payable in accordance with Company policy.",Salary/Compensation,Employment
"Consultant will not, during the Term, and for a period of one (1) year thereafter, directly or indirectly:",Non-Compete,Original Corporate
The initial term of the contracted agreement is 5 years from the commencement date.,Notice Period / Termination,Original Corporate
No party shall disclose the terms or financial details of this transaction to any third party without written consent.,Confidentiality,NDA/Confidentiality
"The Employee shall receive a gross monthly salary of INR 142,000 subject to applicable tax deductions.",Salary/Compensation,Employment
"The Vendor hereby sells, transfers, and conveys all rights, title, and interest in the Property to the Purchaser.",Possession & Transfer,Property
"Neither party shall be held liable for any delay or failure in performance due to acts of God, war, lockouts, or government restrictions.",Force Majeure,General
"The Initial Term shall automatically renew for one-month periods thereafter unless either party provides 30- days advance notice of termination, unless earlier terminated pursuant to Section 2.2 hereof",Notice Period / Termination,Original Corporate
described and mutually agreed in writing as                            amendments to this Agreement.,Intellectual Property,Original Corporate
"The occurrence of a force majeure event (such as earthquake, flood, pandemic, or labor strike) shall suspend performance obligations.",Force Majeure,General
"This Agreement shall be governed by, interpreted, and construed in accordance with the substantive laws of India.",Governing Law,General
"The Tenant shall pay electricity, water, and gas charges based on actual consumption directly to the utility providers.",Maintenance & Utilities,Rental
"The Lessee agrees to pay a monthly rent of Rs. 24,000 net of all deductions to the Lessor.",Rent,Rental
The maximum aggregate liability of the Vendor shall not exceed the sum of INR 9 Lakhs.,Limitation of Liability,General
The Exclusivity Period shall commence on the Effective Date and expire on the third anniversary thereof.,Exclusivity,Business
"Subject to the licenses and rights of reference granted under Sections 5.1 and 5.2 and, in the case of Harpoon, its exclusivity obligations hereunder, each Party shall have the right to Exploit the Joint Intellectual Property Rights without a duty of seeking consent from or accounting to the other Party.",Intellectual Property,Original Corporate
"[***], neither Valeant nor Dova (nor any of their respective Affiliates) shall directly or indirectly solicit for hire or employee as an employee, consultant or otherwise any of the other Party's professional personnel who have had direct involvement with the JSC, with the Valeant Activities under this Agreement (which, in the case of Valeant, includes the Field Force Personnel) or with Dova's commercialization activities for the Product, without the other Party's prior written consent.",Non-Compete,Original Corporate
"Dynamic Hearing's aggregate liability to IntriCon for direct loss and damages and all other liability not described herein  arising in connection with this Agreement whether in negligence, tort, equity, contract or otherwise, is limited to  payment of damages recoverable at law or equity up to a maximum of (and, for the sake of clarity must not exceed) $5m;",Limitation of Liability,Original Corporate
"advice to any Competitive Business and which business is, or is intended to be, located within the city or county in which the Approved Location is situated.",Non-Compete,Original Corporate
This Agreement may be terminated by either party at the expiration of its term or any renewal term upon thirty (30) days written notice to the other party.,Notice Period / Termination,Original Corporate
"The Vendor hereby sells, transfers, and conveys all rights, title, and interest in the Property to the Purchaser.",Possession & Transfer,Property
"This Agreement shall be governed by, construed, and enforced in accordance with the laws of the State of Delaware, without regard to choice of law principles that would require the application of the laws of any other jurisdiction.",Governing Law,Original Corporate
The covenant not to compete restricts the Employee from joining rival tech companies for 1 year in the region of Chennai.,Non-Compete,Employment
"The Tenant shall pay monthly rent of INR 35,000 to the Landlord on or before the 1st day of each calendar month.",Rent,Rental
The arbitration proceedings shall be conducted in English and the seat of arbitration shall be Hyderabad.,Arbitration & Dispute Resolution,General
"Subject to the other provisions contained herein, this AGREEMENT shall be for a term of thirty (30) years from the Effective Date, which shall automatically renew from year-to-year thereafter unless terminated by a Party upon sixty (60) days' written notice after the end of the term.",Notice Period / Termination,Original Corporate
The covenant not to compete restricts the Employee from joining rival tech companies for 6 months in the region of Bengaluru.,Non-Compete,Employment
"The Lessee agrees to pay a monthly rent of Rs. 23,000 net of all deductions to the Lessor.",Rent,Rental
The term of this Agreement will commence on the date that the Affiliate Registration Form is approved by Chase and will end when terminated by either party.,Effective Date & Parties,Original Corporate
"Licensee further agrees to execute one or more copyright assignments at Fox's request, or any other subsequent document as further evidence of this assignment, and to cooperate with Fox in perfecting the assignment of any rights to the Fox Intellectual Property, and hereby appoints Fox as its attorney-in-fact to execute any documents required in connection with such assignment.",Intellectual Property,Original Corporate
The contract shall in all respects be governed by the laws of India.,Governing Law,General
"EXCEPT TO THE EXTENT DIRECT FORESEEABLE DAMAGES, IN NO EVENT SHALL DIVERSINET BE LIABLE FOR ANY INDIRECT,  SPECIAL, INCIDENTAL OR CONSEQUENTIAL DAMAGES (INCLUDING WITHOUT LIMITATION ANY COMMERCIAL DAMAGES OR  LOSSES) AS A RESULT OF THE USE, SALE OR DISTRIBUTION OF THE BUNDLED PRODUCT, WHETHER BY WAY OF A LEGAL  THEORY OF CONTRACT, TORT (INCLUDING NEGLIGENCE), PRODUCT LIABILITY, STRICT LIABILITY, OR ANY OTHER THEORY,  EVEN IF DIVERSINET HAS BEEN INFORMED OF THE POSSIBILITY OF SUCH DAMAGES.",Limitation of Liability,Original Corporate
"After the initial term, unless terminated, this  Agreement will automatically renew for periods of one (1) calendar year each.",Notice Period / Termination,Original Corporate
The Seller warrants that the goods will be free from material defects for a period of 12 months from delivery.,Warranty Duration,Service
"In         the event any such breach of warranty can not be reasonably corrected at         Commerce One's sole expense, Corio has the right to terminate this         Agreement and receive a refund of all prepaid fees.",Warranty Duration,Original Corporate
All technical and commercial data disclosed under this NDA shall remain the exclusive property of the Disclosing Party.,Confidentiality,NDA/Confidentiality
"Thereafter, this Agreement shall automatically renew for         subsequent one (1) year periods unless either party provides the other         party with written notification at least thirty (30) days prior to the         expiration of the initial five (5) year term or any one (1) year renewal         thereof of its intention to terminate this Agreement.",Notice Period / Termination,Original Corporate
Integra may offset all costs and expenses covered under (i) above against the Fees as provided in Section 2.2 (c) as its sole and exclusive remedy for the recovery of such costs and expenses.,Limitation of Liability,Original Corporate
"Upon completion of the Initial Term, provided that the Reseller has achieved the Annual Milestones, the term of the Agreement shall be automatically renewed for an additional five (5) years.",Notice Period / Termination,Original Corporate
This Agreement will for all purposes be governed by and interpreted in accordance with the laws of the State of California without giving effect to any conflict of laws principles that require the application of the laws of a different state.,Governing Law,Original Corporate
"The Employee shall receive a gross monthly salary of Rs. 181,000 subject to applicable tax deductions.",Salary/Compensation,Employment
"Talent represents and warrants that during the Term and in the Territories, Talent will not endorse or make any appearances or advertisements on behalf of any other product which is directly competitive to ESSI's products.",Non-Compete,Original Corporate
Any assignment not in accordance with this Section 14.3 will be null and void.,Other Corporate,Original Corporate
"EXCEPT TO THE EXTENT ARISING (A) FROM A PARTY'S BREACH OF ARTICLE 10 (CONFIDENTIALITY), (B) [***] (E) FROM A PARTY'S FRAUD, GROSS NEGLIGENCE OR WILLFUL MISCONDUCT OR (F) IN CONNECTION WITH A PARTY'S INDEMNIFICATION OBLIGATIONS UNDER ARTICLE 12 (INDEMNIFICATION; INSURANCE), IN NO EVENT WILL EITHER PARTY BE LIABLE TO THE OTHER PARTY FOR ANY LOST PROFITS, INDIRECT, SPECIAL, INCIDENTAL, EXEMPLARY OR CONSEQUENTIAL DAMAGES OF ANY KIND ARISING OUT OF OR IN CONNECTION WITH THIS AGREEMENT, HOWEVER CAUSED AND ON",Limitation of Liability,Original Corporate
"You shall procure and maintain in full force and effect during the term of this Agreement, at Your expense, insurance policies written by an insurance company satisfactory to AIRSOPURE in accordance with standards and specifications set forth in the Operations Manual or otherwise by AIRSOPURE in writing. Such policies shall name AIRSOPURE as an additional insured and shall include, at a minimum:

A. Comprehensive general liability insurance in the amount of $1,000,000.00.

B. Comprehensive automobile liability insurance, including collision, comprehensive, medical and liability to satisfy state law requirements.

C. Additional coverage's and higher policy limits may be required from time to time by AIRSOPURE.",Other Corporate,Original Corporate
The grant of each license hereunder includes the right to grant sublicenses to Related Companies for so long as it remains a Related Companies,License Grant,Original Corporate
"The Landlord shall be responsible for major structural repairs, while routine maintenance shall be borne by the Tenant.",Maintenance & Utilities,Rental
"The  Company  represents  that,  to the  best  of its                            knowledge,  Products are in compliance with all laws,                            and  that  the  Products  will  not be  hazardous  or                            dangerous  when  used  for  their  intended  purpose.                            Products  do not  cause  harmful  emissions  or other                            environmental  hazards and Products do not violate or                            infringe any patents, copyrights, trademarks or other                            rights  of  nay  third  party(ies).",Warranty Duration,Original Corporate
"Neither party shall be held liable for any delay or failure in performance due to acts of God, war, lockouts, or government restrictions.",Force Majeure,General
"And Distributor, taken as a whole, shall be liable for physical damage to Airspan's property resulting from Distributor's negligence under or in connection with this Agreement up to a maximum aggregate amount of one million US Dollars (US$1,000,000).",Limitation of Liability,Original Corporate
The premises shall be used only for residential purposes. The Tenant shall not use the premises for any commercial activity.,Use of Premises,Rental
"Notices shall be deemed served when delivered by hand, registered post, or confirmed email transmission.",Notices,General
"This Agreement is effective as of the Effective Date and will expire in accordance with Section 2.1, unless, upon the occurrence of any of the following events, this Agreement is earlier terminated in accordance with this Section 18.1:

a) Customer delivers written notice of termination to Supplier at least [* * *] prior to the expiration date of the Initial Term, which termination shall be effective as of the expiration date of the Initial Term;

b) either Party delivers written notice of termination to the other Party at least [* * *] prior to the expiration date of the Renewal Term, which termination shall be effective as of the expiration date of the Renewal Term;",Notice Period / Termination,Original Corporate
"The Lessee has paid a sum of Rs. 78,000 as interest-free security deposit to the Lessor, refundable upon termination.",Security Deposit,Rental
Society maintenance charges and property taxes shall be paid solely by the Landlord during the lease term.,Maintenance & Utilities,Rental
The arbitration proceedings shall be conducted in English and the seat of arbitration shall be Pune.,Arbitration & Dispute Resolution,General
"For a period of 12 months post-termination, the Employee shall not work for any direct competitor in India.",Non-Compete,Employment
"This Agreement may be terminated at any time while the Employee is living by written notice thereof by either the Employer or the Employee to the other; and, in any event, this Agreement will terminate upon termination of the Employee's employment.",Notice Period / Termination,Original Corporate
"The Tenant shall pay monthly rent of Rs. 27,000 to the Landlord on or before the 10th day of each calendar month.",Rent,Rental
"In turn, UTEK agrees that it will not directly or indirectly solicit any present employee of MKOS.",Non-Compete,Original Corporate
MacroGenics shall have the initial right to institute and direct legal proceedings against any Third Party believed to be infringing Jointly Owned Patents that claims or covers a Product sold outside the Territory.,Intellectual Property,Original Corporate
"This Agreement shall be governed by, interpreted, and construed in accordance with the substantive laws of India.",Governing Law,General
"During the probation period, either party may terminate employment by giving 7 days' notice.",Notice Period / Termination,Employment
"AT&T grants to Vendor a license to access, use, and copy the AT&T Derived Data, with no right to grant sublicenses, solely for the performance of Vendor's obligations during the Term of this Agreement and solely in compliance with AT&T's privacy policies, including obligations relating to Customer Information.",License Grant,Original Corporate
"In the event of a Triggering Event, Customer's Exclusive Purchase Requirement with respect to each and every Product that is the subject of the Triggering Event shall be temporarily suspended until such time as Manufacturer notifies Customer that Manufacturer is able to resume the manufacture and supply of the subject Product(s) on the terms and conditions of this Agreement (such period referred to as the ""Exclusive Purchase Requirement Suspension Period""); provided that, (i) during such Exclusive Purchase Requirement Suspension Period, Customer shall use commercially reasonable efforts to limit its orders for the subject Product(s) to the quantities specified in the last Forecast that preceded the Triggering Event for the applicable period(s) and promptly notify Manufacturer in the event and to the extent that Customer's orders exceed such quantities specified in such Forecast and (ii) Customer shall be entitled to take delivery of Product(s) ordered during the Exclusive Purchase Requirement Suspension Period even if such delivery is scheduled for or actually occurs subsequent to the Exclusive Purchase Requirement Suspension Period.",Exclusivity,Original Corporate
"Each of Supplier and CUTANEA shall maintain and keep in force at its sole cost and expense throughout the Term of this Agreement and for three years following the effective date of expiration or termination hereof (if such policies are on a claims made basis), Commercial General Liability Insurance from carriers having an A. M. Best rating of A, including Product Recall, Bodily Injury and Property Damage Insurance, with a combined single limit of not less than $[***] per occurrence and $[***] in the aggregate annually (this limit can be secured via a combination of primary and excess/umbrella policies). I",Other Corporate,Original Corporate
"At any time following the expiration of the Distribution Term (as defined in Section 1.17), the Distributor may terminate this Agreement at will upon [***] prior written notice to Zogenix.",Notice Period / Termination,Original Corporate
The Receiving Party agrees to keep all proprietary information confidential and protect it with reasonable care.,Confidentiality,NDA/Confidentiality
"All expenses relating to the registration of this sale deed, stamp paper, and advocate fees shall be paid by the Buyer.",Stamp Duty & Registration,Property
THE LIMITATIONS ON LIABILITY FOR DAMAGES SET FORTH IN THIS AGREEMENT SHALL BE INAPPLICABLE TO EACH PARTY'S CONTRACTUAL OBLIGATION TO INDEMNIFY THE OTHER PARTY AS SET FORTH IN SECTIONS 2.6 AND 13.,Limitation of Liability,Original Corporate
"During the probation period, either party may terminate employment by giving 15 days' notice.",Notice Period / Termination,Employment
"The Tenant shall pay electricity, water, and gas charges based on actual consumption directly to the utility providers.",Maintenance & Utilities,Rental
"This Agreement shall be governed by, interpreted, and construed in accordance with the substantive laws of India.",Governing Law,General
The Exclusivity Period shall commence on the Effective Date and expire on the third anniversary thereof.,Exclusivity,Business
"Unless this Agreement is terminated pursuant to Section 25, this Agreement will automatically renew for additional successive [***] terms (each a ""Renewal Term"" and together with the Initial Term, the ""Term"") unless and until either Party provides written notice of non-renewal to the other Party at least [***] prior to the end of the then-current Term.",Notice Period / Termination,Original Corporate
Either party may terminate this Agreement at any time on prior written notice to the other.,Notice Period / Termination,Original Corporate
The total liability of the Company under this agreement shall be limited to the fees actually paid during the preceding 6 months.,Limitation of Liability,General
All rights granted to HSWI under this Agreement may be exercised by or through HSWI and/or its Affiliates.,License Grant,Original Corporate
"Neither party shall be held liable for any delay or failure in performance due to acts of God, war, lockouts, or government restrictions.",Force Majeure,General
"During the Term and for a period of four years after the termination of this Agreement, VerticalNet shall not, directly or indirectly, by itself, through its Affiliates or through any type of joint venture or similar affiliation with a third party, without prior written approval from PaperExchange, buy, sell or trade",Exclusivity,Original Corporate
Society maintenance charges and property taxes shall be paid solely by the Landlord during the lease term.,Maintenance & Utilities,Rental
"Disputes shall be resolved by arbitration in accordance with the rules of the Indian Arbitration Act, with the venue of arbitration in Kolkata.",Arbitration & Dispute Resolution,General
"Customer hereby grants to Manufacturer a non-exclusive license during the Term to use any Customer Property and Customer-Owned Improvements and Developments solely in connection with Manufacturer performing its obligations under this Agreement or the Facility Addendum in accordance with the terms hereof or thereof, as applicable",License Grant,Original Corporate
In the case that the company would not like to extend the terms of agreement for an additional month. The company must notify the consultant within 5 days of the conclusion of the 12 month term.,Notice Period / Termination,Original Corporate
The Supplier agrees to supply the Products exclusively to the Buyer within the territory of India during the term.,Exclusivity,Business
"This Agreement shall be governed by, interpreted, and construed in accordance with the substantive laws of India.",Governing Law,General
"The compensation of the Employee shall be Rs. 49,000 per month, payable in accordance with Company policy.",Salary/Compensation,Employment
No party shall disclose the terms or financial details of this transaction to any third party without written consent.,Confidentiality,NDA/Confidentiality
Society maintenance charges and property taxes shall be paid solely by the Landlord during the lease term.,Maintenance & Utilities,Rental
This Agreement shall commence on 1 January 1998.,Effective Date & Parties,Original Corporate
"During the term of this Agreement and for a period of two (2) years after expiration or termination for any reason of this Agreement, Maimon agrees not to:",Non-Compete,Original Corporate
"The Employer agrees to pay the Employee a CTC of Rs. 181,000 per annum, paid in monthly installments.",Salary/Compensation,Employment
"During the Lease Term, PPI shall:",Other Corporate,Original Corporate
"The Employee shall be on probation for a period of 3 months, extendable at the discretion of the Company.",Notice Period / Termination,Employment
The Seller covenants that they have absolute clear title to the property and full legal right to convey the same.,Possession & Transfer,Property
The above warranties are valid for a period of [***] from the date of shipment of any Licensed Product to any customer.,Warranty Duration,Original Corporate
The arbitration proceedings shall be conducted in English and the seat of arbitration shall be Bengaluru.,Arbitration & Dispute Resolution,General
Society maintenance charges and property taxes shall be paid solely by the Landlord during the lease term.,Maintenance & Utilities,Rental
"For a period of 1 year post-termination, the Employee shall not work for any direct competitor in India.",Non-Compete,Employment
"Neither this Agreement nor any right or obligation hereunder may be assigned or otherwise transferred by either Party without the prior written consent of the other Party; provided, however, that each HOF Entity may, upon written notice to Constellation but without a requirement to obtain Constellation's consent, transfer, assign, convey, pledge or encumber, in whole or in part, any and all of its rights under this Agreement as security in connection with a loan transaction.",Other Corporate,Original Corporate
Either party may terminate this employment agreement by giving 2 months' written notice or salary in lieu thereof.,Notice Period / Termination,Employment
Either party may terminate this agreement by providing Ninety days Written Notice.,Notice Period / Termination,Original Corporate
"The Agreement rests, for all that, cancellable at any time by any of the parties before the expiry date of the Agreement or any of itsrenewals, upon three months prior written notice.",Notice Period / Termination,Original Corporate
The courts of law at Mumbai shall have exclusive jurisdiction to try and settle any disputes arising under this deed.,Jurisdiction & Venue,General
"For this purpose, each          Maintenance  Authority  shall  retain  significant  records,  including          recorder charts,  for a period of not less than five (5) years from the          date of the record.",Other Corporate,Original Corporate
The Employee shall not engage in any business competing with the Employer's activities during employment and for 1 year thereafter.,Non-Compete,Employment
The Exclusivity Period shall commence on the Effective Date and expire on the third anniversary thereof.,Exclusivity,Business
"The Tenant shall pay monthly rent of INR 32,000 to the Landlord on or before the 5th day of each calendar month.",Rent,Rental
The premises shall be used only for residential purposes. The Tenant shall not use the premises for any commercial activity.,Use of Premises,Rental
The Seller warrants that the goods will be free from material defects for a period of 12 months from delivery.,Warranty Duration,Service
"Regardless of the term, Licensee can terminate Agreement with at least one hundred eighty (180) days written notice with no further obligation.",Notice Period / Termination,Original Corporate
"If after the Effective Date, Array retains a Third Party Partner for the Product in one or more countries in the Array Territory, Array shall use Diligent Efforts to gain such Third Party Partner's consent to allow Array to (i) share with Ono under Section 4.7 (Exchange of Data and Know-How) the clinical data and know-how generated by such Third Party Partner, (ii) extend to Ono under Section 4.8 (Rights of Reference and Access to Data) a right to reference the Regulatory Filings of such Third Party Partner with respect to Products, and (iii) extend to Ono a license under improvements made by such Third Party Partner, in each case: (A) to the extent that such data, know-how, rights of reference and improvements are necessary or reasonably useful for Ono's Development, preparation of MAAs and filing of MAAs with respect to Products in the Ono Territory or Commercialization of the Product in the Ono Territory and (B) without charge, however it is understood that a failure of Array to obtain such rights shall not be deemed a breach of this Section 2.4.",License Grant,Original Corporate
"Within 30 days after the Effective Date, Neoforma shall provide a copy of all Neoforma Laboratory Product Listings existing as of the Effective Date to VerticalNet for use on the VerticalNet Sites on an exclusive basis (even as to Neoforma), to the extent Neoforma has the right to do so.",Exclusivity,Original Corporate
"Notwithstanding the foregoing, the provisions of Sections 3.1  [LABORATORY PRODUCTS] through 3.8  [LABORATORY PRODUCTS] shall not apply to any Laboratory Product sold through live (non-virtual) auctions conducted by Neoforma (through Neoforma GAR or otherwise) for which no Product Listing is made; provided, however, that Neoforma shall use commercially reasonable efforts to acquire Product Listings for all such Laboratory Products. If Neoforma receives a set of Product Listings packaged as a ""lot,"" Neoforma shall use commercially reasonable efforts to provide all Laboratory Product Listings contained in such ""lot"" to VerticalNet in accordance with this Agreement.",Exclusivity,Original Corporate
"This Agreement shall be governed by, interpreted, and construed in accordance with the substantive laws of India.",Governing Law,General
"Bosch hereby grants to Client the exclusive rights to sell and distribute the Product, subject to the Territory as set forth below, to certain select companies in the Automotive Industry, each of which shall be approved by Bosch in writing as requested by the Client on a case by case basis.",Exclusivity,Original Corporate
The Exclusivity Period shall commence on the Effective Date and expire on the first anniversary thereof.,Exclusivity,Business
"""Warranty Period"" means a period of [***]from the relevant Supplier's shipment of the Product.",Warranty Duration,Original Corporate
The Seller covenants that they have absolute clear title to the property and full legal right to convey the same.,Possession & Transfer,Property
The Supplier agrees to supply the Products exclusively to the Buyer within the territory of India during the term.,Exclusivity,Business
"The software warranty period shall be one year, during which the Licensor will fix any critical bugs free of charge.",Warranty Duration,Service
(c) Women.com will not enter into a relationship with a Competitive Company that involves any of the following; (i) custom developed mini or micro web sites; (ii) content integration; (iii) discounts offered only to Women.com members on the Member Central page of the Women.com Sites; (iv) editorial endorsement (such as,Non-Compete,Original Corporate
The Receiving Party agrees to keep all proprietary information confidential and protect it with reasonable care.,Confidentiality,NDA/Confidentiality
The Receiving Party agrees to keep all proprietary information confidential and protect it with reasonable care.,Confidentiality,NDA/Confidentiality
"The term of this IP Agreement shall be from the Effective Date until all of the Intellectual Property licensed hereunder is in the public domain (provided, however, that in such event the representations and warranties in Article III shall survive (and terminate) in accordance with the Acquisition Agreement) or this IP Agreement is terminated pursuant to Section 4.3.",Notice Period / Termination,Original Corporate
"In the event XENCOR rejects the Product for Obvious Defects or Latent Defects as provided above, BII shall have the right to sample and retest the Product, which shall be done as soon as",Warranty Duration,Original Corporate
"This Agreement shall be governed by the internal laws, and not by the laws regarding conflicts of laws, of the State of North Carolina.",Governing Law,Original Corporate
"For the duration of the Agreement, the Client shall not engage any other service provider for similar consulting services.",Exclusivity,Business
"Consultant will not, during the Term, and for a period of one (1) year thereafter, directly or indirectly: (i) solicit, recruit or promote the solicitation or recruitment of any employee or consultant of the Company for the purpose of encouraging that employee or consultant to leave the Company's employ or sever an agreement for services",Non-Compete,Original Corporate
"In no event shall either party be liable to the other for indirect, special, or consequential damages.",Limitation of Liability,General
"The software warranty period shall be one year, during which the Licensor will fix any critical bugs free of charge.",Warranty Duration,Service
Any notice required to be given under this deed shall be sent by Speed Post or courier to the registered office address.,Notices,General
"becomes known, whichever is later.",Limitation of Liability,Original Corporate
"In no event shall either party be liable to the other for indirect, special, or consequential damages.",Limitation of Liability,General
The parties hereby agree that the                   copyright in the Product sound recording compilation will be                   jointly registered by Integrity in the names of Integrity                   and TL.,Intellectual Property,Original Corporate
"In no event shall either party be liable to the other for indirect, special, or consequential damages.",Limitation of Liability,General
"""Effective Date"" means the date of last signature on this Agreement.",Effective Date & Parties,Original Corporate
"Kitov shall provide Dexcel with written notification of any shortfalls in shipment quantity, and (a) any out-of-specification temperature excursions based on the downloaded data logger information following compliance with the provisions of the Quality Agreement, and/or (b) any failure of the Product to meet the Specifications which are apparent upon visual inspection and/or identification testing of the Product delivered to it by Dexcel (each of (a) and (b) being an ""Apparent Defect""), such notification to be provided within thirty (30) Working Days of receipt of the Product at Kitov's warehouse, accompanied by samples of any such allegedly defective Product and any such Product shall not be removed from quarantine until their status is resolved.",Warranty Duration,Original Corporate
"The occurrence of a force majeure event (such as earthquake, flood, pandemic, or labor strike) shall suspend performance obligations.",Force Majeure,General
The Lessee shall use the leased premises solely for office space and commercial activities permitted by local laws.,Use of Premises,Rental
The foregoing shall not preclude either party from employing any such employee (a) who seeks employment with the other party in response to any general advertisement or solicitation that is not specifically directed towards employees of such party or (b) who contacts the other party on his or her own initiative without any direct or indirect solicitation by such party.,Non-Compete,Original Corporate
All notices under this agreement shall be in writing and sent to the address specified in the recitals.,Notices,General
The term of this Agreement will begin upon acceptance of Affiliate's Program application and will end when terminated by either party of this Agreement.,Effective Date & Parties,Original Corporate
"All of these policies must contain Cross Liability Endorsements, or their equivalent.",Other Corporate,Original Corporate
"During the Term and subject to the terms, conditions and limitations of this Agreement, Client  hereby grants EFS, a limited, non-transferable, non-assignable (without any right to sublicense) world-wide license to use the  Internet location or resource designators (URLs, domain names, etc.) set forth in Part B of Exhibit 1 hereto, and/or to the extent  approved in advance in writing by Client, as the case may be, modifications thereof (the ""Licensed Domain Names""), as the  domain name(s) and Internet locators/designators for the Websites during the Term.",License Grant,Original Corporate
"Assignor does hereby irrevocably sell, convey, grant, set over, assign and transfer to Assignee, without reservation of any rights, title or interest, all of Assignor's right, title and interest in and to the Assigned Patents, all rights corresponding to the Assigned Patents throughout the world, and all continuations, continuations-in-part, divisions or renewals thereof, all patents that may be granted therefrom, all reissues, re-exams, or extensions of such patents, and in and to any applications that have been or shall be filed in any country, and all patents or utility models of countries that may be granted therefrom, for its own use and enjoyment, and for the use and enjoyment of any of Assignee's successors and assigns, as the





same would have been held and enjoyed by Assignor if this Assignment had not been made, together with any and all claims or causes of infringement thereof that may have accrued prior to the effective date of this Assignment, together with the right to bring suit for and/or initiate any proceeding to collect any and all damages arising from said claims or causes of action.",Intellectual Property,Original Corporate
The covenant not to compete restricts the Employee from joining rival tech companies for 6 months in the region of New Delhi.,Non-Compete,Employment
The courts of law at Pune shall have exclusive jurisdiction to try and settle any disputes arising under this deed.,Jurisdiction & Venue,General
"This AGREEMENT is controlled by the laws of the State of Texas, and venue for any actions brought to enforce this AGREEMENT shall be brought exclusively in a court of competent jurisdiction in Pecos County, Texas.",Governing Law,Original Corporate
A copy of such insurance policy shall be provided to North within thirty (30) days after execution of this Agreement.,Other Corporate,Original Corporate
Any legal proceedings in connection with this agreement shall be initiated only in the competent courts in Kolkata.,Jurisdiction & Venue,General
MPM ONCOLOGY IMPACT MANAGEMENT LP,Effective Date & Parties,Original Corporate
Any implied warranties of the Licensed Software are LIMITED to one year starting from the date of purchase or for the period described in the contractual agreement with the Power2Ship.,Warranty Duration,Original Corporate
"During the Term of this Agreement and for a period of                            twelve (12) months  thereafter,  the  Distributor (on                            behalf of itself,  each of its affiliates and each of                            their respective representatives) agrees that it will                            not  directly  or  indirectly  solicit  or  hire  any                            executive,  managerial  or technical  employee of the                            Company or any of its affiliates.",Non-Compete,Original Corporate
"For the duration of the Agreement, the Client shall not engage any other service provider for similar consulting services.",Exclusivity,Business
All technical and commercial data disclosed under this NDA shall remain the exclusive property of the Disclosing Party.,Confidentiality,NDA/Confidentiality
"Franchisee  also  acknowledges  that Pretzel Time has granted the Franchise to  Franchisee  in  consideration  of and reliance  upon  Franchisee's agreement to deal  exclusively  with Pretzel Time.  Franchisee  therefore agrees that  during the term of the  Franchise  Agreement,  or the period of time which Franchisee operates a Unit under this Agreement,  whichever is shorter,  neither Franchisee  nor  any  Affiliate,  immediate  family  member,  or  in  the  event Franchisee is a corporation

any Owner thereof and member of his immediate  family or in the event  Franchise is a partnership any partner  (general or limited) thereof and any member of his immediate family, shall:

         (1) Have  any  direct  or  indirect  interest  as an  owner,  investor,          partner, director, officer, employee, consultant, representative, agent          or in  any  other  capacity  in any  Competitive  Business  located  or          operating  at the Site or within  three (3) miles of any  Pretzel  Time          Unit  in  operation  or  under  development  on the  effective  date of          termination or expiration of this Agreement, except a Pretzel Time Unit          operated by Franchisee under Franchise Agreements with Pretzel Time; or

         (2) Recruit or hire any employee who, within the immediately  preceding          six (6) month period,  was employed by Pretzel Time or any Pretzel Time          Unit operated by Pretzel Time, its Affiliates or another  franchisee or          licensee  of  Pretzel  Time,   without   obtaining  the  prior  written          permission of Pretzel Time or such franchisee.",Non-Compete,Original Corporate
"This Consulting Agreement (the ""Agreement"") is made and entered into as of this 2nd day of January 2020,",Effective Date & Parties,Original Corporate
"The software warranty period shall be 12 months, during which the Licensor will fix any critical bugs free of charge.",Warranty Duration,Service
The premises shall be used only for residential purposes. The Tenant shall not use the premises for any commercial activity.,Use of Premises,Rental
The Master Franchise Agreement requires application of the laws of New York.,Governing Law,Original Corporate
"Any dispute or difference arising out of this agreement shall be referred to sole arbitration in Pune under the Arbitration and Conciliation Act, 1996.",Arbitration & Dispute Resolution,General
"If performance is delayed by a force majeure event for more than 30 days, either party may terminate the contract.",Force Majeure,General
All out­of­pocket costs for Patent Prosecution of Jointly Owned Patents and for maintaining Jointly Owned Patents in the Territory shall be shared equally by the Parties.,Intellectual Property,Original Corporate
"In the event that either Zogenix or Distributor intends to file a patent application containing a Joint Invention, such Party shall promptly notify the other Party of such intention and shall provide a draft of any such patent application to such other Party [***] before filing such patent application with any patent office and the Parties shall negotiate in good faith concerning the terms and conditions of a joint patent agreement.",Intellectual Property,Original Corporate
"This Agreement shall be binding upon Turpin and the      heirs and legal  representatives  of Turpin,  and shall be binding upon and      ensure to the  benefit  of the  Company  and its  successors  and  assigns,      including  any  corporation  with  which or into  which the  Company or its      successors may be merged or which may succeed, to its assets or business.",License Grant,Original Corporate
"each individually ""a Party,"" and collectively, ""the Parties.""",Effective Date & Parties,Original Corporate
The covenant not to compete restricts the Employee from joining rival tech companies for 6 months in the region of Kolkata.,Non-Compete,Employment
Society maintenance charges and property taxes shall be paid solely by the Landlord during the lease term.,Maintenance & Utilities,Rental
"Consultant agrees to assist Company, or its designee, at the Company's expense, in every proper way to secure the Company's rights in Inventions in any and all countries, including the disclosure to the Company of all pertinent information and data with respect thereto, the execution of all applications, specifications, oaths, assignments and all other instruments that the Company may deem necessary in order to apply for, register, obtain, maintain, defend, and enforce such rights, and in order to deliver, assign and convey to the Company, its successors, assigns and nominees the sole and exclusive right, title, and interest in and to all Inventions and testifying in a suit or other proceeding relating to such Inventions.",Intellectual Property,Original Corporate
"A security deposit of Rs. 132,000 shall be deposited with the Landlord to secure performance under this lease.",Security Deposit,Rental
"Further, during the Non-Competition Period, ISA shall not  solicit any employee of Rubicon or any employee of any Rubicon Client.",Non-Compete,Original Corporate
The Employee shall not engage in any business competing with the Employer's activities during employment and for 6 months thereafter.,Non-Compete,Employment
The courts of law at Kolkata shall have exclusive jurisdiction to try and settle any disputes arising under this deed.,Jurisdiction & Venue,General
The Seller covenants that they have absolute clear title to the property and full legal right to convey the same.,Possession & Transfer,Property
"Any dispute or difference arising out of this agreement shall be referred to sole arbitration in Chennai under the Arbitration and Conciliation Act, 1996.",Arbitration & Dispute Resolution,General
The courts of law at Bengaluru shall have exclusive jurisdiction to try and settle any disputes arising under this deed.,Jurisdiction & Venue,General
Any notice required to be given under this deed shall be sent by Speed Post or courier to the registered office address.,Notices,General
"AIRSOPURE covenants and agrees that the restrictions set forth above in Paragraphs 16.02.C and 16.03 shall not apply to ownership by You of less than a 5% beneficial interest in the outstanding equity securities of any publicly traded corporation, provided that You are not an employee, consultant or director of such corporation.",Exclusivity,Original Corporate
"IN NO EVENT SHALL EITHER PARTY BE LIABLE TO THE OTHER PARTY FOR LOST PROFITS OR ANY CONSEQUENTIAL, SPECIAL, INCIDENTAL, OR INDIRECT DAMAGES OR SUCH OTHER PARTY, HOWEVER CAUSED AND ON ANY THEORY OF LIABILITY, ARISING OUT OF THIS AGREEMENT. THESE LIMITATIONS SHALL APPLY NOTWITHSTANDING ANY FAILURE OF ESSENTIAL PURPOSE OF ANY LIMITED REMEDY. IN NO EVENT SHALL D2'S LIABILITY HEREUNDER EXCEED THE TOTAL AMOUNT PAID OR OWED BY LICENSEE TO D2 UNDER THIS AGREEMENT.",Limitation of Liability,Original Corporate
"For the duration of the Agreement, the Client shall not engage any other service provider for similar consulting services.",Exclusivity,Business
(d) the exclusive right to use and reuse the results and proceeds of       the in connection with TDA's Golf Instruction Related Products;,Exclusivity,Original Corporate
The maximum aggregate liability of the Vendor shall not exceed the sum of Rs. 8 Lakhs.,Limitation of Liability,General
"A security deposit of INR 53,000 shall be deposited with the Landlord to secure performance under this lease.",Security Deposit,Rental
"A monthly lease rent of Rs. 73,000 shall be paid by the Lessee to the Lessor in advance by the 10thth of every month.",Rent,Rental
"If programming errors or other defects are discovered during the Support Period, the Developer shall promptly remedy those errors or defects at its own expense.",Warranty Duration,Original Corporate
"Without limiting the generality of the foregoing, MacroGenics shall prosecute and maintain Jointly Owned Patents using outside counsel acceptable to Green Cross, and shall instruct such counsel to provide copies of correspondence and filings directly to Green Cross and otherwise permit Green Cross to participate with MacroGenics in any of the activities of such counsel with respect to the Patent and Trademark Prosecution of such Jointly Owned Patents.",Intellectual Property,Original Corporate
"If performance is delayed by a force majeure event for more than 60 days, either party may terminate the contract.",Force Majeure,General
The courts of law at New Delhi shall have exclusive jurisdiction to try and settle any disputes arising under this deed.,Jurisdiction & Venue,General
"The Employee shall receive a gross monthly salary of Rs. 128,000 subject to applicable tax deductions.",Salary/Compensation,Employment
"""QIWI"", and, together with its Affiliates, ""QIWI Group""",Effective Date & Parties,Original Corporate
The Employee shall not engage in any business competing with the Employer's activities during employment and for 1 year thereafter.,Non-Compete,Employment
"This Agreement shall be governed by and construed in accordance with the laws of the State of Ohio, without reference to principles of conflicts of law.",Governing Law,Original Corporate
"In the  event it is not clear as to ownership of any Improvement as described in this Section 5.2, in other words, if it is not clear whether an  invention or discovery is either a Bioamber Improvement or a Cargill Improvement, such Improvement shall be [***] and such Improvement  shall be designated ""Joint Improvements"".",Intellectual Property,Original Corporate
"Racing shall obtain and maintain pursuant to the terms of this Agreement, at its sole expense, the following types of insurance coverage,  with minimum limits as set forth below:

(i) Commercial General Liability covering liability arising from premises, operations, independent contractors, personal and advertising injury  and contractual liability—$5,000,000 each occurrence.",Other Corporate,Original Corporate
"The Stamp Duty and registration charges of Rs. 92,000 shall be borne entirely by the Purchaser.",Stamp Duty & Registration,Property
"The software warranty period shall be 12 months, during which the Licensor will fix any critical bugs free of charge.",Warranty Duration,Service
"The Vendor hereby sells, transfers, and conveys all rights, title, and interest in the Property to the Purchaser.",Possession & Transfer,Property
"19.3.2 Employ or seek to employ any person who is then employed by us or any other Goosehead Business franchisee or developer, or otherwise directly or indirectly induce such person to leave his or her employment. In addition to any other rights and remedies available to us under this Agreement, in the event of a violation of this Section, we will have the right to require you to pay to us (or such other Goosehead Business developer or franchisee, as the case may be) an amount equal to three times the annual salary of the person(s) involved in such violation, plus an amount equal to our costs and attorney's fees incurred in connection with such violation.",Non-Compete,Original Corporate
The contract shall in all respects be governed by the laws of India.,Governing Law,General
Reseller may nat assign or otherwise transfer this Agreement without      MediaNet Group Technologies's prior written consent except to a successor.,Other Corporate,Original Corporate
"The Employee shall be on probation for a period of 6 months, extendable at the discretion of the Company.",Notice Period / Termination,Employment
"During the Term and any renewal terms of the Agreement, and for a period of one (1) year following the expiration or earlier termination thereof, Customer agrees not to work with, directly or indirectly, any Third-Party that Customer comes to know through disclosure by Kubient as part of the Services, without the express written consent of Kubient and compensation to Kubient under the applicable exhibit and/or schedule.",Non-Compete,Original Corporate
"For a period of 12 months post-termination, the Employee shall not work for any direct competitor in India.",Non-Compete,Employment
"The compensation of the Employee shall be Rs. 183,000 per month, payable in accordance with Company policy.",Salary/Compensation,Employment
"This Agreement is dated April 29, 2010",Effective Date & Parties,Original Corporate
"Any dispute or difference arising out of this agreement shall be referred to sole arbitration in Ahmedabad under the Arbitration and Conciliation Act, 1996.",Arbitration & Dispute Resolution,General
All equipment supplied is covered by a manufacturer warranty of 24 months against manufacturing defects.,Warranty Duration,Service
"damages for any negligent or intentional breach of confidentiality and non-use obligations under Section 9); and   b. each Party's aggregate liability and/or indemnification obligations towards the other Party under this Agreement shall not exceed an amount equal to the average annual aggregate amount paid or to be paid by XENCOR to BII hereunder; provided, however, that in the case of a Party's negligent or intentional breach of confidentiality and non­use obligations pursuant to Section 9, this limitation of liability shall be increased to twice the average annual aggregate amount paid or to be paid by XENCOR to BII hereunder;   provided however that the foregoing Subsections a. and b. of this Section 7.4 shall not limit XENCOR' s liability and indemnification obligation towards BII with respect to any third party claims according to clause (iii) and (iv) of Section 7.3 b. regarding any use of the Deliverables (in particular the Product) in humans and/or with respect to any third party claim that BII's use of the Material to manufacture the Product infringes any issued patent owed by such third party (excluding any such claim based specifically on use of the Process but not on the use of the Material).",Limitation of Liability,Original Corporate
Any notice required to be given under this deed shall be sent by Speed Post or courier to the registered office address.,Notices,General
"During the Term of this Agreement and during the three year period after the expiration or termination of this  Agreement, the Licensee will not solicit any person employed by Licensor and/or its Affiliates to leave his or her employment with Licensor.",Non-Compete,Original Corporate
"(d) either on your own account or for any person, firm or company directly or indirectly solicit or entice away or endeavour to solicit or entice away any director or senior employee of the Company or any Group Company employed in a managerial, scientific or technical role with whom you have had material personal dealings in the twelve (12) months prior to the Termination Date;",Non-Compete,Original Corporate
"IN NO EVENT SHALL EITHER PARTY BE LIABLE TO THE OTHER PARTY FOR ANY INCIDENTAL, CONSEQUENTIAL, INDIRECT, SPECIAL, OR PUNITIVE DAMAGES (INCLUDING, BUT NOT LIMITED TO, LOST PROFITS, BUSINESS INTERRUPTION, LOSS OF BUSINESS INFORMATION OR OTHER PECUNIARY LOSS) REGARDLESS OF WHETHER SUCH LIABILITY IS BASED ON BREACH OF CONTRACT, TORT (INCLUDING NEGLIGENCE), STRICT LIABILITY, BREACH OF WARRANTIES, FAILURE OF ESSENTIAL PURPOSE OR OTHERWISE AND EVEN IF ADVISED OF THE POSSIBILITY OF SUCH DAMAGES.",Limitation of Liability,Original Corporate
The covenant not to compete restricts the Employee from joining rival tech companies for 6 months in the region of Ahmedabad.,Non-Compete,Employment
"The Lessee agrees to pay a monthly rent of Rs. 77,000 net of all deductions to the Lessor.",Rent,Rental
"together with PHLVIC, ""PHL Variable""",Effective Date & Parties,Original Corporate
"If performance is delayed by a force majeure event for more than 30 days, either party may terminate the contract.",Force Majeure,General
"This agreement shall renew automatically each year thereafter, unless either party serves written notice of its intention not to renew, on the other at least 90 days prior to the expiration of the then current term of this agreement.",Notice Period / Termination,Original Corporate
The Lessee shall use the leased premises solely for office space and commercial activities permitted by local laws.,Use of Premises,Rental
During the Term of this Agreement HCI shall:,License Grant,Original Corporate
Any notice required to be given under this deed shall be sent by Speed Post or courier to the registered office address.,Notices,General
"Sandler O'Neill & Partners, L.P.",Effective Date & Parties,Original Corporate
Either party may terminate this employment agreement by giving 90 days' written notice or salary in lieu thereof.,Notice Period / Termination,Employment
"A monthly lease rent of INR 44,000 shall be paid by the Lessee to the Lessor in advance by the 5thth of every month.",Rent,Rental
"The Vendor hereby sells, transfers, and conveys all rights, title, and interest in the Property to the Purchaser.",Possession & Transfer,Property
No party shall disclose the terms or financial details of this transaction to any third party without written consent.,Confidentiality,NDA/Confidentiality
Any legal proceedings in connection with this agreement shall be initiated only in the competent courts in Pune.,Jurisdiction & Venue,General
"The Employee shall receive a gross monthly salary of INR 118,000 subject to applicable tax deductions.",Salary/Compensation,Employment
Any audit with respect to  amounts payable by either party to the other party under this Agreement shall be limited to an audit with respect to amounts to be paid in the  current calendar year and immediately preceding calendar year only.,Other Corporate,Original Corporate
"A monthly lease rent of Rs. 23,000 shall be paid by the Lessee to the Lessor in advance by the 7thth of every month.",Rent,Rental
The Exclusivity Period shall commence on the Effective Date and expire on the second anniversary thereof.,Exclusivity,Business
"5.1.13 not engage, directly or indirectly, in any cross-marketing or cross-promotion of the Hotel with any Other Hotel or related business, without our prior written consent. You agree to refer guests and customers, wherever reasonably possible, only to System Hotels or Network Hotels.",Exclusivity,Original Corporate
"(2) Subject to Agent's rights set forth in Section 10.6, Monsanto shall have the right to transfer and assign all or a portion of its rights, interests and obligations hereunder to a Person that acquires all or a portion of Monsanto's business related to the Lawn and Garden",Other Corporate,Original Corporate
Any notice required to be given under this deed shall be sent by Speed Post or courier to the registered office address.,Notices,General
"This Agreement shall commence on the Effective Date and, except as set forth in Subsection (ii), continue in full force and effect through the Delivery Period.",Notice Period / Termination,Original Corporate
All equipment supplied is covered by a manufacturer warranty of 90 days against manufacturing defects.,Warranty Duration,Service
"CONSULTANT agrees that during its consultancy for REIT and for a period of twelve (12) months immediately following the termination of its consultancy with the Company for any reason, whether with or without cause, it will not: (a) have any ownership interest in, or participate in the financing, operation, management or control of, any Competitor; or (b) engage in or perform services for any Competitor, if such services either (1) are the same as or similar to (individually or in the aggregate) the services CONSULTANT performed for the Company during its consultancy with the Company, or (2) are performed with respect to products or services of the Competitor that are competitive with the products or services provided by the Company with which CONSULTANT was involved during its consultancy with the Company or about which it received Proprietary Information during its consultancy with the Company.",Non-Compete,Original Corporate
"The compensation of the Employee shall be INR 138,000 per month, payable in accordance with Company policy.",Salary/Compensation,Employment
"In the event this Agreement is terminated pursuant to the provisions of         paragraph 17, then the Party in default shall not enter into an         agreement with any other Party to provide services similar to those         provided herein or to provide its services similar to those provided for         herein without an agreement, for a period of six (6) months from the         effective date of termination.",Non-Compete,Original Corporate
"The software warranty period shall be 12 months, during which the Licensor will fix any critical bugs free of charge.",Warranty Duration,Service
"The occurrence of a force majeure event (such as earthquake, flood, pandemic, or labor strike) shall suspend performance obligations.",Force Majeure,General
It is the cumulative maximum for which Customer and its Affiliates are collectively responsible.,Limitation of Liability,Original Corporate
The contract shall in all respects be governed by the laws of India.,Governing Law,General
"At all times during the Term and for six (6) months following the termination of this Agreement, WYZZ shall have the right, upon prior written request to Nexstar, to review all of the books and records of Nexstar relating to the BCF Report and the Distributions.",Other Corporate,Original Corporate
"This Agreement between HEMISPHERX and SCIEN shall be in effect beginning the last date of execution set forth on the signature page to the Agreement (the ""Effective Date"") to which this Quality Agreement is Exhibit 2 and remain in effect until HEMISPHERX and SCIEN terminate the Agreement or it is superseded by a revised Quality Agreement executed by both parties.",Effective Date & Parties,Original Corporate
"The Employee shall be on probation for a period of 3 months, extendable at the discretion of the Company.",Notice Period / Termination,Employment
"The Lessee agrees to pay a monthly rent of Rs. 42,000 net of all deductions to the Lessor.",Rent,Rental
The contract shall in all respects be governed by the laws of India.,Governing Law,General
"In addition,         Commerce One warrants that during the Warranty Period the Software and         MarketSite.net Service is free of any willfully introduced computer         virus, or any other similar harmful, malicious or hidden program or         data, which is designed to disable, erase, or alter the Software, or any         other files, data, or software.",Warranty Duration,Original Corporate
Either party may terminate this employment agreement by giving 2 months' written notice or salary in lieu thereof.,Notice Period / Termination,Employment
"During the Term, VerticalNet will not disclose, transfer or otherwise provide the VerticalNet Content and/or the VerticalNet Archived Content to any PaperExchange Competitor.",Non-Compete,Original Corporate
"Notwithstanding the foregoing, this  Agreement can be terminated by EKR at the end of the Initial Term by delivery of written notice to PPI at least one hundred eighty (180)  days prior to the end of the Initial Term or any renewal term.",Notice Period / Termination,Original Corporate
Any legal proceedings in connection with this agreement shall be initiated only in the competent courts in Mumbai.,Jurisdiction & Venue,General
This Agreement and the performance of transactions under this Agreement       shall be governed by the substantive laws of the state of New York.,Governing Law,Original Corporate
"All expenses relating to the registration of this sale deed, stamp paper, and advocate fees shall be paid by the Buyer.",Stamp Duty & Registration,Property
"(""you,"" ""Franchise Owner,"" or ""Franchisee",Effective Date & Parties,Original Corporate
"The Landlord shall be responsible for major structural repairs, while routine maintenance shall be borne by the Tenant.",Maintenance & Utilities,Rental
"Sabco shall provide at its expense and maintain throughout           --------- the term of this Agreement and any option period spectator liability insurance  in an amount not less than $1 million single limit coverage with respect to any  liability relating to the activities of Sabco in the performance of this  Agreement.  Sabco shall, within 90 days of the execution of this Agreement,  supply Prolong with a copy of such policy of insurance or a certificate thereof, and such policies shall be cancelable only upon 10 days written notice to  Prolong.",Other Corporate,Original Corporate
"INTERRUPTION AND THE LIKE) RELATING TO THIS AGREEMENT, EVEN IF IT HAS BEEN ADVISED OF THE POSSIBILITY OF SUCH DAMAGES.",Limitation of Liability,Original Corporate
The premises shall be occupied exclusively by the Tenant and their immediate family for housing purposes only.,Use of Premises,Rental
"All expenses relating to the registration of this sale deed, stamp paper, and advocate fees shall be paid by the Buyer.",Stamp Duty & Registration,Property
"Either party may terminate this Agreement, without cause, by giving the other party [*****] days prior written notice.",Notice Period / Termination,Original Corporate
All legal relationships between the parties shall be subject to the laws of the Republic of India.,Governing Law,General
Society maintenance charges and property taxes shall be paid solely by the Landlord during the lease term.,Maintenance & Utilities,Rental
"Vyera will, upon reasonable request of CytoDyn, and at CytoDyn's expense, execute or cause to be executed, any assignments, filings, applications or other documents that CytoDyn may require to evidence its rights in the Inventions.",Intellectual Property,Original Corporate
"In no event shall Cisco's or its suppliers' or licensors' liability to Customer, whether in contract, tort (including negligence), or otherwise, exceed the price paid by Customer for the Software that gave rise to the claim or if the Software is part of another Product, the price paid for such other Product.",Limitation of Liability,Original Corporate
"Subject to the terms and conditions herein set forth, the Blue Hills Parties hereby appoint the Agent as their exclusive financial advisor and conversion agent (i) to utilize its best efforts to solicit subscriptions for Shares and to advise and assist the Holding Company and the Bank with respect to the sale of the Shares in the Offering and (ii) to participate in the Offering in the areas of market making and in syndicate formation or to act as sole book-running manager in the Underwritten Offering (if necessary).",Exclusivity,Original Corporate
"Unless either party gives written notice to terminate this Agreement at least six (6) months prior to the end of said Initial Term, this Agreement shall continue on a year to year basis (""Extended Term(s)"") until terminated by either party by giving written notice of termination thereof to the other party at least six (6) months prior to the end of the then current Extended Term.",Notice Period / Termination,Original Corporate
"On an annual basis, Ehave shall conduct and provide CHT the results of an audit conducted in accordance with the Statement on Standards for Attestation Engagements (SSAE) No. 18, Service Organization Control (SOC) 2 Report type audit or similar audits in respect of its operations.",Other Corporate,Original Corporate
"Except as otherwise provided in Section 10.5, in the event of any breach of a term or condition of this Agreement by either Party, the other Party's remedy shall be limited to the direct damages caused thereby and in no event shall a Party be liable to the other Party for any consequential, indirect, pecuniary, punitive, or economic damages, howsoever caused.",Limitation of Liability,Original Corporate
