clause_text,clause_type,domain,risk_level,source,is_synthetic
"Employee shall not work in any competing business for 3 years
after leaving the company.",Non-Compete,Employment,HIGH,d-riti/Risky Patterns clause.pdf,False
"During the term of employment, the Employee shall not directly engage in any business competitive with the Employer.",Non-Compete,Employment,LOW,d-riti/Risky Patterns clause.pdf (derived recommended),True
Employee shall not compete anywhere in India for 2 years.,Non-Compete,Employment,HIGH,d-riti/Risky Patterns clause.pdf,False
"For a period of 6 months following termination, Employee shall not compete with the Company within the city of Mumbai.",Non-Compete,Employment,LOW,d-riti/Risky Patterns clause.pdf (derived recommended),True
Employee agrees not to join any competitor after termination.,Non-Compete,Employment,HIGH,d-riti/Risky Patterns clause.pdf,False
"During the term of employment, the Employee shall not work for any direct competitor of the Employer.",Non-Compete,Employment,LOW,d-riti/Risky Patterns clause.pdf (derived recommended),True
"For 5 years after leaving, employee shall not contact any client
of the company.",Non-Compete,Employment,HIGH,d-riti/Risky Patterns clause.pdf,False
Employee shall not work in any technology company for 2 years.,Non-Compete,Employment,HIGH,d-riti/Risky Patterns clause.pdf,False
"During employment, employee cannot do any freelance work
of any kind.",Non-Compete,Employment,MEDIUM,d-riti/Risky Patterns clause.pdf,False
"For 2 years after leaving, you shall not hire any employee
of the company.",Non-Compete,Employment,MEDIUM,d-riti/Risky Patterns clause.pdf,False
"Company may terminate this agreement immediately at any time
without notice.",Termination,General Indian,HIGH,d-riti/Risky Patterns clause.pdf,False
Either party may terminate this agreement at any time by providing at least 30 days prior written notice to the other party.,Termination,General Indian,LOW,d-riti/Risky Patterns clause.pdf (derived recommended),True
Either party may terminate with 3 days notice.,Termination,General Indian,HIGH,d-riti/Risky Patterns clause.pdf,False
"Company reserves the right to terminate at any time.
Vendor cannot terminate without company approval.",Termination,General Indian,HIGH,d-riti/Risky Patterns clause.pdf,False
Either party may terminate this agreement for convenience upon 30 days written notice. Both parties retain mutual rights of termination.,Termination,General Indian,LOW,d-riti/Risky Patterns clause.pdf (derived recommended),True
"Upon termination for any reason, company shall not be liable
for any pending payments.",Termination,General Indian,HIGH,d-riti/Risky Patterns clause.pdf,False
"Upon termination of this agreement, the Company shall pay all legally earned and outstanding dues to the Vendor within 7 days.",Termination,General Indian,LOW,d-riti/Risky Patterns clause.pdf (derived recommended),True
"Upon termination, company may immediately seize all work
product and equipment without notice.",Termination,General Indian,HIGH,d-riti/Risky Patterns clause.pdf,False
This Agreement may be terminated by either party upon 30 days written notice to the other party.,Termination,General Indian,LOW,d-riti/Risky Patterns clause.pdf (derived recommended),True
"Company may terminate for convenience without providing
any reason.",Termination,General Indian,HIGH,d-riti/Risky Patterns clause.pdf,False
"Company can terminate with 7 days notice. Vendor must give
90 days notice.",Termination,General Indian,MEDIUM,d-riti/Risky Patterns clause.pdf,False
"This agreement automatically terminates if either party
becomes insolvent.",Termination,General Indian,MEDIUM,d-riti/Risky Patterns clause.pdf,False
"Three minor breaches shall constitute grounds for immediate
termination.",Termination,General Indian,MEDIUM,d-riti/Risky Patterns clause.pdf,False
"Vendor shall indemnify Company for all losses, damages, costs
and expenses of any nature whatsoever without any limit.",Indemnity,General Indian,HIGH,d-riti/Risky Patterns clause.pdf,False
"Vendor shall indemnify the Company for direct losses arising from breach of contract, capped at the total contract value.",Indemnity,General Indian,LOW,d-riti/Risky Patterns clause.pdf (derived recommended),True
"Vendor shall indemnify Company. Company shall have no
indemnity obligation to Vendor.",Indemnity,General Indian,HIGH,d-riti/Risky Patterns clause.pdf,False
"Each party shall indemnify, defend, and hold harmless the other party from and against any direct third-party claims arising out of its negligence.",Indemnity,General Indian,LOW,d-riti/Risky Patterns clause.pdf (derived recommended),True
"Indemnity includes direct, indirect, consequential, punitive,
special and incidental damages.",Indemnity,General Indian,HIGH,d-riti/Risky Patterns clause.pdf,False
"The indemnity obligation shall exclude any indirect, consequential, special, punitive, or incidental damages.",Indemnity,General Indian,LOW,d-riti/Risky Patterns clause.pdf (derived recommended),True
"Vendor shall indemnify Company against any third party
intellectual property claims of any kind.",Indemnity,General Indian,HIGH,d-riti/Risky Patterns clause.pdf,False
"Indemnity obligations shall survive termination of this
agreement indefinitely.",Indemnity,General Indian,HIGH,d-riti/Risky Patterns clause.pdf,False
"Vendor shall indemnify Company against direct third-party claims, subject to a cap equal to the fees paid in the preceding 12 months.",Indemnity,General Indian,LOW,d-riti/Risky Patterns clause.pdf (derived recommended),True
"Vendor shall indemnify Company for all regulatory
compliance failures.",Indemnity,General Indian,MEDIUM,d-riti/Risky Patterns clause.pdf,False
Indemnity includes all legal fees and defense costs.,Indemnity,General Indian,MEDIUM,d-riti/Risky Patterns clause.pdf,False
Neither party limits its liability under this agreement.,Limitation of Liability,General Indian,HIGH,d-riti/Risky Patterns clause.pdf,False
"Except for fraud or willful misconduct, either party's maximum aggregate liability shall be limited to the total fees paid under this contract.",Limitation of Liability,General Indian,LOW,d-riti/Risky Patterns clause.pdf (derived recommended),True
"Company shall not be liable for any loss or damage of
any kind arising from this agreement.",Limitation of Liability,General Indian,HIGH,d-riti/Risky Patterns clause.pdf,False
The total liability of either party for all claims arising under this Agreement shall be limited to the total contract value.,Limitation of Liability,General Indian,LOW,d-riti/Risky Patterns clause.pdf (derived recommended),True
"Total liability of either party shall not exceed Rs. 10,000""
in a contract worth Rs. 50 lakhs.",Limitation of Liability,General Indian,HIGH,d-riti/Risky Patterns clause.pdf,False
"Company shall not be liable even in cases of gross negligence,
willful misconduct or fraud.",Limitation of Liability,General Indian,HIGH,d-riti/Risky Patterns clause.pdf,False
"Neither party's liability is limited in cases of gross negligence, willful misconduct, or fraud, but is otherwise capped at the contract value.",Limitation of Liability,General Indian,LOW,d-riti/Risky Patterns clause.pdf (derived recommended),True
All claims must be raised within 30 days of the incident.,Limitation of Liability,General Indian,MEDIUM,d-riti/Risky Patterns clause.pdf,False
Each party's liability under this Agreement shall be limited to the total contract price.,Limitation of Liability,General Indian,LOW,d-riti/Risky Patterns clause.pdf (derived recommended),True
"Company is not liable for any data breach or loss of
client data.",Limitation of Liability,General Indian,MEDIUM,d-riti/Risky Patterns clause.pdf,False
"The receiving party shall keep all information confidential
forever.",Confidentiality,NDA,HIGH,d-riti/Risky Patterns clause.pdf,False
The receiving party shall keep all confidential information secret for a period of 3 years following the termination of this Agreement.,Confidentiality,NDA,LOW,d-riti/Risky Patterns clause.pdf (derived recommended),True
"All information shared in any form including verbal
conversations is confidential.",Confidentiality,NDA,HIGH,d-riti/Risky Patterns clause.pdf,False
Confidential Information refers to proprietary information disclosed in writing and clearly marked as confidential.,Confidentiality,NDA,LOW,d-riti/Risky Patterns clause.pdf (derived recommended),True
"Breach of confidentiality shall be treated as a criminal
offence.",Confidentiality,NDA,HIGH,d-riti/Risky Patterns clause.pdf,False
The Receiving Party agrees to maintain the confidentiality of the Disclosing Party's proprietary information for 3 years post-termination.,Confidentiality,NDA,LOW,d-riti/Risky Patterns clause.pdf (derived recommended),True
"Information must be kept confidential even if required
by law or court order.",Confidentiality,NDA,HIGH,d-riti/Risky Patterns clause.pdf,False
"Confidentiality obligations shall not apply to information required to be disclosed by law, provided prior notice is given to the disclosing party.",Confidentiality,NDA,LOW,d-riti/Risky Patterns clause.pdf (derived recommended),True
"Vendor shall keep all Company information confidential.
Company has no obligation regarding Vendor information.",Confidentiality,NDA,MEDIUM,d-riti/Risky Patterns clause.pdf,False
"Confidentiality agreement with no provision for returning
or destroying confidential documents on termination.",Confidentiality,NDA,MEDIUM,d-riti/Risky Patterns clause.pdf,False
"Upon termination, the receiving party shall return or certifiably destroy all confidential documents of the disclosing party within 30 days.",Confidentiality,NDA,LOW,d-riti/Risky Patterns clause.pdf (derived recommended),True
"All disputes shall be resolved by arbitration in Singapore
under SIAC rules.",Arbitration,General Indian,HIGH,d-riti/Risky Patterns clause.pdf,False
"Any dispute arising out of this contract shall be settled by arbitration in Mumbai in accordance with the Arbitration Act, 1996.",Arbitration,General Indian,LOW,d-riti/Risky Patterns clause.pdf (derived recommended),True
"The Company shall appoint the sole arbitrator who shall
resolve all disputes.",Arbitration,General Indian,HIGH,d-riti/Risky Patterns clause.pdf,False
The parties shall mutually appoint a sole arbitrator to resolve all disputes arising under this agreement.,Arbitration,General Indian,LOW,d-riti/Risky Patterns clause.pdf (derived recommended),True
Disputes shall be resolved by arbitration.,Arbitration,General Indian,HIGH,d-riti/Risky Patterns clause.pdf,False
"Arbitration clause with no mention of time limit for
completing arbitration.",Arbitration,General Indian,HIGH,d-riti/Risky Patterns clause.pdf,False
The arbitral tribunal shall endeavor to complete proceedings and publish the award within 12 months of constitution.,Arbitration,General Indian,LOW,d-riti/Risky Patterns clause.pdf (derived recommended),True
Parties waive all rights to approach any court of law.,Arbitration,General Indian,HIGH,d-riti/Risky Patterns clause.pdf,False
"Seat of arbitration shall be Patna"" for a contract
between Mumbai and Delhi companies.",Arbitration,General Indian,MEDIUM,d-riti/Risky Patterns clause.pdf,False
Any dispute shall be referred to arbitration in New Delhi under the rules of the Indian Arbitration and Conciliation Act.,Arbitration,General Indian,LOW,d-riti/Risky Patterns clause.pdf (derived recommended),True
Disputes shall be resolved by institutional arbitration.,Arbitration,General Indian,MEDIUM,d-riti/Risky Patterns clause.pdf,False
"All intellectual property created by Vendor during or
related to this contract is assigned to Company with no additional
compensation.",Intellectual Property,Licensing,HIGH,d-riti/Risky Patterns clause.pdf,False
All intellectual property created specifically for this project shall assign to the Company upon receipt of full payment.,Intellectual Property,Licensing,LOW,d-riti/Risky Patterns clause.pdf (derived recommended),True
"Vendor assigns all IP including pre-existing IP and
tools to Company.",Intellectual Property,Licensing,HIGH,d-riti/Risky Patterns clause.pdf,False
Each party retains ownership of its pre-existing intellectual property. Vendor grants Company a license to use pre-existing tools solely for the project.,Intellectual Property,Licensing,LOW,d-riti/Risky Patterns clause.pdf (derived recommended),True
Vendor waives all moral rights in all works created.,Intellectual Property,Licensing,HIGH,d-riti/Risky Patterns clause.pdf,False
"The Vendor assigns the copyright of the deliverables to the Company, excluding moral rights which remain with the author.",Intellectual Property,Licensing,LOW,d-riti/Risky Patterns clause.pdf (derived recommended),True
"IP assignment is irrevocable and survives termination
regardless of reason.",Intellectual Property,Licensing,HIGH,d-riti/Risky Patterns clause.pdf,False
All intellectual property rights developed solely under this project shall be assigned to the Client upon final payment.,Intellectual Property,Licensing,LOW,d-riti/Risky Patterns clause.pdf (derived recommended),True
"Company has unlimited license to use all vendor tools
for any purpose.",Intellectual Property,Licensing,MEDIUM,d-riti/Risky Patterns clause.pdf,False
"Vendor must warrant their IP but company provides
no warranty about materials they provide to vendor.",Intellectual Property,Licensing,MEDIUM,d-riti/Risky Patterns clause.pdf,False
"This agreement shall be governed by the laws of England
and Wales.",Governing Law,General Indian,HIGH,d-riti/Risky Patterns clause.pdf,False
This Agreement shall be governed by and construed in accordance with the laws of India.,Governing Law,General Indian,LOW,d-riti/Risky Patterns clause.pdf (derived recommended),True
"Exclusive jurisdiction of courts in Andaman Islands""
for a contract performed in Mumbai.",Governing Law,General Indian,HIGH,d-riti/Risky Patterns clause.pdf,False
"Contract with no mention of which law governs or
which court has jurisdiction.",Governing Law,General Indian,HIGH,d-riti/Risky Patterns clause.pdf,False
"This Agreement shall be governed by Indian law, and the courts at Mumbai shall have exclusive jurisdiction.",Governing Law,General Indian,LOW,d-riti/Risky Patterns clause.pdf (derived recommended),True
Courts at Delhi shall have non-exclusive jurisdiction.,Governing Law,General Indian,MEDIUM,d-riti/Risky Patterns clause.pdf,False
Payment shall be made within 90 days of invoice.,Payment,Vendor/Supply,HIGH,d-riti/Risky Patterns clause.pdf,False
"Payments shall be made within 45 days of receipt of a valid invoice, in compliance with the MSMED Act, 2006.",Payment,Vendor/Supply,LOW,d-riti/Risky Patterns clause.pdf (derived recommended),True
"Company may withhold payment at its sole discretion
if it is dissatisfied with work quality.",Payment,Vendor/Supply,HIGH,d-riti/Risky Patterns clause.pdf,False
Payment shall be made within 30 days of receipt of invoice.,Payment,Vendor/Supply,LOW,d-riti/Risky Patterns clause.pdf (derived recommended),True
"Contract with payment terms but no mention of
interest for late payment.",Payment,Vendor/Supply,HIGH,d-riti/Risky Patterns clause.pdf,False
Delayed payments shall attract interest at the RBI bank rate plus 2% per annum.,Payment,Vendor/Supply,LOW,d-riti/Risky Patterns clause.pdf (derived recommended),True
"Payment shall be made only after client approval
which may take unlimited time.",Payment,Vendor/Supply,HIGH,d-riti/Risky Patterns clause.pdf,False
"Company may dispute any invoice and disputed amounts
shall not be paid until resolution.",Payment,Vendor/Supply,MEDIUM,d-riti/Risky Patterns clause.pdf,False
"In case of an invoice dispute, only the specific disputed amount may be withheld. All undisputed amounts must be paid when due.",Payment,Vendor/Supply,LOW,d-riti/Risky Patterns clause.pdf (derived recommended),True
"Force majeure includes market fluctuations, supply chain
issues, and inability to find staff.",Force Majeure,General Indian,HIGH,d-riti/Risky Patterns clause.pdf,False
"Force Majeure includes natural disasters, acts of God, war, riot, and government actions beyond the control of either party.",Force Majeure,General Indian,LOW,d-riti/Risky Patterns clause.pdf (derived recommended),True
"Force majeure clause with no obligation to notify
other party within specific time.",Force Majeure,General Indian,HIGH,d-riti/Risky Patterns clause.pdf,False
A party claiming force majeure must notify the other party in writing within 7 days of the occurrence of the event.,Force Majeure,General Indian,LOW,d-riti/Risky Patterns clause.pdf (derived recommended),True
"Either party may suspend performance for as long as
force majeure continues.",Force Majeure,General Indian,HIGH,d-riti/Risky Patterns clause.pdf,False
"If a Force Majeure event continues to prevent performance for more than 45 days, either party may terminate the contract.",Force Majeure,General Indian,LOW,d-riti/Risky Patterns clause.pdf (derived recommended),True
"Force majeure expressly excludes pandemic and
epidemic events.",Force Majeure,General Indian,MEDIUM,d-riti/Risky Patterns clause.pdf,False
"Force Majeure includes events beyond the reasonable control of the parties, including natural disasters and government orders.",Force Majeure,General Indian,LOW,d-riti/Risky Patterns clause.pdf (derived recommended),True
"This agreement shall automatically renew for successive
one year terms unless terminated.",Renewal Term,General Indian,HIGH,d-riti/Risky Patterns clause.pdf,False
This Agreement shall automatically renew for successive 1-year terms unless either party gives 30 days prior written notice of non-renewal.,Renewal Term,General Indian,LOW,d-riti/Risky Patterns clause.pdf (derived recommended),True
"On auto-renewal, fees shall increase by 20% automatically.",Renewal Term,General Indian,HIGH,d-riti/Risky Patterns clause.pdf,False
"Upon renewal, any price escalation shall be negotiated and agreed in writing by both parties.",Renewal Term,General Indian,LOW,d-riti/Risky Patterns clause.pdf (derived recommended),True
Agreement auto-renews for 3 year terms.,Renewal Term,General Indian,HIGH,d-riti/Risky Patterns clause.pdf,False
The term of this Agreement may be extended by mutual written consent of both parties.,Renewal Term,General Indian,LOW,d-riti/Risky Patterns clause.pdf (derived recommended),True
"Contract involving personal data with no mention
of data protection responsibilities.",Data Protection,General Indian,HIGH,d-riti/Risky Patterns clause.pdf,False
"The parties shall comply with all applicable data protection laws, including the Digital Personal Data Protection Act, 2023.",Data Protection,General Indian,LOW,d-riti/Risky Patterns clause.pdf (derived recommended),True
"Company may share user data with group companies
and third parties for any purpose.",Data Protection,General Indian,HIGH,d-riti/Risky Patterns clause.pdf,False
The Processor shall maintain reasonable security practices to protect personal data from unauthorized access.,Data Protection,General Indian,LOW,d-riti/Risky Patterns clause.pdf (derived recommended),True
"Company is not liable for any loss arising from
unauthorized access to data.",Data Protection,General Indian,HIGH,d-riti/Risky Patterns clause.pdf,False
"The initial term of this Agreement shall commence on the Effective Date, and shall continue thereafter for a period of twelve (12) months (the ""Initial Term"").",Expiration Date,Original Corporate,LOW,splits/train.csv,False
"Stryker and Conformis are collectively referred to herein as the ""Parties"" and   individually as a ""Party.""",Parties,Original Corporate,LOW,splits/train.csv,False
Programmer shall not separately sell advertising time on the HD2 Channel but may market the WLIB Programs as being rebroadcast on the HD2 Channel.,License Grant,Original Corporate,LOW,splits/train.csv,False
"THE VALIDITY, CONSTRUCTION AND ENFORCEABILITY OF THIS AGREEMENT SHALL BE GOVERNED BY THE LAWS OF THE STATE OF MINNESOTA, WITHOUT GIVING EFFECT TO CONFLICT OF LAWS PRINCIPLES THEREOF.",Governing Law,Original Corporate,LOW,splits/train.csv,False
This Agreement will be construed in accordance with the laws of the State of Delaware and is assignable only upon the written consent by all the parties hereto,Governing Law,Original Corporate,LOW,splits/train.csv,False
"(""Dassault Systemes"") and/or certain affiliates of Dassault Systemes,",Parties,Original Corporate,LOW,splits/train.csv,False
"Even in case of agreements with foreign (non-German) Software Publishers and Affiliates, the law of the Federal Republic of Germany applies.",Governing Law,Original Corporate,LOW,splits/train.csv,False
Each of us grants only the licenses expressly specified herein.,License Grant,Original Corporate,LOW,splits/train.csv,False
"Licensed Products may not be sold to any customer in, or to any customer for distribution into, the following countries, without Liquidmetal's prior written consent, which consent shall not be unreasonably withheld, conditioned or delayed: Brunei, Cambodia, China (P.R.C and R.O.C.), East Timor, Indonesia, Japan, Laos, Malaysia, Myanmar, North Korea, Philippines, Singapore, South Korea, Thailand and Vietnam.",License Grant,Original Corporate,LOW,splits/train.csv,False
"(together the ""Parties"" each a ""Party"")",Parties,Original Corporate,LOW,splits/train.csv,False
STRATEGIC ALLIANCE AGREEMENT is,Document Name,Original Corporate,LOW,splits/train.csv,False
"You also shall not use any Mark or any commercial symbol similar to the Marks in connection with the performance or sale of any unauthorized services or products, or in any other manner we have not expressly authorized in writing.",License Grant,Original Corporate,LOW,splits/train.csv,False
The initial term of this Agreement shall          ----------------------- commence on the Effective Date and end on the fifth anniversary of the Effective Date.,Expiration Date,Original Corporate,LOW,splits/train.csv,False
Cable & Wireless Global Network Limited,Parties,Original Corporate,LOW,splits/train.csv,False
"Subject to the terms set forth in this Agreement, North hereby grants to Company the right and privilege  to use North's Likeness and North's Endorsement during the Term and within the Contract Territory in all reasonable forms of advertising  including, but not limited to television (including the infomercial format), radio, print advertising, brochures, pamphlets, product packaging,  point-of-purchase materials, Company's  web-site and a demonstration video (hereinafter referred to as ""Advertising Materials"")  in connection with Company's advertisement and sale of the Endorsed Product only.",License Grant,Original Corporate,LOW,splits/train.csv,False
"""Effective Date"" shall mean February 16, 1998",Effective Date,Original Corporate,LOW,splits/train.csv,False
"Ehave shall be a third party beneficiary hereunder, but shall not have any obligations to the End User thereunder.",Third Party Beneficiary,Original Corporate,LOW,splits/train.csv,False
"Babcock & Wilcox Enterprises, Inc.",Parties,Original Corporate,LOW,splits/train.csv,False
"""Party"" means Array or Ono, individually; and ""Parties"" means Array and Ono, collectively.",Parties,Original Corporate,LOW,splits/train.csv,False
"Rocky Mountain Chocolate Factory, Inc.",Parties,Original Corporate,LOW,splits/train.csv,False
"Party A and Party B shall sign the Contract for Technology Investment simultaneously with the signature of this Contract, and pursuant to the Contract for Technology Investment shall license to the Joint Venture Company the right to utilize proprietary technology (including patented technology), related documentation and know-how for the production of the Joint Venture Products.",License Grant,Original Corporate,LOW,splits/train.csv,False
"Subject to the terms and conditions of this Agreement, during the Term, Ginkgo hereby grants and shall grant to BLI:

9.2.1 a [***] and this Section 9.2 (Grants to BLI)), [***] license in, to and under any Intellectual Property (a) Controlled by Ginkgo, (b) used by Ginkgo in the conduct of a Workflow Development Plan and (c) necessary for BLI to perform its obligations under this Agreement ((a)-(c) collectively, ""Ginkgo Licensed IP""), solely to perform BLI's obligations under such Workflow Development Plan; and",License Grant,Original Corporate,LOW,splits/train.csv,False
"Party B shall provide the Driver User with long-term and stable rental sources and the most favorable financial leasing scheme, complete the vehicle leasing transactions with the Driver User through the Platform, and provide the Driver User with high-quality financial leasing services.",Most Favored Nation,Original Corporate,LOW,splits/train.csv,False
"INTELLECTUAL PROPERTY AGREEMENT, d",Document Name,Original Corporate,LOW,splits/train.csv,False
"LICENSE, DEVELOPMENT AND COMMERCIALIZATION AGREEMENT",Document Name,Original Corporate,LOW,splits/train.csv,False
"""Effective Date"" shall have the meaning set forth in the preamble to this Agreement.",Effective Date,Original Corporate,LOW,splits/train.csv,False
"B C Marketing Concepts Inc., dba Full Sail Brewing Company",Parties,Original Corporate,LOW,splits/train.csv,False
"together with its successors and permitted assigns, ""Vivint Solar""",Parties,Original Corporate,LOW,splits/train.csv,False
The Company acknowledges that Nantz Communications' and      Nantz's obligations to CBS or any other television station or network with      which Nantz Communications or Nantz has a contract or arrangement shall      take precedence over any other commitments of Nantz Communications or Nantz      under this Agreement.,Most Favored Nation,Original Corporate,LOW,splits/train.csv,False
"This Agreement will be governed by, construed and enforced in accordance with the laws of the State of Texas.",Governing Law,Original Corporate,LOW,splits/train.csv,False
Savings  Association Insurance  Fund,Parties,Original Corporate,LOW,splits/train.csv,False
"""Effective Date"" means the date of last signature on this Agreement.",Effective Date,Original Corporate,LOW,splits/train.csv,False
MPM ONCOLOGY IMPACT MANAGEMENT GP LLC,Parties,Original Corporate,LOW,splits/train.csv,False
This Agreement shall be governed by the laws of the state of Florida.,Governing Law,Original Corporate,LOW,splits/train.csv,False
"For avoidance of doubt, to the extent that any of the licenses granted by the terms of this Agreement include any right to sublicense, such right to sublicense shall extend to Licensee's subsidiaries and joint venturers.",Affiliate License-Licensee,Original Corporate,LOW,splits/train.csv,False
and all MBE Centers together fail to ship at least [***]* packages,Competitive Restriction Exception,Original Corporate,LOW,splits/train.csv,False
The license granted to the Licensee under this Agreement shall continue perpetually,Expiration Date,Original Corporate,LOW,splits/train.csv,False
This Agreement shall be governed by and construed in accordance with the laws of the State of California without reference to conflict of law principles thereof.,Governing Law,Original Corporate,LOW,splits/train.csv,False
"During the term hereof and for a period of five (5) years thereafter, each Party agrees not to, either directly or indirectly, for itself or on behalf of any other person, firm, partnership, corporation or other entity hire, solicit, contract for, attempt to solicit, or cause to be solicited, the employment or services of any current or previous employee of the other Party (unless a period of sixty months has elapsed from the last date that such employee was employed by such party) without the prior written consent of such other Party.",Competitive Restriction Exception,Original Corporate,LOW,splits/train.csv,False
This Agreement shall be construed and enforced and interpreted in accordance with and governed by the laws of the Commonwealth of Massachusetts without reference to principles of conflicts of law.,Governing Law,Original Corporate,LOW,splits/train.csv,False
"_____ day of __________________, 2015",Agreement Date,Original Corporate,LOW,splits/train.csv,False
"SpinCo may sublicense the Licensed RemainCo Intellectual Property to Affiliates of SpinCo, even if they become Affiliates after the Distribution Date, solely within the scope of its licenses in Article 5, provided that such sublicense shall only be effective for such time as such entity remains an Affiliate of SpinCo",Affiliate License-Licensee,Original Corporate,LOW,splits/train.csv,False
Licensor: PACIFICAP ENTERTAINMENT,Parties,Original Corporate,LOW,splits/train.csv,False
"PennTex North Louisiana Operating, LLC",Parties,Original Corporate,LOW,splits/train.csv,False
"The Step-in Right shall include, without limitation, and to the extent allowable under Applicable Law, PPI's grant to EKR of  such additional license rights, rights of access, rights of observation and rights of management, direction and control, in  each case solely with respect to the manufacture and supply of Product and as reasonably necessary to enable and permit  EKR (or EKR's designee) to ensure that the supply of Product shall continue to be available to EKR under this Agreement  and the Supply Agreement; provided that EKR in exercising the Step-in Right shall not (i) unreasonably interfere with PPI's  other activities at the facilities at which the Product is manufactured, tested, labeled, stored or",License Grant,Original Corporate,LOW,splits/train.csv,False
"If FMI enters into any subsequent agreement with another customer or collaborator which provides for pricing terms for substantially the same product or services at substantially the same (or a lesser) scale, which pricing terms are more favorable than those contained herein, then FMI shall notify Roche and Roche will have the right to modify this agreement to provide Roche with those more favorable pricing terms. […***…].",Most Favored Nation,Original Corporate,LOW,splits/train.csv,False
"This Agreement shall be governed in all respects, including as to validity, interpretation and effect, by the Laws of the State of Illinois, without giving effect to its principles or rules of conflict of laws, to the extent such principles or rules are not mandatorily applicable by statute and would permit or require the application of the Laws of another jurisdiction.",Governing Law,Original Corporate,LOW,splits/train.csv,False
"""AbbVie Know-How"" means all Information that is (a) Controlled by AbbVie or any of its Affiliates during the Term, (b) developed or acquired by AbbVie or any of its Affiliates during the Term as a result of performance under this Agreement, (c) not generally known and (d) necessary or reasonably useful for the Exploitation of the Licensed Compound or a Licensed Product, but excluding any Joint Know-How or Information published in any AbbVie Patents or Joint Patents.",Affiliate License-Licensor,Original Corporate,LOW,splits/train.csv,False
"Indorama Loop Technologies, LLC",Parties,Original Corporate,LOW,splits/train.csv,False
"Green Cross hereby grants to MacroGenics a royalty-free, worldwide license during the Term, with the right to grant sublicenses, under the Green Cross Licensed Patents and Green Cross Know-how that is incorporated into any Product, and all other intellectual property Controlled by Green Cross that is specifically related to MGAH22 to the extent needed by MacroGenics to research, identify, develop, make, have made, use, sell, offer for sale and import Products, including, without limitation, as contemplated by Section 10.1(c) above, in all cases without any obligation to obtain Green Cross' prior consent.",License Grant,Original Corporate,LOW,splits/train.csv,False
"COLLABORATIVE RESEARCH, DEVELOPMENT AND COMMERCIALIZATION AGREEMENT",Document Name,Original Corporate,LOW,splits/train.csv,False
"each a ""Party"""" and together ""Parties""",Parties,Original Corporate,LOW,splits/train.csv,False
Without notification the contract will automatically extend for an additional month of service.,Renewal Term,Original Corporate,LOW,splits/train.csv,False
"The rights granted hereunder shall be effective as of the Effective Date and shall expire on December 31, 2006 (the ""Term""); provided, however, that with respect to each Property, including Robots, Kingdom of Heaven, Mr. and Mrs. Smith, In Her Shoes, Idiocracy (Oww My Balls) and Ice Age II, all right and licenses granted herein will continue in full force and effect until March 31, 2008.""",Expiration Date,Original Corporate,LOW,splits/train.csv,False
"in such capacity and together with its successors and assigns in such capacity, the ""Agent""",Parties,Original Corporate,LOW,splits/train.csv,False
Boehringer Ingelheim International GmbH,Parties,Original Corporate,LOW,splits/train.csv,False
"Sonos hereby authorizes IAC to use and to cause its Affiliates to use, the Marks as specified by Sonos on the Products and relevant documents solely for the purpose of this Agreement",License Grant,Original Corporate,LOW,splits/train.csv,False
"APOLLO CAPITAL MANAGEMENT GP, LLC",Parties,Original Corporate,LOW,splits/train.csv,False
"formerly known as Tarzan HoldCo, Inc.),",Parties,Original Corporate,LOW,splits/train.csv,False
SPONSORSHIP AND DEVELOPMENT AGREEMENT,Document Name,Original Corporate,LOW,splits/train.csv,False
FEDERATED ADVISORY SERVICES COMPANY,Parties,Original Corporate,LOW,splits/train.csv,False
"The laws of the State of New York (excluding any laws that direct the application of another jurisdiction's law) govern all matters arising out of or relating to this Agreement and all of the transactions it contemplates, including its validity, interpretation, construction, performance, and enforcement.",Governing Law,Original Corporate,LOW,splits/train.csv,False
Elephant Talk Communication Holding AG,Parties,Original Corporate,LOW,splits/train.csv,False
"Except as set forth in Sections 10.3 and 10.4, nothing in this Agreement is intended to confer  benefits, rights or remedies unto any person or entity other than the Parties and their permitted successors and assigns.",Third Party Beneficiary,Original Corporate,LOW,splits/train.csv,False
SCANSOURCE DE MEXICO S. DE R.L. DE C.V.,Parties,Original Corporate,LOW,splits/train.csv,False
"From the commencement of the first Contract Year through the end of the Term, Forty Niners SC grants to Sponsor a limited license during the Term to (a) advertise and promote the fact that Sponsor is an ""official sponsor of the San Francisco 49ers,"" (b) use, reproduce and display the Team Marks in connection with advertising and promotion of Sponsor's goods and services in the Product and Services Category, and (c) promote Sponsor's sponsorship, subject to the terms and conditions of use set forth herein.",License Grant,Original Corporate,LOW,splits/train.csv,False
"This Agreement shall be governed by, and construed and enforced in accordance with, the laws of the State of Delaware, without regard to any conflict or choice-of-law provision or rule (whether of the State of Delaware or any other jurisdiction) that would cause the application of the laws of any jurisdiction other than the State of Delaware.",Governing Law,Original Corporate,LOW,splits/train.csv,False
GLOBAL MAINTENANCE AGREEMENT (,Document Name,Original Corporate,LOW,splits/train.csv,False
"Columbia Laboratories, (Bermuda) Ltd.",Parties,Original Corporate,LOW,splits/train.csv,False
"This agreement shall commence on January 20, 2014 (the ""Effective Date"") and shall continue in effect for six (6) months (the ""Initial Term"").",Effective Date,Original Corporate,LOW,splits/train.csv,False
Telekom Malaysia Berhad (128740-P),Parties,Original Corporate,LOW,splits/train.csv,False
ATHENE ANNUITY & LIFE ASSURANCE COMPANY,Parties,Original Corporate,LOW,splits/train.csv,False
Agent is granted a limited license and right to use all Intellectual Property for purposes of conducting the GOB Sale and otherwise marketing any or all of the Assets;,License Grant,Original Corporate,LOW,splits/train.csv,False
MCI International Telecommunications. Inc.,Parties,Original Corporate,LOW,splits/train.csv,False
Federal   Deposit   Insurance Corporation,Parties,Original Corporate,LOW,splits/train.csv,False
"This Agreement shall be governed by and construed in accordance with the laws of the State of Nevada, USA in force therein without regard to its conflict of law rules.",Governing Law,Original Corporate,LOW,splits/train.csv,False
"______ day of ______________, 2015.",Agreement Date,Original Corporate,LOW,splits/train.csv,False
Any rights or license granted under this Article VI to a     -----------------                                                               corporation or other legal entity which becomes a Subsidiary of a Party at a     date later than the Effective Date shall become effective as of the date     upon which such corporation or other legal entity becomes a Subsidiary of     such Party.,Affiliate License-Licensee,Original Corporate,LOW,splits/train.csv,False
"TRANSFER AND SERVICING AGREEMENT, d",Document Name,Original Corporate,LOW,splits/train.csv,False
"WHEREAS, it is now understood and agreed that this split-dollar agreement is to be effective as of the date first listed above;",Effective Date,Original Corporate,LOW,splits/train.csv,False
"Effective Date"" shall mean December 5, 2014.",Agreement Date,Original Corporate,LOW,splits/train.csv,False
This Agreement shall be construed in accordance with the laws of the State of California applicable to agreements executed and to be wholly performed therein.,Governing Law,Original Corporate,LOW,splits/train.csv,False
"This Agreement shall be governed and construed in accordance with the laws of the State of Delaware, without reference to the conflicts of laws principles thereunder.",Governing Law,Original Corporate,LOW,splits/train.csv,False
"other party is covered under its license, to practice these Intellectual Property Rights for the Assay.",License Grant,Original Corporate,LOW,splits/train.csv,False
This Agreement shall commence on 5th March 2019,Effective Date,Original Corporate,LOW,splits/train.csv,False
"Fox Mobile Entertainment, Inc.",Parties,Original Corporate,LOW,splits/train.csv,False
"""Licensing"" and together with Seller, ""Arizona"")",Parties,Original Corporate,LOW,splits/train.csv,False
Dialog Semiconductor (UK) Ltd.,Parties,Original Corporate,LOW,splits/train.csv,False
"HPIL ET and GINARES (hereafter the ""Party"" or collectively the ""Partie",Parties,Original Corporate,LOW,splits/train.csv,False
"DOT COM LLC, OBA Seattle Software Developers",Parties,Original Corporate,LOW,splits/train.csv,False
This Agreement shall enter into effect on the date it is signed by both parties as shown below.,Effective Date,Original Corporate,LOW,splits/train.csv,False
SOLANA PETROLEUM EXPLORATION  COLOMBIA LIMITED,Parties,Original Corporate,LOW,splits/train.csv,False
"All questions regarding the validity, interpretation, performance and enforcement of the provisions of this Agreement shall be governed by the laws of the state of New York.",Governing Law,Original Corporate,LOW,splits/train.csv,False
Beijing Sun Seven Stars Culture Development Limited,Parties,Original Corporate,LOW,splits/train.csv,False
This Agreement shall be construed in accordance with the laws of the State of Delaware without regard to its conflict of laws provisions.,Governing Law,Original Corporate,LOW,splits/train.csv,False
This Agreement shall be governed by and construed under the laws of the Commonwealth of Virginia without regard to the conflicts of law provisions thereof.,Governing Law,Original Corporate,LOW,splits/train.csv,False
This agreement shall be for a term of five years from the date of this document.,Expiration Date,Original Corporate,LOW,splits/train.csv,False
"The term of this Agreement (the ""Term"") shall commence on the date hereof       (the ""Effective Date"") and shall expire upon delivery of [**] to ebix,       but in no way shall this Agreement extend any later than thirty (30)       months from the Effective Date regardless of the number Filled       Application Forms delivered to ebix. About will make commercially       reasonable efforts to achieve that number in twelve (12) months or less       from the Effective Date.",Expiration Date,Original Corporate,LOW,splits/train.csv,False
JOINT CONTENT LICENSE AGREEMENT,Document Name,Original Corporate,LOW,splits/train.csv,False
Transoceanic Communications Incorporated,Parties,Original Corporate,LOW,splits/train.csv,False
This Agreement shall be effective as of the date set forth above in this Agreement.,Effective Date,Original Corporate,LOW,splits/train.csv,False
STATEMENT OF WORK - APPENDIX A,Document Name,Original Corporate,LOW,splits/train.csv,False
"collectively, the ""Principals"" and individually,                a ""Principal""",Parties,Original Corporate,LOW,splits/train.csv,False
"This Agreement shall be governed by, and construed and enforced in accordance with, the laws of the State of California and the laws of Hong Kong.",Governing Law,Original Corporate,LOW,splits/train.csv,False
An entity may transfer its right to use a certain piece of Software to its Affiliate.,Affiliate License-Licensee,Original Corporate,LOW,splits/train.csv,False
Nothing in this Paragraph 8.02(a)(2) will create an obligation on the part of FCE to grant ExxonMobil a license or right under FCE Background Patents or FCE Background Information if the Parties do not agree on the terms and conditions of such license.,License Grant,Original Corporate,LOW,splits/train.csv,False
"In the event that either Wade or Naked wishes to extend the Term of the Agreement as contemplated above, it shall provide the other Party with written notice at least ninety (90) days prior to the expiration of the Term.",Renewal Term,Original Corporate,LOW,splits/train.csv,False
This Amendment shall be governed by and construed in accordance with the laws of Japan.,Governing Law,Original Corporate,LOW,splits/train.csv,False
"The Joint Venture shall commence on the 1st of      March, 2003,",Effective Date,Original Corporate,LOW,splits/train.csv,False
Software License Agreement [v.08.05.03],Document Name,Original Corporate,LOW,splits/train.csv,False
Trust's Advantus Money Market Fund,Parties,Original Corporate,LOW,splits/train.csv,False
Armstrong Hardwood Flooring Company,Parties,Original Corporate,LOW,splits/train.csv,False
AMENDMENT                                      TO THE                               DISTRIBUTOR AGREEMENT                                      BETWEEN                                   INGRAM MICRO                                        AND                                      NETGEAR,Document Name,Original Corporate,LOW,splits/train.csv,False
Software Development Agreement,Document Name,Original Corporate,LOW,splits/train.csv,False
"Beijing SINA Internet Information Service Co., Ltd.",Parties,Original Corporate,LOW,splits/train.csv,False
"This Agreement will be governed in all respects by the laws of the State of Delaware, including its conflict with law provisions.",Governing Law,Original Corporate,LOW,splits/train.csv,False
"The buyer/End-User: Shenzhen LOHAS Supply Chain Management Co., Ltd.",Parties,Original Corporate,LOW,splits/train.csv,False
"'IMPCO', which terms shall unless repugnant to the subject or context mean and include its successors and permitted assigns",Parties,Original Corporate,LOW,splits/train.csv,False
"In the event that Excite has not delivered XXXXXXXXXXXXXXXX             clickthroughs to the Client Site by the end of twelve (12) months             after the Launch Date, the first year of the term of the Agreement             will be extended without additional sponsorship and advertising fees             for up to an additional four (4) months.",Expiration Date,Original Corporate,LOW,splits/train.csv,False
This Agreement comes into force as of the Effective Date and shall remain valid during the term of the LSA.,Expiration Date,Original Corporate,LOW,splits/train.csv,False
"the ""Subsidiary,"" and collectively with Water Now, ""Hydraspin"")",Parties,Original Corporate,LOW,splits/train.csv,False
This Agreement shall be interpreted in accordance with the                   laws of the State of Indiana.,Governing Law,Original Corporate,LOW,splits/train.csv,False
"American Express Incentive Services, L.L.C.",Parties,Original Corporate,LOW,splits/train.csv,False
"The construction and validity of this Agreement and the provisions hereof, and the rights and obligations of the Parties hereunder, will be governed by the internal laws of the State of Delaware, USA, and, to the extent applicable to Patents and Trademarks, the applicable federal laws of the USA, in each instance without regard to conflict of laws principles.",Governing Law,Original Corporate,LOW,splits/train.csv,False
This Contract shall take effect after it is approved by the Examination and Approval Authority.,Effective Date,Original Corporate,LOW,splits/train.csv,False
"This Agreement shall be governed by, construed in accordance with the laws of Ontario, Canada.",Governing Law,Original Corporate,LOW,splits/train.csv,False
"(each a ""Party,"" together, the ""Parties"").",Parties,Original Corporate,LOW,splits/train.csv,False
"Thereafter, this Agreement automatically renews for successive terms of one (1) year.",Renewal Term,Original Corporate,LOW,splits/train.csv,False
"The initial term (""Initial Term"") of this Agreement shall be for one year commencing on the 1st day of May, 2006 (""Effective Date"").",Effective Date,Original Corporate,LOW,splits/train.csv,False
This Agreement will be governed by and                   construed in accordance with the laws of the State of New York,Governing Law,Original Corporate,LOW,splits/train.csv,False
The Term shall commence upon the Effective Date and shall continue for an initial term of five (5) years.,Expiration Date,Original Corporate,LOW,splits/train.csv,False
"the Effective Date of this Agreement shall be February 1, 2020, despite the actual date of execution of this Agreement.",Effective Date,Original Corporate,LOW,splits/train.csv,False
The Agreement may be renewed for an additional period of  seven (7) years at the option of the Licensor.,Renewal Term,Original Corporate,LOW,splits/train.csv,False
"element 5 GmbH, Vogelsanger Strasse 78, 50823 Cologne, Germany and its subsidiaries (together hereafter, ""element 5"")",Parties,Original Corporate,LOW,splits/train.csv,False
"The initial term of this Agreement shall be one (1) year from the Effective Date (the ""Initial Term"").",Expiration Date,Original Corporate,LOW,splits/train.csv,False
Reseller grants to           TouchStar a right and license to use the Reseller Marks in the           preparation of the Private Label Software.,License Grant,Original Corporate,LOW,splits/train.csv,False
"Manufacturers' Services Western US Operations, Inc.",Parties,Original Corporate,LOW,splits/train.csv,False
SOFTWARE LICENSE AND MAINTENANCE AGREEMENT,Document Name,Original Corporate,LOW,splits/train.csv,False
"The          Company shall have unlimited rights of utilization of the           Professional's Image in all advertising, promotion, publicity and           other forms of communication with any part during the term of this           Agreement, it being the intent of the Professional that the Company's          utilization of the Professional's Image shall be at the discretion of          the Company.",License Grant,Original Corporate,LOW,splits/train.csv,False
The initial term of this Agreement shall be three (3) calendar years from the Agreement date.,Expiration Date,Original Corporate,LOW,splits/train.csv,False
"During the Term, MusclePharm shall have the right to create and distribute the Promotional Products world- wide.",License Grant,Original Corporate,LOW,splits/train.csv,False
"This Agreement shall be governed by and construed in accordance with the laws of the Province of British Columbia and the federal laws of Canada applicable therein, excluding its conflict-of-laws rules.",Governing Law,Original Corporate,LOW,splits/train.csv,False
"This Agreement will be construed and interpreted in accordance with the laws of the State of New York without reference to its conflicts of laws principles or the conflicts of laws principles of any other jurisdiction, and each of the parties hereto expressly attorns to the jurisdiction of the courts of the State of New York.",Governing Law,Original Corporate,LOW,splits/train.csv,False
This Agreement shall take effect as of the date when the authorized representatives of the Parties sign hereon.,Effective Date,Original Corporate,LOW,splits/train.csv,False
This Agreement will be deemed entered into in Arizona and will be governed by and interpreted in accordance with the internal substantive laws of the State of Arizona without reference to conflicts of law provisions.,Governing Law,Original Corporate,LOW,splits/train.csv,False
"THIS REMARKETING AGREEMENT AND THE PRICING AGREEMENT SHALL BE GOVERNED BY AND CONSTRUED IN ACCORDANCE WITH THE LAWS OF THE STATE OF NEW YORK, WITHOUT REGARD TO PRINCIPLES OF CONFLICTS OF LAW TO THE EXTENT THAT SUCH PRINCIPLES WOULD REQUIRE OR PERMIT THE APPLICATION OF LAWS OF ANOTHER JURISDICTION.",Governing Law,Original Corporate,LOW,splits/train.csv,False
"This Agreement and any disputes, claims, or actions related thereto shall be governed by and construed in accordance with the laws of the State of California, USA, without regard to the conflicts of law provisions thereof.",Governing Law,Original Corporate,LOW,splits/train.csv,False
Any disputes or claims arising under this Agreement shall be governed by the laws of the State of Texas.,Governing Law,Original Corporate,LOW,splits/train.csv,False
"The foregoing shall not apply to operation of an El Pollo Loco® restaurant by Developer pursuant to a Franchise Agreement with Franchisor or the ownership by Developer of less than five percent (5%) of the issued or outstanding stock of any company whose shares are listed for trading on any public exchange or on the over-the-counter market, provided that Developer does not control or become involved in the operations of any such company.",Competitive Restriction Exception,Original Corporate,LOW,splits/train.csv,False
"This Agreement shall be deemed to have been entered into in the State of New Jersey, and shall be construed and interpreted in accordance with the laws of that State applicable to agreements made and to be performed in the State of New Jersey.",Governing Law,Original Corporate,LOW,splits/train.csv,False
"(the ""Parties"" or ""Joint Venturers"" if referred to collectively, or the ""Party"" or Joint Venturer"" if referred to singularly)",Parties,Original Corporate,LOW,splits/train.csv,False
ExxonMobil Research and Engineering Company,Parties,Original Corporate,LOW,splits/train.csv,False
"The effective term is 12 months beginning March 1, 2005 and ending February 28, 2006.",Effective Date,Original Corporate,LOW,splits/train.csv,False
Singapore Telecommunications Limited,Parties,Original Corporate,LOW,splits/train.csv,False
Sumitomo Mitsui Banking Corporation,Parties,Original Corporate,LOW,splits/train.csv,False
"At the end of such initial term, and any renewed term, as applicable, this Agreement shall automatically renew for an additional one (1) year term, unless a party provides written notice to the other parties at least six (6) months prior to the end of the",Renewal Term,Original Corporate,LOW,splits/train.csv,False
"The utilization rights of Customer are as follows:

         (a)  Customer is granted an unlimited number of Client Access Licenses.               Each Client Access License entitles Customer to receive one (1)               Enable Code from Changepoint which will enable Customer to have               one (1) user use the Licensed Materials.

         (b)  Customer may install Licensed Software on one or more computer               servers as it desires.",Unlimited/All-You-Can-Eat-License,Original Corporate,LOW,splits/train.csv,False
JACKSONVILLE JAGUARS SPONSORSHIP AGREEMENT,Document Name,Original Corporate,LOW,splits/train.csv,False
"THIS AGREEMENT WILL BE GOVERNED IN ALL RESPECTS, INCLUDING VALIDITY, INTERPRETATION AND EFFECT, BY THE LAWS OF THE STATE OF DELAWARE WITHOUT GIVING EFFECT TO THE CHOICE OF LAW PRINCIPLES OF SUCH STATE.",Governing Law,Original Corporate,LOW,splits/train.csv,False
"20th day of Friday, March 2020",Agreement Date,Original Corporate,LOW,splits/train.csv,False
The term of this Agreement will begin on the Effective Date and                  will end on the second (2nd) anniversary of the Commencement                  Date.,Expiration Date,Original Corporate,LOW,splits/train.csv,False
This Agreement is governed by the laws of the State of New York without giving effect to principles of conflict of laws.,Governing Law,Original Corporate,LOW,splits/train.csv,False
Cooperation Agreement (2014 Amendment),Document Name,Original Corporate,LOW,splits/train.csv,False
Distributor shall not sell or export the Products outside the United States without prior written consent of Erchonia.,License Grant,Original Corporate,LOW,splits/train.csv,False
"Aimmune hereby covenants and agrees that it shall not (and shall cause the other Aimmune Agreement Entities not to), either directly or indirectly,",License Grant,Original Corporate,LOW,splits/train.csv,False
effective as of the last date of signature on the signature pages below,Effective Date,Original Corporate,LOW,splits/train.csv,False
This Agreement shall be governed by and interpreted and enforced in accordance with the laws of the Province of Ontario and the Parties agree to abide by the jurisdiction of the Courts of Ontario.,Governing Law,Original Corporate,LOW,splits/train.csv,False
"The Association hereby grants Company the right to use the Association Name and Logo (""the Association Marks"") on educational, promotional and or advertising materials throughout the Term (see Attachment ""B"").",License Grant,Original Corporate,LOW,splits/train.csv,False
"This Agreement shall      renew for successive 1-year periods, after the initial 1 Year Term, if      agreed by both parties in writing within 30 days of license expiration.",Renewal Term,Original Corporate,LOW,splits/train.csv,False
"Bellicum Pharmaceuticals, Inc.",Parties,Original Corporate,LOW,splits/train.csv,False
"(d) the Intellectual Property Rights are Performer Background IPR or Patent rights of the Licensor Party or another member of the Licensor Group and is necessary for the Licensee Party or another member of the Licensee Party to Exploit the Performer Foreground-Delivered IPR in the Licensee Group Field, provided, however, that the license granted in this Section 3.1.1(d) applies only to the extent necessary for the Licensee Party or another member of the Licensee Group to Exploit the Performer Foreground-Delivered IPR in the Licensee Group Field. (collectively, ""Licensed Intellectual Property Rights"").",License Grant,Original Corporate,LOW,splits/train.csv,False
"Distributor, Issuer and Broker Dealer are   individually referred to as a ""Party"" and collectively as the ""Parties""",Parties,Original Corporate,LOW,splits/train.csv,False
"SMBC, Nikko, Moelis Holdings and Moelis General Partner are each referred to herein as a ""party"" and collectively referred to as the ""parties",Parties,Original Corporate,LOW,splits/train.csv,False
giving effect to the conflicts of laws principles thereof.,Governing Law,Original Corporate,LOW,splits/train.csv,False
PRODUCT MANUFACTURING AGREEMENT,Document Name,Original Corporate,LOW,splits/train.csv,False
The party  or  parties  specified as the Principals on SCHEDULE 1                attached hereto,Parties,Original Corporate,LOW,splits/train.csv,False
CELEBRITY ENDORSEMENT AGREEMENT,Document Name,Original Corporate,LOW,splits/train.csv,False
"Producer further grants to ConvergTV the right and license to Distribute the Program on any ConvergTV channel, and/or other distribution outlets, that exists today or that is created or developed in the future and this right includes the right to Distribute on any channels of a ConvergTV affiliate and/or other distribution outlets without limitation.",License Grant,Original Corporate,LOW,splits/train.csv,False
"SEATTLE SOFTWARE DEVELOPERS, Inc.",Parties,Original Corporate,LOW,splits/train.csv,False
"mPhase shall have the right to          annually renew this agreement for a period of one year upon each annual          expiration with the written consent of Lucent, which written consent          shall not be unreasonably withheld.",Renewal Term,Original Corporate,LOW,splits/train.csv,False
"Subject to the terms and conditions hereof, Nantz      Communications grants to the Company the Endorsement throughout the world      during the Term in connection with the advertisement, promotion and sale by      the Company of Ashworth Products except in connection with Premium      Programs.",License Grant,Original Corporate,LOW,splits/train.csv,False
"Nexstar Broadcasting of Peoria, L.L.C.",Parties,Original Corporate,LOW,splits/train.csv,False
"owned by HSI related to the ERB that incorporate the mark/name HERTZ) as set forth on Schedule B, for the Interim Period, in the United States and Puerto Rico, as more fully set forth in the Trademark, Trade Name, Domain and Related Rights License Agreement attached as Exhibit A.",License Grant,Original Corporate,LOW,splits/train.csv,False
"This Agreement shall be governed by and construed in accordance with the substantive Laws of the [* * *], excluding any rules of conflicts of laws that would apply the substantive laws of any other jurisdiction.",Governing Law,Original Corporate,LOW,splits/train.csv,False
"This Agreement shall be governed by, construed, and enforced in accordance with the laws of the State of Texas, without regard to choice of  law principles that would require the application of the laws of any other jurisdiction.",Governing Law,Original Corporate,LOW,splits/train.csv,False
"together with PHLVIC, ""PHL Variable""",Parties,Original Corporate,LOW,splits/train.csv,False
Great Lakes Gas Transmission Limited Partnership,Parties,Original Corporate,LOW,splits/train.csv,False
FORM OF TRADEMARK LICENSE AGREEMENT,Document Name,Original Corporate,LOW,splits/train.csv,False
"who wish to make use of the additional service provided by element 5 (hereafter, ""Affiliate Management""",Parties,Original Corporate,LOW,splits/train.csv,False
"IGER will have the right to make available germplasm of CERTAIN MISCANTHUS ACCESSIONS to third parties for  research purposes (including breeding), subject to the terms and conditions under which IGER holds such accessions.",Competitive Restriction Exception,Original Corporate,LOW,splits/train.csv,False
"HPS MEZZANINE PARTNERS II GP, L.P.",Parties,Original Corporate,LOW,splits/train.csv,False
"Software Programs) to the members of the Equifax Group, which sublicenses may include the right to further sublicense such Licensed Certegy Materials (excluding the Utility Software Programs) to such Group member's customers solely for each such customer's internal business purposes to the extent related to the Equifax Business.",License Grant,Original Corporate,LOW,splits/train.csv,False
"this ______ day of ________________, 2013",Effective Date,Original Corporate,LOW,splits/train.csv,False
"This Agreement shall become effective on the Effective Date and shall remain in effect for an initial period of 1 year (""Initial Term"").",Expiration Date,Original Corporate,LOW,splits/train.csv,False
"The Association Marks shall not be placed adjacent to the mark of another organization concerned with diabetes, or those of a company that manufactures products or provides services related to diabetes, without the Association's specific prior written consent, which may be withheld for any reason.",License Grant,Original Corporate,LOW,splits/train.csv,False
Nanophase Technologies Corporation,Parties,Original Corporate,LOW,splits/train.csv,False
this Agreement as of the Effective Date.,Agreement Date,Original Corporate,LOW,splits/train.csv,False
The Franchise Agreement requires application of the laws of the State of Texas.,Governing Law,Original Corporate,LOW,splits/train.csv,False
"Subject to the provisions stated below, we hereby grant you a license to use the ""Buffalo Wild Wings"" Marks and System, and you undertake the obligation to operate a Buffalo Wild Wings restaurant facility featuring the Menu Items and providing sit-down, carry-out and other restaurant services (""Franchised",License Grant,Original Corporate,LOW,splits/train.csv,False
"This Agreement shall be effective           through and including March 31, 2004.",Expiration Date,Original Corporate,LOW,splits/train.csv,False
The effective date of the start of the Term will be from the Launch Date.,Effective Date,Original Corporate,LOW,splits/train.csv,False
"otherwise handled (""Product Facilities"") or (ii) require PPI to take any action or fail to take any action that does or could  reasonably be expected to interfere with PPI's other activities at the Product Facilities.",License Grant,Original Corporate,LOW,splits/train.csv,False
"All questions with respect to the construction of this Agreement, and the rights and liabilities of the Parties hereto, shall be governed by the laws of the State of Florida.",Governing Law,Original Corporate,LOW,splits/train.csv,False
This Agreement and the performance of transactions under this Agreement       shall be governed by the substantive laws of the state of New York.,Governing Law,Original Corporate,LOW,splits/train.csv,False
"Xi'an Zhonghong New Energy Technology Co., Ltd.",Parties,Original Corporate,LOW,splits/train.csv,False
"Pivotal Self Service Tech, Inc.",Parties,Original Corporate,LOW,splits/train.csv,False
"""VNE""; collectively with VNI, ""Vert""",Parties,Original Corporate,LOW,splits/train.csv,False
"Sekisui Diagnostics, LLC and its Affiliates",Parties,Original Corporate,LOW,splits/train.csv,False
"(the ""Company"" and together with Buyer the ""Buyer Entities""",Parties,Original Corporate,LOW,splits/train.csv,False
This Agreement and any amendments thereto shall be construed according to the laws of the State of Colorado without regard to conflicts of law principles and any disputes hereunder shall be litigated in a state court in Colorado.,Governing Law,Original Corporate,LOW,splits/train.csv,False
"Licensee hereby grants all licenses to Fox to enable Fox to provide Wireless Products to VGSL and T-Mobile for distribution to VGSL and T-Mobile subscribers outside of the United States in accordance with the terms of this Agreement, and shall further deliver such Wireless Products to VGSL and T-Mobile on behalf of Fox.",License Grant,Original Corporate,LOW,splits/train.csv,False
"(hereinafter  collectively  called  ""Parties""  and  individually  called ""Party"")",Parties,Original Corporate,LOW,splits/train.csv,False
"Antares and AMAG are sometimes referred to herein individually as a ""Party"" and collectively as the ""Parties"".",Parties,Original Corporate,LOW,splits/train.csv,False
COLLABORATION & ENDORSEMENT AGREEMENT,Document Name,Original Corporate,LOW,splits/train.csv,False
The Application and any modifications are licensed pursuant to this Agreement to HSNS for use of the Application and any modifications thereto.,License Grant,Original Corporate,LOW,splits/train.csv,False
eGain Communications Corporation,Parties,Original Corporate,LOW,splits/train.csv,False
The      parties acknowledge that the foregoing will not prevent CNET from      displaying text links and other references to Competing Computer Products      Retailers as reasonably necessary to provide appropriate editorial and      search related services on the CNET Sites. The Retail Promotions granted to      the Company shall be placed in such a way as to provide no more or less      prominence to the Company than is provided to any other Competing Computer      Retailer signing an agreement with CNET.,Competitive Restriction Exception,Original Corporate,LOW,splits/train.csv,False
Kallo grants Agent the right to use the Trademarks solely for the purpose of distributing and marketing the  Kallo Mobile care suite of products provided that Agent:  i.uses the appropriate Trademarks for the corresponding Kallo Mobile care suite of products;  ii.Identifies all Trademarks are registered trademarks of Kallo;  iii.take reasonable steps to modify all objectionable uses of the Trademarks.,License Grant,Original Corporate,LOW,splits/train.csv,False
Corporate Sponsorship Agreement,Document Name,Original Corporate,LOW,splits/train.csv,False
"CONTENT PROVIDER further grants to COMPANY (i) the right to sublicense the Content to COMPANY'S wholly-owned subsidiaries or to joint ventures in which COMPANY participates for the sole purpose of using, reproducing, distributing, transmitting and publicly displaying the Content in accordance with this Agreement; and, (ii) the right, in COMPANY'S discretion, to use and exploit the Content at one or more other web sites in addition to or in lieu of the web sites referred to in the recital above (the web sites referred to above and any other web sites in addition to or in lieu thereof where COMPANY, its subsidiaries or joint ventures in which it might participate might use or exploit the Content are hereinafter collectively referred to as the ""Web site"").",Affiliate License-Licensee,Original Corporate,LOW,splits/train.csv,False
In the event that any Bachem Intellectual Property is incorporated into any,License Grant,Original Corporate,LOW,splits/train.csv,False
Scientific Products Pharmaceutical Co. LTD.,Parties,Original Corporate,LOW,splits/train.csv,False
El Banco Financial Corporation,Parties,Original Corporate,LOW,splits/train.csv,False
People's Government of Fenyi County,Parties,Original Corporate,LOW,splits/train.csv,False
INTERNATIONAL FAST FOOD CORPORATION,Parties,Original Corporate,LOW,splits/train.csv,False
"""Company Licensed Know-How"" means all Know-How owned by any Company Entity as of the Effective Date and used or held for use in the Arizona Field as of the Effective Date.",Affiliate License-Licensor,Original Corporate,LOW,splits/train.csv,False
Otkritie Investments Cyprus Limited,Parties,Original Corporate,LOW,splits/train.csv,False
"Fox and Licensee are collectively referred to as the ""parties"" and each individually as a ""party.""",Parties,Original Corporate,LOW,splits/train.csv,False
MOBILE VIRTUALNETWORK ENABLER HOSTING AGREEMENT,Document Name,Original Corporate,LOW,splits/train.csv,False
"This Agreement shall be effective as of that date (the ""Effective Date"") the Site becomes fully operational as set forth in writing and executed by both Parties and shall continue for a period of one (1) year from the Effective Date.",Effective Date,Original Corporate,LOW,splits/train.csv,False
This Agreement shall be governed by and construed in accordance with the laws  of the Illinois without giving effect to its conflict of laws principles.,Governing Law,Original Corporate,LOW,splits/train.csv,False
PCQ agrees to allow ABW to co-brand the PCQ SOFTWARE in order to provide a value added service on ABW's World Wide Web site.,License Grant,Original Corporate,LOW,splits/train.csv,False
This Agreement shall be governed by and construed in accordance with             the laws of England and Wales.,Governing Law,Original Corporate,LOW,splits/train.csv,False
"Premier Nutrition Company, LLC",Parties,Original Corporate,LOW,splits/train.csv,False
"In connection with the foregoing appointment, Supplier hereby grants Reseller a non-transferable, revocable, limited right to resell, market, promote, stimulate interest in, and solicit Orders by Customers and/or End Users in the Territory for the Products and to provide services in connection with those activities.",License Grant,Original Corporate,LOW,splits/train.csv,False
"The parties' rights and obligations hereunder shall be construed and enforced under the laws of the State of Texas, U.S.A., without regard to conflict of laws principles. Incoterms 2010 (or any subsequent revision thereof) (""Incoterms"") shall also apply; provided, however, that Incoterms shall apply only to the extent specified in the agreement hereof, and provided, further, that in the event of a conflict between Incoterms and the laws of the State of Texas, U.S.A., the latter shall govern.",Governing Law,Original Corporate,LOW,splits/train.csv,False
This Agreement will be governed by and construed in accordance with the Laws of the State of Illinois applicable to agreements made and to be performed wholly within that State without regard to its conflicts of laws provisions.,Governing Law,Original Corporate,LOW,splits/train.csv,False
Valeant Pharmaceuticals North America LLC,Parties,Original Corporate,LOW,splits/train.csv,False
Cable & Wireless Global Network Organisation Limited,Parties,Original Corporate,LOW,splits/train.csv,False
Outsourcing Contract on Development of Miaoli Royal Resort Hotel,Document Name,Original Corporate,LOW,splits/train.csv,False
"The Joint Venture is a fixed term Joint Venture beginning November 27, 2018 and ending November 30th, 2019 or as otherwise provided in this Agreement.",Effective Date,Original Corporate,LOW,splits/train.csv,False
ENTERPRISE PRODUCTS OPERATING L.P.,Parties,Original Corporate,LOW,splits/train.csv,False
SCULPTOR CAPITAL HOLDING CORPORATION,Parties,Original Corporate,LOW,splits/train.csv,False
ADDENDUM REQUIRED BY THE DEPARTMENT OF LAW OF THE STATE OF NEW YORK,Document Name,Original Corporate,LOW,splits/train.csv,False
"At the end of such [*] ([*]) year period, HSWI shall have the right to renew the Agreement under materially the same terms or shall have an option to purchase the Translated Content outright to the extent rights permit and to the extent the parties mutually agree to terms for such sale.",Renewal Term,Original Corporate,LOW,splits/train.csv,False
"Any marketing  exclusivity set forth in the Agreement Summary shall not preclude or prevent (a) signage, advertising and promotional arrangements made by the Office of the Commissioner of Baseball with respect to nationally-televised games, All-Star Games, World Baseball Classic games, playoff games and World Series games, (b) licensing arrangements made by Major League Baseball Properties, Inc. with respect to such category, (c) advertising with respect to such category in game programs, yearbooks, scorecards and similar publications which are sold on the day of an event other than Padres home games, (d) the display before, during and after an event of displays, temporary in nature, erected by an event sponsor, promoter, broadcaster or participant, even though such display may constitute advertising with respect to such category, (e) promotional messages displayed on a scoreboard or video board which give the name of the sponsor of Ballpark day-of-event promotions at events other than Padres home games or promote sale of event-day programs (including identifying program sponsors), even though such messages may identify companies in such category and (f) promotional messages displayed on a scoreboard or video board that recognize groups in attendance and make similar incidental references, even though such messages may identify companies in such category.",Competitive Restriction Exception,Original Corporate,LOW,splits/train.csv,False
"Stallings Capital Group Consultants, Ltd.",Parties,Original Corporate,LOW,splits/train.csv,False
"This Agreement shall be construed and enforced in accordance with the laws of the State of California, without regard to the conflict of law principles of California or any other jurisdiction.",Governing Law,Original Corporate,LOW,splits/train.csv,False
"Didi Chuxing Technology Co., Ltd.",Parties,Original Corporate,LOW,splits/train.csv,False
"This Agreement was entered into in the State of Florida, and its validity, construction, interpretation, and legal effect shall be governed by the laws and judicial decisions of the State of Florida applicable to contracts entered into and performed entirely within the State of Florida.",Governing Law,Original Corporate,LOW,splits/train.csv,False
"Wade Enterprises, Athlete and together with Naked, are each referred to herein as a ""Party"" and collectively, the ""Parties"".",Parties,Original Corporate,LOW,splits/train.csv,False
"This contract shall be effective as of November 1, 2002, and shall remain in force and effect, unless modified as per Exhibit B, until October 31, 2012.",Effective Date,Original Corporate,LOW,splits/train.csv,False
Com Tech International Corporation,Parties,Original Corporate,LOW,splits/train.csv,False
"In the event that it is determined that                   Excite violated the Agreement by excluding a bona fide                   NetGrocer Competitor from Exhibit A or displayed on the                   Excite Site advertising or promotional material from a bona                   fide NetGrocer Competitor, Excite will be obligated to (i)                   immediately add the online supermarket to Exhibit A, (ii)                   immediately remove from the Excite Site any advertising or                   promotional material from the online supermarket and (iii)                   provide NetGrocer with advertising and promotional value,                   without additional cost, equal to the advertising and                   promotional value provided to the online supermarket prior to                   the removal of its advertising and promotional material from                   the Excite Site.",Competitive Restriction Exception,Original Corporate,LOW,splits/train.csv,False
The Term of this Agreement shall be for a period of [* ****] years and [*****] months commencing the 1st day of September 2004 and terminating the [*****] day of [*****].,Effective Date,Original Corporate,LOW,splits/train.csv,False
Master Development and Manufacturing Agreement,Document Name,Original Corporate,LOW,splits/train.csv,False
This Agreement shall be governed by and construed in accordance with the laws of the State of Colorado excluding its choice of law provisions.,Governing Law,Original Corporate,LOW,splits/train.csv,False
Blackstone Group Management L.L.C.,Parties,Original Corporate,LOW,splits/train.csv,False
"Neoforma hereby grants VerticalNet the right to frame all pages of the Neoforma Sites that contain Medical Products Listings with a frame containing VerticalNet Marks substantially consistent with the prototype attached hereto as EXHIBIT C, which framed pages shall only be accessible from the VerticalNet Sites.",License Grant,Original Corporate,LOW,splits/train.csv,False
CHINA ECONOMIC INFORMATION SERVICE OF XINHUA NEWS AGENCY,Parties,Original Corporate,LOW,splits/train.csv,False
"and, at the same time, shall, retroactive to the effective date of such other agreement, increase the rate of remuneration paid to Pey Dirt hereunder up to the highest then-current rate paid by Company to any such National Football League quarterback (active or retired) for a regional endorsement deal.",Most Favored Nation,Original Corporate,LOW,splits/train.csv,False
"This Agreement shall be construed and enforced in accordance with, and the rights of the parties shall be governed by, the laws of the State of New York and the laws of the United States applicable therein.",Governing Law,Original Corporate,LOW,splits/train.csv,False
"The Company  hereby grants the  Distributor                            the right to do business  and use the name  ""Electric                            City of  Illinois""  or a  similar  variation  thereof                            (collectively   the   ""Names"")  for  use  under  this                            Agreement.",License Grant,Original Corporate,LOW,splits/train.csv,False
"Bosch International, LLC / XLI Technologies, Inc.",Parties,Original Corporate,LOW,splits/train.csv,False
"Arizona may sublicense the licenses granted herein to its Affiliates and Third Parties in the ordinary course of business in support of its and its Affiliates' business, but not for the independent use of Third Parties, and the Company may sublicense the licenses granted herein to Third Parties, its Subsidiaries, AWP, controlled Affiliates, or any holding company that is a direct or indirect parent of the Company in the ordinary course of business in support of its and its Subsidiaries' or controlled Affiliates' business, but not for the independent use of Third Parties (each such Affiliate, Third Party, AWP or Subsidiary, a ""Sublicensee"").",Affiliate License-Licensee,Original Corporate,LOW,splits/train.csv,False
"Allied Esports International, Inc.",Parties,Original Corporate,LOW,splits/train.csv,False
"D-Beta One Growth and Opportunity Fund Offshore, LP",Parties,Original Corporate,LOW,splits/train.csv,False
MEZZANINE PARTNERS II OFFSHORE LUX S.À R.L II,Parties,Original Corporate,LOW,splits/train.csv,False
"This Agreement shall be governed in all respects, including validity, interpretation, and effect, by, and construed in accordance with, the laws of the State of Delaware executed and to be performed wholly within the State of Delaware, without giving effect to the choice of law or conflict of law principles thereof or of any other jurisdiction to the extent that such principles would require or permit the application of the laws of another jurisdiction.",Governing Law,Original Corporate,LOW,splits/train.csv,False
"National Football League Alumni, Inc.",Parties,Original Corporate,LOW,splits/train.csv,False
"The  term  (""Term"")  of  this Agreement shall be for one hundred eighty  days  (180)  from  the  date set forth below unless Network 1 or Visa or MasterCard  or Harris Bank doesn't approve Affiliate's ISO application, in which case,  the  Term  will  be  3 years.",Expiration Date,Original Corporate,LOW,splits/train.csv,False
"Schedule A

Members of ValueAct Group

VA Partners I, LLC

ValueAct Capital Master Fund, L.P.

ValueAct Capital Management, L.P.

ValueAct Capital Management, LLC

ValueAct Holdings, L.P.

ValueAct Holdings GP, LLC

Gregory P. Spivy",Parties,Original Corporate,LOW,splits/train.csv,False
"VÄRDE CREDIT PARTNERS MASTER, L.P.",Parties,Original Corporate,LOW,splits/train.csv,False
"This Agreement is for a term (the ""Term"") of 12 months from the Effective Date on June 1s t 2020 and expiring May 31st 2021.",Expiration Date,Original Corporate,LOW,splits/train.csv,False
"Sierra Mountain Minerals, Inc.",Parties,Original Corporate,LOW,splits/train.csv,False
This Agreement shall be governed by the laws of the State of California without giving effect to conflict or choice of law principles.,Governing Law,Original Corporate,LOW,splits/train.csv,False
Moelis & Company Holdings GP LLC,Parties,Original Corporate,LOW,splits/train.csv,False
"Software License, Customization and Maintenance Agreement",Document Name,Original Corporate,LOW,splits/train.csv,False
"For the avoidance of doubt, that certain logo designed by Athlete prior to the date hereof (the ""Logo"") shall remain the sole property of Wade and Naked shall have license during the Term to use the Logo for the advertising, endorsement, promotion, or sale of the Naked Products (including the Wade Products) in the Territory in accordance with the terms and conditions of the Agreement",License Grant,Original Corporate,LOW,splits/train.csv,False
"one-offs, for unlimited runs for the License Term through ConvergTV channels and/or other distribution outlets, in accordance with the License Rights.",License Grant,Original Corporate,LOW,splits/train.csv,False
The Effective Date of this Agreement shall be the later of the dates shown by the signatures below.,Effective Date,Original Corporate,LOW,splits/train.csv,False
"All Users shall be treated at least as favorable in all respects (including without limitation with respect to pricing, quality of service, and customer support responsiveness) as Boxlot treats users of the Boxlot Site.",Most Favored Nation,Original Corporate,LOW,splits/train.csv,False
"The Parties agree that the venue for any action, injunctive application or dispute determinable by a court of law arising  out of this Agreement and that this Agreement shall be governed by and construed and enforced in accordance with the  laws of the State of North Carolina, without giving effect to choice of law or arbitration provisions, and that the federal  and state courts therein shall have jurisdiction over the subject matter and the Parties.",Governing Law,Original Corporate,LOW,splits/train.csv,False
"AMENDED AND RESTATED STRATEGIC LICENSING, DISTRIBUTION AND MARKETING AGREEMENT",Document Name,Original Corporate,LOW,splits/train.csv,False
"This Agreement shall be construed and its provisions interpreted under and in accordance with the internal  Laws of the State of Connecticut, without giving effect to principles of conflict or choice of laws of that or any other  jurisdiction.",Governing Law,Original Corporate,LOW,splits/train.csv,False
"AVIONS DE TRANSPORT REGIONAL, G.I.E",Parties,Original Corporate,LOW,splits/train.csv,False
"The Components of the CHANGEPOINT Software which are licensed to          Customer hereunder are the following: CHANGEPOINT, SQL edition, version          5.2, for an unlimited number of users, including the following modules:          - Service Delivery Management          - Project and Resource Management          - Customer Relationship Management",Unlimited/All-You-Can-Eat-License,Original Corporate,LOW,splits/train.csv,False
"related  thereto  shall  be governed, controlled, interpreted and defined by and under  the laws of the State of California and the United States, without regard to  the conflicts of laws provisions thereof.",Governing Law,Original Corporate,LOW,splits/train.csv,False
Blackstone / GSO Long-Short Credit Income Fund,Parties,Original Corporate,LOW,splits/train.csv,False
Producer further grants to ConvergTV the right and license to utilize any and all footage from the Program for promotional and marketing purposes related to the Distribution of the Program and for promotion of channels or other distribution methods.,License Grant,Original Corporate,LOW,splits/train.csv,False
"Astellas shall have access to and the right to use solely for the purpose of this Agreement, any Data developed by or on behalf of FG or its Affiliates or Sublicensees with respect to Lead Compounds in connection with the Field (i) to the extent necessary to support the application to the regulatory authority in the Astellas Territory or to fulfill other Japanese Ministry of Health, Labor and Welfare regulatory requirements, or (ii) if not necessary to support such application or to fulfill such Japanese Ministry of Health, Labor and Welfare regulatory requirements, to the extent FG is permitted subject to FG's third party obligations; provided that FG shall [ * ] negotiate the availability of such Data to Astellas from such Sublicensee, and provided, further, that Astellas agrees not to use or disclose to third parties any such data for purposes outside the Field except as authorized under this Agreement.",License Grant,Original Corporate,LOW,splits/train.csv,False
"'MINDA', which terms shall unless repugnant to the subject or context mean and include his heirs, executors, administrators or successors and permitted assigns",Parties,Original Corporate,LOW,splits/train.csv,False
HOCHSCHILD MINING HOLDINGS LIMITED,Parties,Original Corporate,LOW,splits/train.csv,False
This Agreement is governed by and shall be construed in      accordance with the laws of Hong Kong,Governing Law,Original Corporate,LOW,splits/train.csv,False
OPERATIONS AND MAINTENANCE AGREEMENT,Document Name,Original Corporate,LOW,splits/train.csv,False
Sponsor Content in and on the Co-Branded Pages.,License Grant,Original Corporate,LOW,splits/train.csv,False
"MacroGenics and Green Cross may be referred to herein individually as a ""Party"" or collectively as the ""Parties.",Parties,Original Corporate,LOW,splits/train.csv,False
"""we,"" ""us,"" ""our"" or ""Franchisor""",Parties,Original Corporate,LOW,splits/train.csv,False
Signature Orthopaedics Pty Ltd,Parties,Original Corporate,LOW,splits/train.csv,False
"Boxlot shall grant to theglobe registration rights for such options and any shares of common stock issued or issuable upon the exercise of such options (including without limitation, two demand registration rights and unlimited piggyback registration rights) on Form S-1, Form S-3 or such other form as may be applicable pursuant to the Securities Act of 1933 as amended.",Unlimited/All-You-Can-Eat-License,Original Corporate,LOW,splits/train.csv,False
"This Agreement shall be governed by and construed in accordance with the laws of the State of Delaware, without regard to its principles of conflicts of law.",Governing Law,Original Corporate,LOW,splits/train.csv,False
LOCAL PROGRAMMING AND MARKETING AGREEMENT (WQHT HD2),Document Name,Original Corporate,LOW,splits/train.csv,False
"The Term of this Agreement will commence on the date above, and shall          continue for a term of one (1) year",Expiration Date,Original Corporate,LOW,splits/train.csv,False
"In addition to any rights set forth herein, PFHOF shall have the right and license to Exploit HOFV Works, at no fee or charge to PFHOF or any of its Affiliates, for educational, not-for-profit purposes aligned with the mission of PFHOF which usage shall not diminish the value of the Village Media Company's or its Affiliates' Exploitation of such HOFV Work in accordance with the terms of this Agreement.",License Grant,Original Corporate,LOW,splits/train.csv,False
"It will be governed by the law of the People's Republic of China ,otherwise it is governed by United Nations Convention on Contract for the International Sale of Goods.",Governing Law,Original Corporate,LOW,splits/train.csv,False
"THE VÄRDE FUND XII (MASTER), L.P.",Parties,Original Corporate,LOW,splits/train.csv,False
This agreement commences upon execution of this document.,Effective Date,Original Corporate,LOW,splits/train.csv,False
"Subject to the terms and conditions of this Agreement, CONTENT PROVIDER hereby grants and assigns by means of present assignment to COMPANY and COMPANY hereby assumes for the Term of this Agreement (as set forth in paragraph 8, below), CONTENT PROVIDER'S rights and obligations regarding the Content from Licensors as set forth in Exhibit A with respect to the right and license for the territory of the People Republic of China to use, reproduce, distribute, transmit and publicly display the Current Content and the Future Content by means of the internet in accordance with Exhibit A and this Agreement.",License Grant,Original Corporate,LOW,splits/train.csv,False
"Physician Sales & Service, Inc.",Parties,Original Corporate,LOW,splits/train.csv,False
"MA is authorized to resell Technology within the following territory according to the terms of the Agreement:

Worldwide",License Grant,Original Corporate,LOW,splits/train.csv,False
"After ""Source Code Access Conditions"" is met, LICENSEE shall have the right to use, modify, reproduce and have reproduced Object Code from Licensed Source Code to develop, use, market, distribute, and to maintain and support the Licensed Technology in the Licensee Product.",License Grant,Original Corporate,LOW,splits/train.csv,False
"Party A and Party B shall be individually referred to as a ""Party"" and collectively as the ""Parties"".",Parties,Original Corporate,LOW,splits/train.csv,False
ASIA PACIFIC CABLE NETWORK 2 CONSTRUCTION & MAINTENANCE AGREEMENT,Document Name,Original Corporate,LOW,splits/train.csv,False
"Licensee will not, however, use the Licensed Mark except for the production and sale of inventory as provided in this Section 1.1 and in Section 8.2 of the Separation and Distribution Agreement and Schedule 2 of this Agreement.",License Grant,Original Corporate,LOW,splits/train.csv,False
The term of this Agreement is twenty-four (24) months.,Expiration Date,Original Corporate,LOW,splits/train.csv,False
B & C General Warehouse Corporation LLC,Parties,Original Corporate,LOW,splits/train.csv,False
"The term ""Effective Date"" means the Closing Date.",Effective Date,Original Corporate,LOW,splits/train.csv,False
This Amendment and and any dispute or claim (including non-contractual disputes or claims) arising out of or in connection with it or its subject matter or formation shall be governed by and construed in accordance with the laws of England.,Governing Law,Original Corporate,LOW,splits/train.csv,False
SCIENTIFIC PRODUCTS PHARMACEUTICAL CO. LTD,Parties,Original Corporate,LOW,splits/train.csv,False
FIRST AMENDMENT TO DISTRIBUTOR AGREEMENT,Document Name,Original Corporate,LOW,splits/train.csv,False
"Vitamin Shoppe Industries, Inc.",Parties,Original Corporate,LOW,splits/train.csv,False
Cherry Hill Mortgage Investment Corp.,Parties,Original Corporate,LOW,splits/train.csv,False
"FMM and iVillage may be referred to generically as a ""Party"", or collectively as ""Parties"".",Parties,Original Corporate,LOW,splits/train.csv,False
LICENSE AND DEVELOPMENT AGREEMENT,Document Name,Original Corporate,LOW,splits/train.csv,False
"World Book grants HSWI the right to use, copy, store, archive, distribute, transmit, modify, translate (subject to Section 2.3), and Display the Images as part of the Affinity.",License Grant,Original Corporate,LOW,splits/train.csv,False
"CURO RECEIVABLES FINANCE II, LLC",Parties,Original Corporate,LOW,splits/train.csv,False
"The initial period of this Agreement (the ""Initial Term"") shall commence upon the Effective Date and continue until March 31, 2003.",Expiration Date,Original Corporate,LOW,splits/train.csv,False
"Such license is granted solely in connection with NTC's rights and obligations under this Agreement and, in particular, for the purpose of licensing NTC to use the ALFA AESAR Trademark on the NTC web site as expressly contemplated herein for referral of customers of Research Quantities to ALFA AESAR and is a link/navigational button to the ALFA AESAR Site.",License Grant,Original Corporate,LOW,splits/train.csv,False
"NETTAXI Online Communities, Inc.",Parties,Original Corporate,LOW,splits/train.csv,False
EFFECTIVE DATE     means 18 May 2000;,Effective Date,Original Corporate,LOW,splits/train.csv,False
TENNESSEE GAS PIPELINE COMPANY,Parties,Original Corporate,LOW,splits/train.csv,False
"Except to the extent governed by the Federal Arbitration Act or other federal law, this Agreement and all claims arising from the relationship between Hyatt (and/or any of its Affiliates) and Playa (and/or any of its Affiliates) under this Agreement will be governed by the laws of the State of Illinois (U.S.A.), without regard to its conflict of laws rules, except that any Illinois law or any other law regulating the offer or sale of franchises, business opportunities, or similar interests, or governing the relationship between a franchisor and a franchisee or any similar relationship, will not apply unless its jurisdictional requirements are met independently without reference to this Section 4.",Governing Law,Original Corporate,LOW,splits/train.csv,False
"each a ""Party"" and together the ""Parties",Parties,Original Corporate,LOW,splits/train.csv,False
"Except as expressly stated herein with respect to members of each Party, no person or entity not a Party to this Agreement (including, without limitation, any employee of either Party or the Joint Venture) shall be a third-party beneficiary of any provision of this Agreement, and nothing contained herein shall be construed or deemed to confer any benefit or right upon any third party.",Third Party Beneficiary,Original Corporate,LOW,splits/train.csv,False
"The validity, construction and performance of this Agreement shall be governed by the laws of the State of Texas, not including any of its conflicts of law rules that would direct or refer to the laws of another jurisdiction.",Governing Law,Original Corporate,LOW,splits/train.csv,False
"Roche shall have the right to extend the Immunotherapy Testing Platform Development Program, upon [...***...] written notice to FMI as specified in Section 19.13, for up to six (6)",Renewal Term,Original Corporate,LOW,splits/train.csv,False
"Each of Depomed and King is referred to herein individually as a ""party"" and collectively as the ""parties.""",Parties,Original Corporate,LOW,splits/train.csv,False
The laws of California shall govern the construction and enforceability of the Agreement.,Governing Law,Original Corporate,LOW,splits/train.csv,False
"This Agreement shall be governed by and construed in accordance with the laws of the State of New York, without giving effect to any choice of law or conflict of law provision or rule whether such provision or rule is that of the State of New York or any other jurisdiction.",Governing Law,Original Corporate,LOW,splits/train.csv,False
"each of which may be referred to in the singular as a ""Party"" or in the plural as the ""Parties.""",Parties,Original Corporate,LOW,splits/train.csv,False
"""Effective Date"" shall mean the date of signature of the last Party to execute this Agreement.",Effective Date,Original Corporate,LOW,splits/train.csv,False
"Accordingly, the parties agree that  the validity, interpretation and legal effect of this Agreement shall be governed by the internal laws of the State of New York, U.S.A., applicable to  contracts entered in and performed entirely within the State of New York, U.S.A. without regard to any conflict of law principles.",Governing Law,Original Corporate,LOW,splits/train.csv,False
"This Agreement shall be governed and construed in accordance with the laws of Maryland, without regard to its choice of law rules.",Governing Law,Original Corporate,LOW,splits/train.csv,False
Distributor shall only distribute or sell the Products to customers who are licensed health care professionals and meet the other requirements set forth in Exhibit B.,License Grant,Original Corporate,LOW,splits/train.csv,False
"This Agreement shall be governed by the laws of the State of Connecticut, U.S.A. without regard to conflict of law principles.",Governing Law,Original Corporate,LOW,splits/train.csv,False
"""Harpoon Patents"" means all of the Patents that are (a) Controlled by Harpoon or any of its Affiliates as of the Effective Date or at any time during the Term and (b) necessary or reasonably useful (or, with respect to Patent applications, would be necessary or reasonably useful if such Patent applications were to issue as Patents) for the Exploitation of any Licensed Compound or any Licensed Product, but excluding Joint Patents. The Harpoon Patents include the Existing Patents.",Affiliate License-Licensor,Original Corporate,LOW,splits/train.csv,False
"This Agreement shall be interpreted, construed and enforced in all respects in accordance with the laws of the State of Illinois, except with regards to its rules regarding choice of law.",Governing Law,Original Corporate,LOW,splits/train.csv,False
"Term shall mean the Effective Date through June 15, 2001 and any Renewal Term (as defined in paragraph 7.4 herein.)",Expiration Date,Original Corporate,MEDIUM,splits/train.csv,False
The  election by BKC not to exercise its right of first  refusal as to any offer shall not affect its right of first refusal as to any subsequent offer.,Rofr/Rofo/Rofn,Original Corporate,MEDIUM,splits/train.csv,False
The mean response time for server response to access the Service shall not exceed more than 6 seconds during any 1 hour period.,Volume Restriction,Original Corporate,MEDIUM,splits/train.csv,False
[*] will have insurance policies with reputable insurers to provide coverage and amounts that secure its obligations and potential liabilities under this Agreement.,Insurance,Original Corporate,MEDIUM,splits/train.csv,False
"NCC shall not be liable for any loss caused to the Owner or the             Licensee either jointly or severally except for loss of or damage to             the Material to the extent that such loss or damage is caused by the             negligent acts or omissions of NCC, its employees, agents or             sub-contractors and in such event NCC's total liability in respect             of all claims arising under or by virtue of this Agreement shall             not (except in the case of claims for personal injury or death)             exceed the sum of (pounds)500,000.",Cap On Liability,Original Corporate,MEDIUM,splits/train.csv,False
"HSNS agrees to allow E.piphany, directly or indirectly, to audit HSNS's business records as kept by HSNS in its normal course of business to ensure compliance with the terms and conditions of this Agreement.",Audit Rights,Original Corporate,MEDIUM,splits/train.csv,False
"Tripath provides an end user limited warranty for retail Products, and one-year limited warranty for OEM products.",Warranty Duration,Original Corporate,MEDIUM,splits/train.csv,False
You must immediately notify us of any changes in the terms of an offer.,Rofr/Rofo/Rofn,Original Corporate,MEDIUM,splits/train.csv,False
Copyright Materials that are jointly created by the Parties shall be jointly owned.,Joint Ip Ownership,Original Corporate,MEDIUM,splits/train.csv,False
"Each Party agrees to obtain and maintain, during the Term and for five (5) years after the Term, commercial general liability insurance, including products liability insurance, with minimum ""A-"" AM Best rated insurance carriers, in each case with limits of not less than five million dollars ($5,000,000) per occurrence and in the aggregate",Insurance,Original Corporate,MEDIUM,splits/train.csv,False
The parties will endeavor to minimize disruption of the Inspected Party's normal business activities to the extent reasonably practicable.,Audit Rights,Original Corporate,MEDIUM,splits/train.csv,False
"Except for the transfer and assignment under this Agreement, the Depositor will not transfer or assign any Depositor Transferred Property to another Person or Grant or allow a Lien, other than a Permitted Lien, on an interest in any Depositor Transferred Property.",Non-Transferable License,Original Corporate,MEDIUM,splits/train.csv,False
"For the services to be rendered and facilities to be provided by the Sponsor hereunder, the Trust shall pay Domini a fee accrued daily and payable monthly at an annual rate equal to 0.50% of the Trust's average daily net assets for the Trust's then current fiscal year.",Revenue/Profit Sharing,Original Corporate,MEDIUM,splits/train.csv,False
"If Garman does not receive notice of any deficiencies within ten (10) business days after the completion of the acceptance period, then Sparkling shall be deemed to have accepted the Software at that Authorized Location.",Warranty Duration,Original Corporate,MEDIUM,splits/train.csv,False
"If Glamis does not dispose of the Designated Mineral Property  within a period of 3 months from the first to occur of the date that Glamis and Western Copper  acknowledge failure to negotiate an acceptable agreement with respect to the Designated Mineral  Property and the end of the 30 day period, the provisions of this section 2.2 will once again apply  to any intended disposition of the Designated Mineral Property by Glamis.",Rofr/Rofo/Rofn,Original Corporate,MEDIUM,splits/train.csv,False
"Each of the Parties may, at its own expense, audit the other Party's compliance with this Agreement, including but not limited to, auditing the other Party's representations and warranties.",Audit Rights,Original Corporate,MEDIUM,splits/train.csv,False
The certificates shall state the amount of all deductibles and self-insured retentions and shall contain evidence that the policy or policies shall not be canceled or materially altered without at least thirty (30) calendar days prior written notice to Bank of America.,Insurance,Original Corporate,MEDIUM,splits/train.csv,False
"The Operating Principal must supervise the operation of the Franchised Business and must own at least five percent (5%) of the voting and ownership interests in the franchisee entity, unless you obtain our prior",Minimum Commitment,Original Corporate,MEDIUM,splits/train.csv,False
"In the event that the Transfer License is granted, Achaogen shall owe no payments to Microgenics for the first [***] ([***]) months that any Assay commercialized under the Transfer License is commercialized and shall pay a [***] percent ([***]%) royalty on its net sales (i.e., gross sales less all deductions, reductions and offsets reasonably taken in accordance with generally accepted accounting principles in the United States) of Assays commercialized under the Transfer License following the end of such [***] ([***]) month",Revenue/Profit Sharing,Original Corporate,MEDIUM,splits/train.csv,False
All rights and licenses in this Paragraph (b)(1)(i) may be extended to contractors performing work on behalf of FCE but are not otherwise sub-licensable.,Non-Transferable License,Original Corporate,MEDIUM,splits/train.csv,False
"corporate structure or ownership of the Company, or (b) AIG sells the Company to an acquirer, in each case, (i) having a rating from at least one of S&P, Moody's, A.M. Best or a substitute agency, which is a nationally recognized statistical rating organization, that is at least equal to the lower of (x) AIG's then-current rating from such agency or (y) the Company's then-current rating as supported by this Agreement from such agency; or (ii) such that, immediately on the effective date of the modification of corporate structure or sale by AIG of the Company, the Company's capitalization is consistent with the minimum capital adequacy standards and criteria of at least one of S&P, Moody's, A.M. Best or a substitute agency, which is a nationally recognized statistical rating organization, for a rating that is equal to or better than the Company's then-current rating on the date immediately preceding such modification of corporate structure or sale.",Notice Period To Terminate Renewal,Original Corporate,MEDIUM,splits/train.csv,False
Throughput of all data being served directly to the end user shall be           sustained at least 50Kbits/sec as measured by Excite@Home's monitoring           stations in at least 80% of all monitored cases.,Minimum Commitment,Original Corporate,MEDIUM,splits/train.csv,False
EFS agrees that these policies shall not be canceled or materially changed without at least thirty (30) days'  prior written notice to Client.,Insurance,Original Corporate,MEDIUM,splits/train.csv,False
"Excite                   may, upon no less than thirty (30) days prior written notice                   to Sponsor, cause an independent Certified Public Accountant                   to inspect the records of Sponsor reasonably related to the                   calculation of such payments during Sponsor's normal business                   hours.",Audit Rights,Original Corporate,MEDIUM,splits/train.csv,False
Monthly Royalty Fee: Five percent (5%) of the Hotel's Gross Rooms   Revenue for the preceding calendar month,Revenue/Profit Sharing,Original Corporate,MEDIUM,splits/train.csv,False
"Such rights to Investor Improvements shall be solely for use by the Company and its Affiliates and shall not be transferable to any Third Party, except in connection with a merger, consolidation, or the sale or transfer of substantially all of Company's assets associated with performance under this IP Agreement.",Non-Transferable License,Original Corporate,MEDIUM,splits/train.csv,False
"The deposit accounts of the Bank are insured by the FDIC up to the applicable limits, and upon consummation of the Conversion, the liquidation accounts for the benefit of Eligible Account Holders will be duly established in accordance with the requirements of the Massachusetts Regulations.",Insurance,Original Corporate,MEDIUM,splits/train.csv,False
"T&B Personality shall make six (6) public appearances each year of the Term, including an appearance at LEA's annual Hall of Fame Symposium, for the purpose of promoting the Business, which appearances may include autograph sessions, book signings, appearances at LEA's workshops, seminars and symposiums with each such session not to exceed four (4) hours",Volume Restriction,Original Corporate,MEDIUM,splits/train.csv,False
SEV shall not be liable for the failure to provide Maintenance Services due to being unable to gain access to Vehicles  through DCL exercising their rights under this Clause 10.,Cap On Liability,Original Corporate,MEDIUM,splits/train.csv,False
The Parties shall work cooperatively toward the appropriate patent or other legal protection of such jointly and equally owned Intellectual Property.,Joint Ip Ownership,Original Corporate,MEDIUM,splits/train.csv,False
"Licensee shall pay to Licensor for maintenance and support and upgrade           services provided under the applicable Sublicense or other written           maintenance and support agreement with or approved by Licensee for           each of the Licensed Products a fee equal to 50% of all revenues           received (without deduction for value added tax, if any) by Licensee           from a Redistributor or Customer relating to maintenance and support           services or services for Upgrades or upgrades of systems for such           Licensed Product.",Revenue/Profit Sharing,Original Corporate,MEDIUM,splits/train.csv,False
"During the Initial Term, iVillage will design and administer, (i) a minimum of [*] online conferences which shall include live chats and the archiving of conference transcripts (dates of such conferences shall be determined by FMM and shall occur approximately once every two months, but not earlier than March 1, 1999 and FMM shall provide iVillage with not less than forty five (45) days advance notice of any conference); (ii) a minimum of [*] online polls; (iii) a minimum of [*] sixty-second surveys; (iv) a minimum of [*] online focus groups; and (v) a minimum of [*] customized turn-key Network sweepstakes (iVillage shall be responsible for all aspects of the sweepstakes other than the prize(s) which shall be provided by Ford Motor Company (""FMC"")).",Minimum Commitment,Original Corporate,MEDIUM,splits/train.csv,False
"During the Term of this Agreement, Premier shall be required to purchase a Minimum Annual Order Volume (""MAOV"") of [***] (""Units"") for each twelve-month period commencing July 1, 2017, and for the six-month period commencing July 1, 2022 and ending December 31, 2022, Premier will be required to purchase [***] Units (the twelve-month periods and the six month period are each a ""Contract Period"").",Minimum Commitment,Original Corporate,MEDIUM,splits/train.csv,False
"Should you, for any reason, fail to procure or maintain the insurance required by this Agreement, as such requirements may be revised from time to time by us in writing, we shall have the right and authority (without, however, any obligation to do so) immediately to procure such insurance and to charge same to you, which charges shall be payable by you immediately upon notice together with a ten percent (10%) administrative fee.",Insurance,Original Corporate,MEDIUM,splits/train.csv,False
"Within one year following completion of all activities under the Research Plan (the ""Selection Deadline""), Anixa, in good faith consultation with OntoChem, will have the right to select up to two hundred (200) Hit Compounds (each, a ""Selected Hit Compound""), by providing OntoChem with written notice of such Selected Hit Compound(s) (the ""Selection Notice""), and each Selected Hit Compound, along with all Variants of such Selected Hit Compound referenced in the Selection Notice, is hereby designated as a ""Lead Scaffold"" under this Agreement.",Volume Restriction,Original Corporate,MEDIUM,splits/train.csv,False
"In addition,          if any such inspection reveals an underpayment of more than five          percent (5%) for the period under audit, Corio shall reimburse          Changepoint for the reasonable cost of the examination.",Audit Rights,Original Corporate,MEDIUM,splits/train.csv,False
"The Fund shall also furnish Integrity upon request with: (a) annual audits of the Fund's books and accounts made by independent public accountants regularly retained by the Fund, (b) semi-annual unaudited financial statements pertaining to the Fund, (c) quarterly earnings statements prepared by the Fund, (d) a monthly itemized list of the securities in the portfolio of the Fund, (e) monthly balance sheets as soon as practicable after the end of each month, and (f) from time to time such additional information regarding the Fund's financial condition as Integrity may reasonably request.",Audit Rights,Original Corporate,MEDIUM,splits/train.csv,False
"IN NO EVENT SHALL COMPANY'S AGGREGATE LIABILITY ARISING OUT OF OR IN CONNECTION WITH THIS AGREEMENT EXCEED THE AMOUNTS PAID BY COMPANY TO CONSULTANT UNDER THIS AGREEMENT FOR THE SERVICES, DELIVERABLES OR INVENTION GIVING RISE TO SUCH LIABILITY.",Cap On Liability,Original Corporate,MEDIUM,splits/train.csv,False
"Vericel shall have the right from time to time during the Term of this Agreement, but not more than [***] (unless (i) otherwise agreed between the Parties or (ii) if Section 3.4(b) below applies) during normal business hours and upon not less than [***] prior notice (unless Section 3.4(b)(iv) applies), to enter and inspect any Facility and any related utilities and/or services used in Manufacturing Product in order to carry out a cGMP quality and compliance audit of those parts of the Facility involved in or which could have any impact on Manufacture of such Product (including those used for storing, warehousing and/or testing and utilities), including for the purpose of confirming that no types of product which could reasonably be expected to impact the quality of the Product are being manufactured on site in deviation of cGMP.",Audit Rights,Original Corporate,MEDIUM,splits/train.csv,False
The parties intend that any and all goodwill in the Brand arising from Licensee's or any applicable sublicensees' Permitted Activity shall inure solely to the benefit of Licensor.,Ip Ownership Assignment,Original Corporate,MEDIUM,splits/train.csv,False
Owner shall engage an auditor for this purpose no later than 45 days after the  end of each fiscal year.,Audit Rights,Original Corporate,MEDIUM,splits/train.csv,False
"Change Orders do not however cover any bug or glitch fixing produced out of the code written by Developer as any ""bug"" will be fixed by Developer for free up to 3 months after final delivery (Bug Fixing Warranty).",Warranty Duration,Original Corporate,MEDIUM,splits/train.csv,False
"If by the expiration of the ROFO Transfer Period, the Farids Group has not completed the Transfer of any ROFO Shares at the ROFO Sales Price or a higher price, in order for the Farids Group to Transfer such ROFO Shares (or any other Shares) it shall be necessary for a new ROFO Sale Notice or ROFR Sale Notice to be delivered, and the terms and provisions of this Article VII to be again complied with.",Rofr/Rofo/Rofn,Original Corporate,MEDIUM,splits/train.csv,False
PPG          SHANGHAI will not accept any claims for discrepancy in delivery beyond          the 48 hours period.,Cap On Liability,Original Corporate,MEDIUM,splits/train.csv,False
"For the rest of the world, the economic rights will be divided as follows: *% Kiromic; *% Molipharma.",Revenue/Profit Sharing,Original Corporate,MEDIUM,splits/train.csv,False
"The Company will compensate Consultant at the rate of $400 per hour (19 hours cap monthly; anything over these hrs must be preapproved by management), payable in accordance with the Company's standard payroll schedule, and subject to withholding as legally required.",Volume Restriction,Original Corporate,MEDIUM,splits/train.csv,False
"In addition to the Retainer Fee, Tournament Bonuses and Money List Bonuses set forth in Paragraphs 8, 9 and 10 above, TPC agrees to pay Consolidated Artists on behalf of Ogle royalty compensation of ten percent (10%) of the net sales of all Endorsed Products distributed or sold during the Contract Period in or to the Countries of Australia and New Zealand (""Royalty Compensation"").",Revenue/Profit Sharing,Original Corporate,MEDIUM,splits/train.csv,False
"(ii) for a period of ninety (90)           days after delivery, the TouchStar Software will perform in all",Warranty Duration,Original Corporate,MEDIUM,splits/train.csv,False
"Company shall have the right, in a manner to avoid unreasonable interruption to RGHI's or its Affiliates' business, to (1) evaluate the effectiveness of the key controls; and (2) upon at least thirty (30) days' written notice to RGHI, perform (through its external auditor) audit procedures over RGHI's internal controls and procedures for the Services provided under this Agreement; provided that such right to audit shall exist solely to the extent reasonably required by Company's external auditors to ensure Company's compliance with the Sarbanes-Oxley Act of 2002.",Audit Rights,Original Corporate,MEDIUM,splits/train.csv,False
"At no time during or after the term of this Agreement will the Distributor challenge or assist others to challenge JRVS Trademarks or the registration thereof or attempt to register any trademarks, marks or trade names confusingly similar to those of JRVS. T",Covenant Not To Sue,Original Corporate,MEDIUM,splits/train.csv,False
The         Escrow Agent shall require Commerce One to place in an,Source Code Escrow,Original Corporate,MEDIUM,splits/train.csv,False
"25% of Net Revenue (as defined in Section 1e.) with a COMPANY-RESELLER AGREED UPON SALE PRICE in writing, the case of COMPANY's software products.",Revenue/Profit Sharing,Original Corporate,MEDIUM,splits/train.csv,False
"Maximum Daily Quantity (Dth/Day) per Location:

Begin Date End Date Point(s) of Primary Receipt Point(s) of Primary Delivery MDQ

Maximum Allowable Operating Pressure (MAOP)

11/01/2014 03/31/2015 SOUTH CHESTER 101,300 974 11/01/2014 03/31/2015 DEWARD 101,300 974 04/01/2015 10/31/2015 SOUTH CHESTER 0 974 11/01/2015 03/31/2016 SOUTH CHESTER 101,300 974 11/01/2015 03/31/2016 DEWARD 101,300 974 04/01/2016 10/31/2016 SOUTH CHESTER 0 974 11/01/2016 03/31/2017 SOUTH CHESTER 101,300 974 11/01/2016 03/31/2017 DEWARD 101,300 974 04/01/2017 10/31/2017 SOUTH CHESTER 0 974 11/01/2014 03/31/2015 FARWELL 101,300 974 04/01/2015 10/31/2015 FARWELL 0 974 11/01/2015 03/31/2016 FARWELL 101,300 974 04/01/2016 10/31/2016 FARWELL 0 974 11/01/2016 03/31/2017 FARWELL 101,300 974 04/01/2017 10/31/2017 FARWELL 0 974",Volume Restriction,Original Corporate,MEDIUM,splits/train.csv,False
"Commercial General Liability insurance written on Insurance Services Office (ISO) Form CG 00 01 12 04 or a substitute form providing equivalent coverage, covering liability arising from premises, operations, personal injury, products/completed operations, and liability assumed under an insured contract (including the tort liability of another assumed in a business contract) with limits of at least:

$2,000,000 General Aggregate limit $1,000,000 each occurrence limit for all bodily injury or property damage incurred in any one (1) occurrence $1,000,000 each occurrence limit for Personal Injury and Advertising Injury

Proprietary and Confidential This Agreement and information contained therein is not for use or disclosure outside of AT&T, its Affiliates, and third party representatives, and Vendor except under written agreement by the contracting parties. 26

Source: ATN INTERNATIONAL, INC., 10-Q, 11/8/2019





$1,000,000 each occurrence limit for Products/Completed Operations",Insurance,Original Corporate,MEDIUM,splits/train.csv,False
"In addition, LeadersOnline shall not now or in the future contest the validity of VerticalNet's ownership of its Intellectual Property; provided, however, that LeadersOnline may contest the validity of VerticalNet's Intellectual Property in any proceeding brought against LeadersOnline alleging infringement or misappropriation of VerticalNet's Intellectual Property.",Covenant Not To Sue,Original Corporate,MEDIUM,splits/train.csv,False
"Microgenics shall own all inventions and discoveries made by one or both of the Parties as part of the Research Program, whether or not patentable, relating solely to Microgenics Cell Lines, Microgenics [***] Antibodies, the Assay, Immunoassay Technologies and Microgenics Know-How (""Microgenics Inventions"").",Ip Ownership Assignment,Original Corporate,MEDIUM,splits/train.csv,False
The foregoing right of review may be exercised only once per year and only once with respect to each periodic report and payment delivered in accordance with Section 6.2.,Audit Rights,Original Corporate,MEDIUM,splits/train.csv,False
"The Licensee hereby assigns and agrees to assign any rights it may have as a result of its licensed use, including common law rights, in the Licensed Mark, to Licensor.",Ip Ownership Assignment,Original Corporate,MEDIUM,splits/train.csv,False
(ii) access to HSNS's facilities and office support as may be reasonably requested by E.piphany;,Audit Rights,Original Corporate,MEDIUM,splits/train.csv,False
"Within the said [***] days, MediWound shall notify CBC of either: (i) its approval and acceptance of such batch sample (""Acceptance Sample Notice""); or (ii) its rejection of the batch sample in which case MediWound shall detail the reason(s) for the rejection of any such Bromelain SP sample",Warranty Duration,Original Corporate,MEDIUM,splits/train.csv,False
"Customer's data traffic between the e-business Hosting Center and the Internet may not exceed Committed Bandwidth, unless otherwise expressly specified in an Attachment.",Volume Restriction,Original Corporate,MEDIUM,splits/train.csv,False
"TouchStar shall provide to Reseller, the Other           Resellers, and its and their employees assistance relating to the           TouchStar Software as reasonably requested by Reseller, but in any           event in an amount not to exceed twenty (20) hours of assistance per           month.",Volume Restriction,Original Corporate,MEDIUM,splits/train.csv,False
If the Minimum Efficiency Level has,Minimum Commitment,Original Corporate,MEDIUM,splits/train.csv,False
"respect to the manufacturing of Bromelain SP, CBC undertakes, at its sole cost and expense, to take out and maintain an ""All risk"" insurance against loss of and destruction or damage to the Facility (including fire, theft and vandalism, etc.), third party liability insurance, product liability insurance for the Bromelain SP and employers liability insurance.",Insurance,Original Corporate,MEDIUM,splits/train.csv,False
"[***] of each Forecast shall constitute a firm order and be a binding commitment on AMAG to purchase the volume of Product, sample Product and Trainers set forth therein (the ""Binding Forecast"").",Minimum Commitment,Original Corporate,MEDIUM,splits/train.csv,False
"If AIRSOPURE fails to notify You of its election to exercise its right of first refusal granted herein within the thirty day period, then You may sell the franchise rights and license or the stock for the amount of the bona fide offer, subject to AIRSOPURE's rights under Section 12.02 above. Any material change in the terms or conditions of any offer prior to closing shall constitute a new offer subject to AIRSOPURE's right of first refusal described herein. If You fail to consummate the transaction within 30 days from the earlier of: (a) receipt of notice from AIRSOPURE that it elects not to exercise its right of first refusal, or (b) expiration of the 15 day period referred to herein, then You must resubmit the proposed transaction to AIRSOPURE, and AIRSOPURE shall have a new 15 day review period and right of first refusal.",Rofr/Rofo/Rofn,Original Corporate,MEDIUM,splits/train.csv,False
The Minimum                   Sell Through Commitment will increase in Years 2 and 3 of this                   Agreement as follows:,Minimum Commitment,Original Corporate,MEDIUM,splits/train.csv,False
"This agreement shall automatically renew for additional successive terms of twelve (12) months each at the end of the Initial Term (""Renewal Terms""), unless either party notifies the other in writing at least sixty (60) days prior to the end of the Initial Term.",Renewal Term,Original Corporate,MEDIUM,splits/train.csv,False
"In addition, the Franchisee shall submit to BKC copies of tax returns relating to the Franchisee's  sales at the Franchised  Restaurant at the same time the returns are filed,  and such other  records as BKC may  reasonably request from time to time.",Audit Rights,Original Corporate,MEDIUM,splits/train.csv,False
"Except as provided herein, no member of the Skype Group or the Group may in any manner",Non-Transferable License,Original Corporate,MEDIUM,splits/train.csv,False
"The foregoing license shall be sub-licensable through multiple tiers to Licensees of Bellicum and to Bellicum's and its Licensees' respective Subcontractors (but not to Miltenyi Competitors) solely in conjunction with the use of such Miltenyi Products for the Permitted Use, provided however that Subcontractors shall not have the right to grant sublicenses under Miltenyi Technology).",Non-Transferable License,Original Corporate,MEDIUM,splits/train.csv,False
"During the Term, eDiets.com will be guaranteed 12 million circulation per year from and after the Effective Date via newsletters, including but not limited to:      >>  Fashion & Beauty Newsletter: 300,000 subscribers per month      >>  Food News: 180,000 subscribers per month      >>  Prevention: 1,600,000 subscribers per month      >>  Internet Scopes:  2,400,000 subscribers per month      >>  Sex & Romance: 120,000 subscribers per month      >>  What's New: 1,100,000 subscribers per month      >>  Women.com Member Newsletter: 1,700,000 subscribers per month

Guaranteed Circulation Per Year:            12,000,000",Minimum Commitment,Original Corporate,MEDIUM,splits/train.csv,False
"At a minimum, Reseller will subscribe for and maintain           during the Term and for a period of two (2) years thereafter,           commercial general liability insurance and errors and omission           insurance in minimum amounts of Two Million Dollars (US$2,000,000) per           occurrence.",Insurance,Original Corporate,MEDIUM,splits/train.csv,False
"(v)ebix shall       not (a) hold itself out as having any proprietary rights with respect to       the About Marks or (b) make any claim to ownership rights in the About       Marks or challenge the About Marks or the registration thereof, or (c)       attempt to register or cause to be registered the About Marks or create or       use or attempt to register or cause to be registered any marks or trade       names that are confusingly similar to the About Marks, or (d) use the       About Marks hereunder without About's approval of such use.",Covenant Not To Sue,Original Corporate,MEDIUM,splits/train.csv,False
"KI, Inc. shall be entitled to a copy of the





then prevailing certificate of insurance, which shall be furnished KI, Inc. by Diplomat.",Insurance,Original Corporate,MEDIUM,splits/train.csv,False
Party B shall have a right to obtain copies of all of the Joint Venture Company's accounting books and other documents at their own expense but the originals thereof shall be left in the care of Party A.,Audit Rights,Original Corporate,MEDIUM,splits/train.csv,False
"In consideration of the rights granted by Licensee to Fox and VGSL pursuant to this Agreement, Fox shall pay to Licensee, or such other party as Licensee may designate in writing, a royalty in the following amounts:

(i) Distribution in Japan. In the event that Fox distributes, licenses, or otherwise exploits the Wireless Products in Japan pursuant to Paragraph 2(c)(iii), or grants to any third party any rights to distribute the Wireless Products for the Wireless Platform to end users within Japan, or otherwise uses in Japan any elements of the Fox Intellectual Property (as defined in Paragraph 11(a) that are solely attributable to Licensee's development efforts pursuant to this Agreement, Fox agrees to pay Licensee a royalty in the amount of ***** percent (*****%) of Fox's gross receipts for any such activity, which shall be defined as all monies actually received by Fox for the Wireless Products or other such elements of the PSM, less any Deductions.",Revenue/Profit Sharing,Original Corporate,MEDIUM,splits/train.csv,False
The frequency of such audits as well as the response time with respect to audit findings shall be governed by the Quality Agreement.,Audit Rights,Original Corporate,MEDIUM,splits/train.csv,False
"If AbbVie notifies Harpoon in writing within [***] after receipt of such copy that AbbVie wishes to receive a license or sublicense (as applicable) under, and be subject to the rights and obligations of, the Proposed Future In-Licensed Rights as they apply to AbbVie and this Agreement, then the Proposed Future In-Licensed Rights shall automatically be included in the Harpoon Patents and/or Harpoon Know-How (as applicable) hereunder and AbbVie agrees to abide by all applicable terms and conditions of such license, sublicense or other agreement, as it relates to AbbVie and this Agreement, including payment of any financial obligations based upon AbbVie's practice of such intellectual property rights.",Rofr/Rofo/Rofn,Original Corporate,MEDIUM,splits/train.csv,False
Audits and inspections           shall not interfere unreasonably with Co-Host's business activities.],Audit Rights,Original Corporate,MEDIUM,splits/train.csv,False
The frequency of such audits shall not exceed one audit per site within three years,Audit Rights,Original Corporate,MEDIUM,splits/train.csv,False
"During the retention period, documentation shall be available for inspection by HEMISPHERX, its authorized agents and authorized government agencies.",Audit Rights,Original Corporate,MEDIUM,splits/train.csv,False
"Neither party will at any time, except to the extent necessary to assert or defend its rights under this Agreement: (i) challenge  or otherwise do anything inconsistent with the other party's right, title or interest in its property, (ii) do or cause to be done or omit to do anything,  the doing, causing or omitting of which would contest or in any way impair or tend to impair the rights of the other party in its property, or (iii)  assist or cause any person or entity to do any of the foregoing.",Covenant Not To Sue,Original Corporate,MEDIUM,splits/train.csv,False
The Company agrees that each photography session shall not      exceed one and one-half days and each speaking engagement and store      appearance shall not exceed one-half day.,Volume Restriction,Original Corporate,MEDIUM,splits/train.csv,False
"Distributor shall make these records available for audit by Cisco upon [*****] prior written notice, during regular business hours, at Distributor's principal place of business or such other of Distributor's locations where Distributor may maintain relevant records. [*****].",Audit Rights,Original Corporate,MEDIUM,splits/train.csv,False
"In the event of a claim under any such policies, Agent shall be responsible for the payment of all deductibles, retentions or self-insured amounts thereunder, unless it is determined that liability arose by reason of the willful misconduct or grossly negligent acts or omissions of Merchant or Merchant's employees, independent contractors or agents (other than Agent or Agent's employees, agents or independent contractors).",Insurance,Original Corporate,MEDIUM,splits/train.csv,False
"STW shall pay COFS a seventeen percent (17%) royalty of the price STW receives per 1,000 gallons of CRA water produced from the Property and sold.",Revenue/Profit Sharing,Original Corporate,MEDIUM,splits/train.csv,False
"In the case of an audit initiated by the Management Committee and exercised by the F&ASC, the audited Party or Parties shall be permitted to recover the entire costs of the review or audit from the Parties in the proportions specified in Schedule B.",Audit Rights,Original Corporate,MEDIUM,splits/train.csv,False
(f) obtain and maintain in force during the entire period of construction the insurance required under this Agreement or as otherwise specified in the Manuals;,Insurance,Original Corporate,MEDIUM,splits/train.csv,False
"OR ANY OTHER LEGAL THEORY, IS LIMITED TO, AND SHALL NOT EXCEED $31,200.00.",Cap On Liability,Original Corporate,MEDIUM,splits/train.csv,False
"Save the event of gross negligence or willful misconduct, pursuant to the provisions in this numeral 11.2, the responsibility of  ECOPETROL under the Contract hereof under no circumstance shall exceed seventy five per cent (75%) of the value of the Crude lost or  damaged by causes attributable to ECOPETROL.",Cap On Liability,Original Corporate,MEDIUM,splits/train.csv,False
"We shall have the right, at all reasonable times, to inspect the products and services on which the Proprietary Marks shall be used as we consider necessary to carry out the purposes of inspection as part of appropriate quality control.",Audit Rights,Original Corporate,MEDIUM,splits/train.csv,False
"Licensee shall make such books and records, and appropriate personnel, available during normal business hours for audit by Licensor or its authorized representative; provided that Licensor shall:   (a) provide Licensee with reasonable prior notice of any audit;   (b) undertake an audit no more than once per calendar year, unless a prior audit has disclosed a balance due; and   (c) conduct or cause to be conducted such audit in a manner designed to minimize disruption of Licensee's normal business operations.",Audit Rights,Original Corporate,MEDIUM,splits/train.csv,False
At least three (3) persons actively involved in the management and operation of the Franchised Restaurant must successfully complete the training program.,Minimum Commitment,Original Corporate,MEDIUM,splits/train.csv,False
Any rights of review and audit pursuant to this Paragraph 9 shall only be exercisable through the F&ASC in accordance with the F&ASC's audit procedures.,Audit Rights,Original Corporate,MEDIUM,splits/train.csv,False
"Ownership of intellectual         property rights to any enhancements, modifications or derivative works         to the Software itself which may be developed jointly by the parties or         solely by Corio shall be negotiated by the parties prior to the start of         any such development work.",Joint Ip Ownership,Original Corporate,MEDIUM,splits/train.csv,False
"(a)    such inspection, copying or audit must only be made after at least one Business Day's written notice;

       (b)    such audit must not unreasonably interfere with the day to day operations of IntriCon; and

       (c)    such audit must be at Dynamic Hearing's expense unless the auditor finds an underpayment royalty due under this  Agreement in excess of 5% in which case IntriCon must reimburse Dynamic Hearing's reasonable cost of such audit;  and

       (d)    Audits will be limited to one audit in any calendar year.",Post-Termination Services,Original Corporate,MEDIUM,splits/train.csv,False
"Subject to Section 3.2, each Assignor Party, on behalf of itself and the other members of the Assignor Group, hereby irrevocably assigns to the applicable Assignee Party, and agrees to irrevocably assign to the applicable Assignee Party, all of its and the other members of the Assignor Group's rights, title and interest in and to any and all Intellectual Property Rights owned by the Assignor Party or another member of the Assignor Group that meets one or more of the following descriptions: (a) the Intellectual Property Rights are Requester Foreground IPR conceived or created in the course of services concerning which the Assignee Party or another member of the Assignee Group was the Requester, and the Assignor Party or another member of the Assignor Group was the Performer; or (b) the Intellectual Property Rights are Performer Foreground-Delivered IPR conceived or created in the course of services concerning which the Assignee Party or another member of the Assignee Group was the Requester, and the Assignor Party or another member of the Assignor Group was the Performer; or",Ip Ownership Assignment,Original Corporate,MEDIUM,splits/train.csv,False
"During the term of this Agreement, [***], each Party will have the right to engage, at its own expense, an independent auditor reasonably acceptable to the other Party to review the other Party's books and records solely for the purpose of confirming the other Party's compliance with its pricing and payment obligations hereunder.",Audit Rights,Original Corporate,MEDIUM,splits/train.csv,False
"For purposes of this Agreement, ""Competitive Company"" means any company that eDiets reasonably presents as, and Women.com reasonably agrees is, a direct competitor to eDiets by distributing on-line content principally relating to diets and diet counseling, including, but not limited to, Weight Watchers, Jenny Craig, NutriSystem, Nutrio, Asimba, DietSmart and uMagic.",Exclusivity,Original Corporate,MEDIUM,splits/train.csv,False
"""Development Purchase Commitment"" and ""Production Purchase Target"" columns respectively in Table 7.2.2 with respect to such Contract Year:",Minimum Commitment,Original Corporate,MEDIUM,splits/train.csv,False
"Make available,  during normal business hours, at a Party=s offices      all records, books, agreements, policies and procedures relating to the use      and/or  disclosure  of  Confidential  Information  that is  subject to this      Agreement,  to the other  Party  within ten (10) days of a Party's  written      request,  for the purpose of  enabling a Party to verify the other  Party=s      compliance with the terms of this Agreement",Audit Rights,Original Corporate,MEDIUM,splits/train.csv,False
"Kitov shall have the right (at reasonable intervals, with reasonable prior written notice and during normal business hours, and not more often than annually) to inspect Dexcel's manufacturing facilities used in the manufacture, storage, testing, and/or release for shipment of the Product.",Audit Rights,Original Corporate,MEDIUM,splits/train.csv,False
"STAAR warrants that, for the period of twelve (12) months from the date of delivery to Distributor hereunder (the ""Warranty Period""), the Products will meet STAAR's published specifications or labeling for such Products as in effect at the time of such delivery (""Warranty"").",Warranty Duration,Original Corporate,MEDIUM,splits/train.csv,False
"From time to time, but not more than twice per year, NETGEAR may request access to information about the Distributor's business reasonably required to insure that Distributor is in compliance with the terms of this Agreement and the Distributor will grant the right for a NETGEAR representative to visit the Distributor's place of business during normal business hours at a mutually agreed upon time to examine such information.",Audit Rights,Original Corporate,MEDIUM,splits/train.csv,False
The first year limited warranty starts on the day of the activation of the Unit on a wireless network.,Warranty Duration,Original Corporate,MEDIUM,splits/train.csv,False
"Should the services of the          Professional be required for longer than one day, the Professional           shall be entitled to his daily appearance fee, plus reasonable           expenses, for each day in excess of one day.",Volume Restriction,Original Corporate,MEDIUM,splits/train.csv,False
Customer shall have the right to have a representative present at each Facility to observe the performance of the Manufacturing Process by Supplier during normal business hours with at least [* * *] advance notice.,Audit Rights,Original Corporate,MEDIUM,splits/train.csv,False
"Such interest may include all rights of yours under this Agreement and all rights of yours in the lists of customers, prospects and policyholders and all business records and information regarding those customers, prospects and policyholders, including the name and address of the applicant or policyholder and the date of expiration and policy limits of any insurance policy or renewal, rights to solicit the customers, prospects and policyholders for the sale of insurance products and renewal of policyholders' current policies, rights to new, renewal or other commissions and compensation from the insurance carriers or their agents, book of business, furniture, fixtures, equipment and the rights under the lease for the Approved Location.",Insurance,Original Corporate,MEDIUM,splits/train.csv,False
"Excite@Home will supply to Application Provider a minimum of                ***** Payment-Eligible User Data records for General Program                Members containing all available information set forth in Section                1(h)  [DEFINITIONS] in each quarter during the Term of this Agreement, beginning                with the quarter in which the Launch Date (as hereinafter                defined) falls, for a minimum of ***** of these General                Program Member User Data records during the Term of this                Agreement.",Minimum Commitment,Original Corporate,MEDIUM,splits/train.csv,False
In the case that the company would not like to extend the terms of agreement for an additional month. The company must notify the consultant within 5 days of the conclusion of the 12 month term.,Notice Period To Terminate Renewal,Original Corporate,MEDIUM,splits/train.csv,False
"If Pfizer and Exact are unable to reach agreement on the terms of such Product rights within forty-five (45) days of the commencement of negotiations, Exact shall be free to enter into negotiations and consummate an agreement with any Third Party regarding such Ex-US Commercial Rights; provided that the economic terms of such agreement shall be no more favorable to such Third Party than those last offered to Pfizer.",Rofr/Rofo/Rofn,Original Corporate,MEDIUM,splits/train.csv,False
"""Data"" means any and all scientific, technical or test data pertaining to the Product in the Field that is generated by or under the authority of Distributor or its Affiliates, Sub-distributors or other subcontractors or by or under the authority of Zogenix or Zogenix ex-Territory Distributors before or during the Term, including research data, clinical pharmacology data, CMC data (including analytical and quality control data and stability data), preclinical data, clinical data and all submissions made in association with an IND or MAA filed in or outside the Territory with respect to the Product in the Field, in each case to the extent such data either (a) is Controlled by Zogenix on the Effective Date or (b) comes within a Party's Control during the Term.",Affiliate License-Licensor,Original Corporate,MEDIUM,splits/train.csv,False
"The Parties shall each, as soon as practicable after the date of Harpoon's receipt of the License Option Exercise Notice, file or cause to be filed with the U.S. Federal Trade Commission and the U.S. Department of Justice and any relevant foreign governmental authority any such notifications.",Rofr/Rofo/Rofn,Original Corporate,MEDIUM,splits/train.csv,False
The Parties shall reasonably cooperate in good faith to effect the transition to Janssen of all Product promotional activities to minimize disruptions to customers and patients.,Post-Termination Services,Original Corporate,MEDIUM,splits/train.csv,False
The above warranties are valid for a period of [***] from the date of shipment of any Licensed Product to any customer.,Warranty Duration,Original Corporate,MEDIUM,splits/train.csv,False
"If HOC does not provide HOC JV Acceptance Notice to the Company within fifteen (15) Business Days or such shorter period as may be specified in the Joint Venture Proposal Notice, of receiving of the Joint Venture Proposal Notice, the Company may enter into negotiations with any other person regarding the Proposed Joint Venture",Rofr/Rofo/Rofn,Original Corporate,MEDIUM,splits/train.csv,False
The Repairer or its agent shall have the right to inspect the Advanced Pool Stock and to audit any records relating thereto at any reasonable time upon giving prior written notice to the Company.,Audit Rights,Original Corporate,MEDIUM,splits/train.csv,False
"During the Term of the Agreement, Reseller shall pay to Diversinet  an Annual Minimum Commitment, payable as follows:    a) A total of four hundred thousand ($400,000) dollars shall be paid by Reseller to Diversinet as of the Effective Date.  b) A total of seven hundred thousand ($700,000) dollars shall be paid by Reseller in quarterly instalments of $175,000 to Diversinet on each of  December 1, 2011, March 1, 2012, June 1, 2012 and September 1, 2012.  c) A total of one million ($1,000,000) dollars shall be paid by Reseller in quarterly instalments of $250,000 to Diversinet on each of December 1,  2012, March 1, 2013, June 1, 2013 and September 1, 2013.  d) A total of one million three hundred thousand ($1,300,000) dollars shall be paid by Reseller in quarterly instalments of $325,000 to Diversinet  on each of December 1, 2013, March 1, 2014, June 1, 2014 and September 1, 2014.  e) A total of one million six hundred thousand ($1,600,000) dollars shall be paid by Reseller in quarterly instalments of $400,000 to Diversinet on  each of December 1, 2014, March 1, 2015, June 1, 2015 and September 1, 2015.",Minimum Commitment,Original Corporate,MEDIUM,splits/train.csv,False
"The Publishers and/or their auditors, at no expense to HealthGate,             and upon twenty (20)Business Days' written notice to HealthGate,             shall have the right to conduct a system backup and disaster             recovery audit with regard to the Services provided pursuant to this             Agreement.",Audit Rights,Original Corporate,MEDIUM,splits/train.csv,False
"ENERGOUS will keep the Deposit Materials in escrow and ensure on a quarterly basis that all the information relating to the Deposit Materials in escrow is current, including deposit of any Product Updates.",Source Code Escrow,Original Corporate,MEDIUM,splits/train.csv,False
"Allocation of Payments.  The Parties acknowledge and agree that the Annual Fees shall be allocated as consideration for advertising services and intangible rights granted by ACSI to Company hereunder, including the rights granted under Section 2.1  [Spoken-Word Audio Sub-Section] and Section 4.2  [ACSI Site Links] and the licenses granted to Company under Section 6, as follows:

             Year                    Advertising Services             Intangible Rights ----------------------------------------------------------------------------------------------                                                                               1                             [***]                           [***] ----------------------------------------------------------------------------------------------               2                             [***]                           [***] ----------------------------------------------------------------------------------------------               3                             [***]                           [***] ----------------------------------------------------------------------------------------------",Revenue/Profit Sharing,Original Corporate,MEDIUM,splits/train.csv,False
"PB shall issue to SFJ on the Effective Date a warrant (""Warrant"") exercisable for two million two hundred thousand (2,200,000) shares of PB common stock (""Stock"") at an exercise price per share (""Exercise Price"") equal to the greater of (a) five dollars ($5.00) or (b) 120% of the volume weighted average closing price of the Stock over the thirty (30) consecutive trading days ending on the last trading day immediately preceding the Effective Date and exercisable as follows: (i) one million one hundred thousand (1,100,000)

Source: PHASEBIO PHARMACEUTICALS INC, 10-K, 3/30/2020





shares may be exercised at any time after the Effective Date provided that any such shares may be transferred by SFJ to its Affiliates but may not be resold by SFJ or its Affiliates until one (1) year after the Effective Date and (ii) one million one hundred thousand (1,100,000) shares may be exercised at any time after the date of Successful Phase 3 Interim Analysis",Revenue/Profit Sharing,Original Corporate,MEDIUM,splits/train.csv,False
"""Minimum Quantity"" means [***] pounds of Terpene Product per Year, prorated for any partial Year included in the Term.",Minimum Commitment,Original Corporate,MEDIUM,splits/train.csv,False
"In partial consideration of Company's Promotion of the Product in accordance with the terms of this Agreement, and subject to the terms and conditions of this Agreement, with respect to each Calendar Quarter during Calendar Year 2019 and Calendar Year 2020, Janssen shall pay Company a service fee (the ""Service Fee""), as follows:

(a) with respect to each Calendar Quarter during Calendar Year 2019, an amount equal to (i) [***] percent ([***]%) of that portion of Cumulative Net Sales that is greater than the Baseline for Calendar Year 2019, less (ii) the total Service Fees that have been invoiced by Company to Janssen for all preceding Calendar Quarters of Calendar Year 2019; and





(b) with respect to each Calendar Quarter during Calendar Year 2020, an amount equal to (i) [***] percent ([***]%) of that portion of Cumulative Net Sales that is greater than the Baseline for Calendar Year 2020, less (ii) the total Service Fees that have been invoiced by Company to Janssen for all preceding Calendar Quarters of Calendar Year 2020.",Revenue/Profit Sharing,Original Corporate,MEDIUM,splits/train.csv,False
"Each party covenants that         it shall not, under any circumstances, sue the other party (or its         officers, directors, successors and assigns) or any of that parties'         licensees, customers, or distributors (""Protected Entities"") for patent         infringment under any future patents or future patent rights relating to         said Developments, that either party owns or controls, so long as that         Protected Entity has a license from Commerce One or Corio to the         Software, or to a product that is a modification of, derivative work         based on, or replacement for the Software.",Covenant Not To Sue,Original Corporate,MEDIUM,splits/train.csv,False
"This JV Agreement shall become effective on the signing date and shall have a duration of * years, extendable for a further * years, unless notice of non- renewal is sent one year before the natural expiry date.",Effective Date,Original Corporate,MEDIUM,splits/train.csv,False
"In particular, Licensee commits to:",Minimum Commitment,Original Corporate,MEDIUM,splits/train.csv,False
"Company will carry a reasonable                   amount of product  liability  insurance  through a  reasonably                   acceptable  products liability insurance company and will name                   the  Distributor  as an additional  insured under that policy.                   Company  will make  reasonable  efforts  to  procure a policy,                   which is non-cancelable, except upon thirty (30) days, advance                   notice to the Distributor.",Insurance,Original Corporate,MEDIUM,splits/train.csv,False
"The Company is, and shall be, the sole owner of all inventions, discoveries and/or enhancements relating to the Service and the Specifications, including all copies, translations, compilations, partial copies, derivative works and updated works, whether partial or complete and whether or not merged into other program materials and whether in written or unwritten form.",Ip Ownership Assignment,Original Corporate,MEDIUM,splits/train.csv,False
"In fulfilling its obligations under this Section 4.1(b), King will perform [***], as follows: King will perform no less than an average of [***], with such reach and frequency as the JCC determines as part of the Annual Plan each year.",Minimum Commitment,Original Corporate,MEDIUM,splits/train.csv,False
"Supplier shall permit Bank of America to inspect the physical system equipment, operational environment, and Confidential Information handling procedures.",Audit Rights,Original Corporate,MEDIUM,splits/train.csv,False
"Each Party shall obtain and maintain, for the Term (i) commercial general liability insurance with a single combined liability limit of at least $5,000,000 per occurrence, (ii) workers compensation/employer's liability insurance with a liability limit of at least $1,000,000 per occurrence or, if greater, the statutory minimum, and (iii) ""all risk"" property insurance on a replacement cost basis adequate to cover all assets and business interruption Losses that a Party may suffer in connection with or arising out of this Agreement, subject to policy limits, and in the case of the policies described in clause (i) above, naming the other Party as an additional insured thereunder.",Insurance,Original Corporate,MEDIUM,splits/train.csv,False
Party A shall charge Party B energy saving service fee according to the income from CDQ waste heat power generation station.,Revenue/Profit Sharing,Original Corporate,MEDIUM,splits/train.csv,False
"The voice over  appearance shall take place at North's personal residence or at another mutually agreed upon location in Wisconsin, and shall not  exceed two (2) hours in duration.",Volume Restriction,Original Corporate,MEDIUM,splits/train.csv,False
"including, without limitation, bodily injury, death, property damage, independent contractors, products/completed operations,  contractual, and personal injury liability, with a limit of not less than one million dollars ($1,000,000) per occurrence and two million dollars  ($2,000,000) in the annual aggregate.",Insurance,Original Corporate,MEDIUM,splits/train.csv,False
"M&I shall be responsible for the cost of maintaining and updating the source code escrow including any fees to be





paid to DSI.",Source Code Escrow,Original Corporate,MEDIUM,splits/train.csv,False
"Wireless Links (WLI) warrants to the original end user purchaser (""You"") that the Equipment will be free from defects in workmanship and materials (""Limited Warranty"") for a period of one (1) year from the date of the purchase of the Equipment (the ""Warranty Period"").",Warranty Duration,Original Corporate,MEDIUM,splits/train.csv,False
"Upon not less than thirty (30) days' prior written notice and not more than once in any calendar year, Affiliate shall have the right, at its sole cost and expense, during the Term and for one (1) year thereafter, to examine during normal business hours the books and records of Network for up to the prior calendar year and the then-current calendar year solely to the extent reasonably necessary to verify the Revenue Share Records.",Audit Rights,Original Corporate,MEDIUM,splits/train.csv,False
"Inspections conducted under this Section 7.5 shall be at the expense of Zogenix, unless a variation or error producing an underpayment in amounts payable exceeding [***] of the amount paid for a period covered by the inspection is established, in which case all reasonable costs relating to the inspection for such period shall be paid by Distributor.",Audit Rights,Original Corporate,MEDIUM,splits/train.csv,False
"For purposes of this section, the Post-Well Study must show that the Existing CRA Well or Replacement CRA Well can produce CRA water at a minimum of 1,200 GPM or more or a combination of 1,200 GPM from one or more wells on the Property in order for STW to proceed with the obligations set forth in this section (""Critical Criterion"").",Minimum Commitment,Original Corporate,MEDIUM,splits/train.csv,False
"In addition, if         any such inspection reveals an underpayment of more than five percent         (5%) for the period under audit, Corio shall reimburse Commerce One for         the reasonable cost of the examination.",Audit Rights,Original Corporate,MEDIUM,splits/train.csv,False
"Such insurance policy  shall be maintained with limits of not less than two million dollars ($2,000,000).",Insurance,Original Corporate,MEDIUM,splits/train.csv,False
"The parties further agree that NEITHER PARTY WILL BE LIABLE FOR ANY LOST PROFITS, FOR COSTS OF PROCUREMENT OF SUBSTITUTE GOODS OR SERVICES OR FOR ANY CLAIM OR DEMAND AGAINST A PARTY BY ANY OTHER PARTY.",Cap On Liability,Original Corporate,MEDIUM,splits/train.csv,False
"If DIALOG provides such a notice, for a period of [***] following ENERGOUS' receipt of such notice, ENERGOUS and DIALOG will negotiate in good faith the terms pursuant to which such New Product will be added as a Product to this Agreement.",Rofr/Rofo/Rofn,Original Corporate,MEDIUM,splits/train.csv,False
"Audits may be conducted once a calendar year, provided that the foregoing limit shall not apply where an audit discovered an overcharge of 5% or more, in which case, Ehave may conduct another audit sooner.",Audit Rights,Original Corporate,MEDIUM,splits/train.csv,False
"If CERES exercises its option to commercialize under Article 3.3, CERES and IGER shall negotiate the terms of a commercialization  agreement that covers the reported result with reference to any commercialization agreement then in existence between the Parties or the model  license agreement or remuneration principles included herein (as applicable).",Rofr/Rofo/Rofn,Original Corporate,MEDIUM,splits/train.csv,False
"Any Invention that is neither PcoMed Technology nor Integra Technology but that is Derived during the Term jointly by the parties relating to this Agreement shall be the property of (i) PcoMed if it relates primarily to the PcoMed Technology and (ii) Integra if it relates primarily to the Integra Products; provided that the parties may agree that an Invention that is Derived during the Term jointly may become the property of both parties, including Inventions or methods related to the surface preparation of Integra Products",Ip Ownership Assignment,Original Corporate,MEDIUM,splits/train.csv,False
"In addition to the payment in Section 2.1, Bioamber shall pay Cargill a total of [***] U.S. Dollars ($[***] per year per full-time equivalent  (FTE) person to perform the Work Plan, and Cargill will make available up to [***] FTE persons per year to perform the work as outlined in  the Work Plan.",Volume Restriction,Original Corporate,MEDIUM,splits/train.csv,False
"If, having used good faith diligent efforts, Affiliate and Network have failed to enter into such an agreement within such ninety (90)-day period, then neither party shall have an obligation to continue such negotiations or enter into an agreement with respect to the New Channels.",Rofr/Rofo/Rofn,Original Corporate,MEDIUM,splits/train.csv,False
"As the preferred                   manufacturer, LKPL shall have first right of refusal on all                   such RFMs.",Rofr/Rofo/Rofn,Original Corporate,MEDIUM,splits/train.csv,False
"(i)    Inktomi then owns all of the Returned Collateral and has [*]      the Returned Collateral [*], and [*] other than Lender;

          (ii)   Inktomi obtains any [*] reasonably required by Microsoft from      Inktomi's [*];

          (iii)  the Returned Collateral is returned in good condition and      repair, without any waste or unusual or unreasonable depreciation of      Returned Collateral;

          (iv)   Inktomi has not committed any act for which any portion of the      Returned Collateral might be confiscated by any governmental or private      entity;

          (v)    Inktomi has paid all taxes, assessments or similar obligations      affecting the Returned Collateral that are then due or have then accrued;

          (vi)   Inktomi [*] to Microsoft [*] that [*] of the [*] is [*] and      [*]; and

          (vii)  Inktomi, [*], arranges to deliver the Returned Collateral in a      manner and to a location designated by Microsoft.",Post-Termination Services,Original Corporate,MEDIUM,splits/train.csv,False
All insurance required above shall be carried with insurance companies licensed to do business in the  state(s) where operations are maintained with a rating,Insurance,Original Corporate,MEDIUM,splits/train.csv,False
"The Village Media Company shall not, and shall cause its Affiliates and their respective permitted sublicensees not to, whether during the Term or thereafter, challenge (a) the rights of PFHOF in and to any PFHOF Work, (b) the validity of any PFHOF Work, (c) PFHOF's right to grant rights or licenses relating to the PFHOF Works or (d) the validity, legality, or enforceability of this Agreement.",Covenant Not To Sue,Original Corporate,MEDIUM,splits/train.csv,False
"Supplier shall maintain insurance with an insurance company with an equivalent of an A.M. Best rating of ""A"" or better, of the following kinds and in the following amounts during the term of this Agreement: 7.5 7.5.1 Comprehensive General Liability (CGL) Insurance with limits of not less than [***] each occurrence and [***] in the aggregate, including Contractual, Completed-Operations and",Insurance,Original Corporate,MEDIUM,splits/train.csv,False
IGER will not collaborate with or perform any activities for the benefit of or grant any rights to any for-profit third party in the field of the  COLLABORATION CROPS without the prior written consent of CERES.,Exclusivity,Original Corporate,MEDIUM,splits/train.csv,False
"Thereafter, WPD shall furnish to CNS Development Fees no later than forty-five days after the end of each Calendar Quarter for the Sale of Development Products through the end of such Calendar Quarter and shall further furnish CNS with a written statement setting forth an accounting showing the calculation of the Development Fees.",Revenue/Profit Sharing,Original Corporate,MEDIUM,splits/train.csv,False
"OntoChem will own, and Anixa hereby assigns to OntoChem, all right, title and interest in and to all Inventions directed to (a) any methods of generating or screening compound libraries and (b) the Rejected Hit Compounds (including the composition, use or manufacture thereof), in the case of this clause (b), effective as of the Selection Deadline (collectively (clauses (a) and (b)), ""OntoChem Inventions"").",Ip Ownership Assignment,Original Corporate,MEDIUM,splits/train.csv,False
"The Escrow Agreement provides that the Escrow Agent shall,   under certain circumstances, release the Source Code and related   DOCUMENTATION to TELKOM.",Source Code Escrow,Original Corporate,MEDIUM,splits/train.csv,False
"ISO will, at any and all reasonable times, permit SERVICERS' employees, agents and/or auditors to inspect ISO's books and records at SERVICERS' expense prior request and notice and if for a particular need.",Audit Rights,Original Corporate,MEDIUM,splits/train.csv,False
"Company agrees that it will not file, during the Contract Period or afterward, any application for trademark registration or otherwise obtain or attempt to obtain ownership of any trademark or trade name within the Contract Territory or in any other country of the world which consists of the NFLA Identification or any mark, design or logo intended to obtain any rights to the name of the NFLA or to identify products as being endorsed b the NFLA.",Covenant Not To Sue,Original Corporate,MEDIUM,splits/train.csv,False
"As consideration for JHU's grant of a License to Company under this Agreement, Company shall pay to JHU a license fee, cash and equity, as set forth in Exhibit A within thirty (30) days of the EFFECTIVE DATE.",Revenue/Profit Sharing,Original Corporate,MEDIUM,splits/train.csv,False
"limitation, all patents, patent rights and copyrights                           related thereto, shall be and at all times will remain                           jointly owned by Equifax and Certegy.",Joint Ip Ownership,Original Corporate,MEDIUM,splits/train.csv,False
"PageMaster Corporation shall provide a minimum of 100,000 up to                500,000 pagers for the fulfillment of this promotion to all                Purchase Customers who prepay their annual airtime.",Minimum Commitment,Original Corporate,MEDIUM,splits/train.csv,False
"The AS Parties shall have the right, upon at least five (5) days written notice and no more than once each Contract Year of the Term to inspect MusclePharm's books and records and all other documents and material in the possession of or under the control of MusclePharm with respect to the Licensed Products at the place or places where such records are normally retained by MusclePharm",Audit Rights,Original Corporate,MEDIUM,splits/train.csv,False
"Know-How, Achaogen Patents, and Achaogen Materials to research, develop, manufacture, use, market and sell the Assay in the Territory. [***].",Exclusivity,Original Corporate,MEDIUM,splits/train.csv,False
"Intuit will place a Sponsor Client Graphic consisting of      ----------------      a minimum of 234x60 pixels, with a mutually agreed upon text in two (2)      mutually agreed upon, small business email newsletters sent by Intuit, to      all its registered small business users who have elected to receive such      newsletter (""Small Business Newsletters"").",Minimum Commitment,Original Corporate,MEDIUM,splits/train.csv,False
"At Vapotherm's request to Medica from time to time, Medica shall furnish Vapotherm with certification of insurance evidencing that insurance and shall provide at least [* * *] Business Days prior written notice to Vapotherm of any cancellation of or decrease in the dollar amount of coverage provided by any such policy.",Insurance,Original Corporate,MEDIUM,splits/train.csv,False
"(10) provide proof, in a format satisfactory to us, that you have obtained all required insurance policies, and have name us, as an additional insurance under all such policies;",Insurance,Original Corporate,MEDIUM,splits/train.csv,False
"and records upon reasonable notice (which shall be no less than [***] ([***]) calendar days prior notice, unless a shorter period is mutually agreed to by the Parties), and during normal business hours.",Audit Rights,Original Corporate,MEDIUM,splits/train.csv,False
"In addition,         Commerce One warrants that during the Warranty Period the Software and         MarketSite.net Service is free of any willfully introduced computer         virus, or any other similar harmful, malicious or hidden program or         data, which is designed to disable, erase, or alter the Software, or any         other files, data, or software.",Warranty Duration,Original Corporate,MEDIUM,splits/train.csv,False
"The initial term of this Agreement shall be for a period of four (4) years, commencing on the Effective Date, which term may be extended for up to three (3) years by written agreement of both Parties prior to the expiration date of the initial term or any extension thereof (collectively, the ""Term"").",Expiration Date,Original Corporate,MEDIUM,splits/train.csv,False
"So long as this Agreement remains in effect and for a period of one (1) year thereafter, neither GSK nor any of its Affiliates may make any public disclosure of any holdings of or disposition of beneficial ownership of Theravance voting securities unless such disclosure is approved in advance in writing by Theravance, such approval not to be unreasonably withheld or delayed.",Post-Termination Services,Original Corporate,MEDIUM,splits/train.csv,False
"If the arbitrator determines that any Outstanding Patent should be or should have been, as applicable, an Assigned Patent, Seller shall (and shall cause the other Seller Parties to) assign such Patent to the Purchaser Assignees in accordance with Section 2.1(b)(iii)(E).",Ip Ownership Assignment,Original Corporate,MEDIUM,splits/train.csv,False
"The Parties will mutually agree, reasonably and in good faith, on the timeframe for such audit to be conducted. Any such audit will be conducted during the audited Party's regular business hours and in a manner that minimizes interference with the audited Party's normal business activities.",Audit Rights,Original Corporate,MEDIUM,splits/train.csv,False
"Umbrella/Excess Liability with limits of not less than $5,000,000 in excess of all the above-referenced Commercial General Liability, Employer's Liability and Business Auto Liability, except the following Subcontractor classifications will have limits of not less than the following: HVAC $2,000,000, Landscaping and Fencing $1,000,000. Such Umbrella/Excess Liability policies shall follow form to the terms and conditions of the underlying coverages and shall include a drop down feature in the event any underlying limits are exhausted.",Insurance,Original Corporate,MEDIUM,splits/train.csv,False
"Company shall provide and maintain, at its own expense, commercial general liability insurance and advertising injury coverage, with limits of not less than One Million Dollars ($1,000,000.00), and shall cause such policy to be endorsed to state that Duval is an additional named insured thereunder.",Insurance,Original Corporate,MEDIUM,splits/train.csv,False
"Converge shall pay to VNE a minimum fee of Four and One-Half Million Dollars ($4,500,000) for VNE's provision of the Services during the Initial Term (the ""Initial Term Minimum Fee"").",Minimum Commitment,Original Corporate,MEDIUM,splits/train.csv,False
"Negotiating in good faith, the Parties shall agree to a reasonable minimum percentage of Product supply to [***] Import Alert.",Minimum Commitment,Original Corporate,MEDIUM,splits/train.csv,False
Revenue Share as specified in this CONTENT DISTRIBUTION AND LICENSE AGREEMENT.,Revenue/Profit Sharing,Original Corporate,MEDIUM,splits/train.csv,False
SpinCo shall have the sole right to use the title Steam/its generation and use to publish future editions of the Steam Book.,Exclusivity,Original Corporate,MEDIUM,splits/train.csv,False
The audits shall be conducted upon reasonable advance notice during regular business hours at HEMISPHERX's principal office and in such a manner as not to unduly interfere with HEMISPHERX's operations.,Audit Rights,Original Corporate,MEDIUM,splits/train.csv,False
"If the conveyance of the Principal's  interest to a party  acceptable to BKC has not taken place within the twelve (12) month period,  BKC shall have the option, to purchase the Principal's interest at fair market value.",Rofr/Rofo/Rofn,Original Corporate,MEDIUM,splits/train.csv,False
Minimum Performance won't be determined until FDA 50k market clearance is obtained.,Minimum Commitment,Original Corporate,MEDIUM,splits/train.csv,False
"During the Distribution Term, and in addition to the consideration provided pursuant to Sections 6.1, 6.2, 6.3, and 6.4, for all Product supplied by Zogenix to Distributor under purchase orders submitted pursuant to the Supply Agreement in a particular Fiscal Year, Distributor shall pay to Zogenix a transfer price per unit of Product supplied (the ""Transfer Price"") equal to the sum of (i) [***] of the Fully-Burdened Manufacturing Cost per unit of Product for such Fiscal Year, (ii) [***] of aggregate annual Net Sales for such Fiscal Year, and (iii) the applicable markup percent of the applicable aggregate Net Price for such Fiscal Year, which markup percent is determined based on the incremental amount of Product ordered in such Fiscal Year as set forth below, as may be adjusted pursuant to Section 6.5(b):

Amount of Product Supplied per Fiscal Year Net Price Markup

For the portion of Product supplied less than or equal to the equivalent of [***] in Net Sales in such Fiscal Year [***]

For the portion of Product supplied in excess of the equivalent of [***] in Net Sales and less than or equal to the equivalent of [***] in Net Sales in such Fiscal Year [***]

For the portion of Product supplied in excess of the equivalent of [***] in Net Sales and less than or equal to the equivalent of [***] in Net Sales in such Fiscal Year [***]

For the portion of Product supplied in excess of the equivalent of [***] in Net Sales in such Fiscal Year [***]",Revenue/Profit Sharing,Original Corporate,MEDIUM,splits/train.csv,False
Each party shall maintain Commercial General Liability insurance with bodily injury and property damage limits of $[*****] per occurrence and $[*****] aggregate.,Insurance,Original Corporate,MEDIUM,splits/train.csv,False
Supplier's agreement with any independent contractor to provide services to Bank of America in support of this Agreement shall likewise permit Bank of America to conduct the same inspections.,Audit Rights,Original Corporate,MEDIUM,splits/train.csv,False
"With respect to each Revenue Event, Distributor shall be entitled to receive the Distributor Share of Net Revenue, and Hydraspin shall be entitled to receive the Hydraspin Share of Net Revenue.",Revenue/Profit Sharing,Original Corporate,MEDIUM,splits/train.csv,False
"WPD shall, and shall cause its respective affiliates, to permit CNS and its respective designated representatives, at reasonable times and upon reasonable prior notice to such parties, to review the books and records of WPD and any of its affiliates and to discuss the affairs, finances and condition of such party and any of its affiliates with the officers of such entities and any of their affiliates in relation to their compliance with this section, as applicable.",Audit Rights,Original Corporate,MEDIUM,splits/train.csv,False
"Without limiting the foregoing, and subject to Section 4.2, Otis and Carrier, on behalf of themselves and the other members of, respectively, the Otis Group and the Carrier Group, hereby irrevocably assign to UTC, and agree and promise to assign to UTC, (a) any and all rights, title and interest in and to the United Technologies Trademarks, including all goodwill appurtenant thereto held by them and the other members of the Otis Group and the Carrier Group, and (b) any and all registrations and applications for registration of Trademarks consisting of or containing any of the United Technologies Trademarks, anywhere in the world, to which Otis, Carrier or another member of the Otis Group or the Carrier Group holds a legal or equitable interest as of the Effective Time.",Ip Ownership Assignment,Original Corporate,MEDIUM,splits/train.csv,False
It is the cumulative maximum for which IBM and its Affiliates and Subcontractors are collectively responsible.,Cap On Liability,Original Corporate,MEDIUM,splits/train.csv,False
JHU shall have the right to audit any and all Company records related to this Agreement.,Audit Rights,Original Corporate,MEDIUM,splits/train.csv,False
MediaNet shall remit to Member Provider 20% of the price of each Portal sold directly by it.,Revenue/Profit Sharing,Original Corporate,MEDIUM,splits/train.csv,False
"If Astellas detects at any time any defect in the Lead Compound which has not been found through Astellas' inspection, it shall notify FG to that effect within [ * ] of the discovery of such defect, and the procedures set forth above in this Section 12.7 shall be applied to such defective Lead Compound, provided, that FG shall only be responsible to pay for costs of defects that are the result of FG's gross negligence or willful misconduct.",Warranty Duration,Original Corporate,MEDIUM,splits/train.csv,False
"Application for our consent to a transfer and tender of the right of first refusal provided for in Paragraph XX, will be accompanied by the documents (including a copy of the proposed purchase or other transfer agreement) or other information required by us.",Rofr/Rofo/Rofn,Original Corporate,MEDIUM,splits/train.csv,False
"As between the Parties, the Parties shall jointly own all Inventions (including Improvements) developed, conceived or reduced to practice jointly by or on behalf of both Bioeq and Licensee (such Inventions, Joint Inventions, and such Improvements, Joint Improvements), and all Intellectual Property Rights and Know-How therein.",Joint Ip Ownership,Original Corporate,MEDIUM,splits/train.csv,False
"Pretzel  Time  shall  have the right,  exercisable  by written  notice delivered to Franchisee  (or its Owners) within sixty (60) days from the date of delivery  of an exact copy of such  offer to  Pretzel  Time,  to  purchase  such interest for the price and on the terms and conditions  contained in such offer, provided that Pretzel Time may substitute cash for any form of payment  proposed in such offer,  Pretzel Time's credit shall be deemed equal to the credit of any proposed  purchaser and Pretzel Time shall have not less than sixty (60) days to prepare  for  closing.",Rofr/Rofo/Rofn,Original Corporate,MEDIUM,splits/train.csv,False
"For avoidance of doubt, all audits under this Section shall be conducted solely by an independent public accountant as described in the foregoing sentence.",Audit Rights,Original Corporate,MEDIUM,splits/train.csv,False
"SIGA, or its authorized representatives, shall have the right, at its cost, with reasonable advance notice, during regular business hours, to audit the facility used by the Promoter in order to review the Promoter activities under this Exhibit including, but not limited to, any documents relevant to these activities, for compliance with the safety reporting requirements set out in this Exhibit.",Audit Rights,Original Corporate,MEDIUM,splits/train.csv,False
"If  Pretzel  Time  does not  exercise  its  right  of  first  refusal, Franchisee or its Owners may complete the sale to such purchaser pursuant to and on the exact  terms of such  offer,  subject to Pretzel  Time's  approval of the Transfer as provided in Section 17,  provided that if the sale to such purchaser is not completed  within 120 days after  delivery of such offer to Pretzel Time, or if there is a  material  change  in the terms of the sale  (which  Franchisee shall  promptly  communicate  to Pretzel  Time),  Pretzel  Time's right to first refusal shall be extended for thirty (30) days after the  expiration of such 120 day period or after the material change in the terms of the sale so communicated to Pretzel Time.",Rofr/Rofo/Rofn,Original Corporate,MEDIUM,splits/train.csv,False
"Prior to the earlier of Investor exercising the Option and the expiration of the Option Period, Company will not grant to any Third Party any rights to the Patents or to the Technical Information that extend beyond the expiration of the Option Period.",Exclusivity,Original Corporate,MEDIUM,splits/train.csv,False
"CHT shall, in good faith and at its own expense:",Audit Rights,Original Corporate,MEDIUM,splits/train.csv,False
"Franchisee  agrees  to  carry at its expense  during  the  Term of this  Agreement  Comprehensive  General  Liability insurance, including Products Liability and Broad Form Contractual Liability, in an  amount  which is at all  times  the  local  equivalent  of not less than One Million U.S. Dollars (U.S.  $1,000,000.00)  per occurrence for bodily injury and Five Hundred  Thousand  U.S.  Dollars  (U.S.  $500,000.00)  per  occurrence  for property damage, or in such increased amounts as BKC may reasonably request from time to time during the Term of this  Agreement.",Insurance,Original Corporate,MEDIUM,splits/train.csv,False
"7.2.3. as soon as practicable, but in any event within thirty (30) days of the end of each month, an unaudited income statement for such month, and an unaudited balance sheet as of the end of such month, all prepared in accordance with GAAP (except that such financial statements may (i) be subject to normal year-end audit adjustments and (ii) not contain all notes thereto that may be required in accordance with GAAP); 7.2.4. as soon as practicable, but in any event within forty five (45) days after the end of each quarter of each fiscal year of Qualigen, a progress report setting forth Qualigen's business results and progress against the Development Plan; and 7.2.5. as soon as practicable, but in any event no later than sixty (60) days before the end of each fiscal year, a budget and business plan for the next fiscal year, prepared on a monthly basis, including balance sheets and income statements.",Audit Rights,Original Corporate,MEDIUM,splits/train.csv,False
"Operator shall maintain Commercial General Liability Insurance covering its operations under this Agreement including, without limitation, bodily injury, death, property damage, premises/operations, sudden and accidental pollution, independent contractors, products/completed operations, contractual, and personal injury liability, with a limit of not less than one million dollars ($1,000,000) per occurrence and two million dollars ($2,000,000) in the annual aggregate.",Insurance,Original Corporate,MEDIUM,splits/train.csv,False
"For three (3) years after each calendar quarter during the           term of this Agreement, Co-Host will keep, at Co-Host's office, full           and accurate books of account and copies of all documents and other           materials for such quarter relating to this Agreement and Co-Host's           records, accounts and contracts relating to the distribution of the           Products.",Post-Termination Services,Original Corporate,MEDIUM,splits/train.csv,False
"Shipper shall tender to Carrier and Carrier shall transport in a series of shipments not less than 10,000 pounds of Commodities per year.",Minimum Commitment,Original Corporate,MEDIUM,splits/train.csv,False
"During the Term of this Agreement, LeadersOnline agrees to purchase from VerticalNet Banners and Newsletter Ads for a total price of at least *** ($***).",Minimum Commitment,Original Corporate,MEDIUM,splits/train.csv,False
"Closing of the Transfer must occur within 60 calendar days of our election (or such longer period as applicable law may require); otherwise, the third-party's offer will be treated as a new offer subject to our right of first refusal.",Rofr/Rofo/Rofn,Original Corporate,MEDIUM,splits/train.csv,False
"LEA shall not at any time do or cause to be done any act, omission, or thing contesting or in any way impairing or tending to impair any part of T&B's right, title and interest in the Licensed Intellectual Property.",Covenant Not To Sue,Original Corporate,MEDIUM,splits/train.csv,False
"If government regulations prevent LeadersOnline from sharing any revenues associated with LeadersOnline Services, VerticalNet and LeadersOnline shall negotiate in good faith a compensation structure that seeks to provide VerticalNet with compensation equal to that set forth in Sections 6.3.1  [Revenue Sharing].",Revenue/Profit Sharing,Original Corporate,MEDIUM,splits/train.csv,False
"Such certificate will provide that there shall be no cancellation, non-renewal, or modification of such coverage without thirty days' prior written notice to the Company.",Insurance,Original Corporate,MEDIUM,splits/train.csv,False
"If at any time Agent acquires any rights in, or any registration or application for, any of the Trademarks by  operation of law or otherwise, it will immediately, upon request by Kallo and at no expense to Kallo, assign such  rights, registrations, or applications to Kallo, along with any and all associated goodwill.",Ip Ownership Assignment,Original Corporate,MEDIUM,splits/train.csv,False
You will permit us to inspect your books and records at all reasonable times.,Audit Rights,Original Corporate,MEDIUM,splits/train.csv,False
"If Gross Revenues have been understated by more than 2% for the period covered by the examination or audit, you must also: (1) reimburse us for the full reasonable cost of the examination or audit, including, travel, lodging, meals, and wages of our representatives and the legal and accounting fees of any attorneys or independent accountants we use for the examination or audit; and (2) at our request, thereafter provide us with periodic audited financial statements.",Audit Rights,Original Corporate,MEDIUM,splits/train.csv,False
"If programming errors or other defects are discovered during the Support Period, the Developer shall promptly remedy those errors or defects at its own expense.",Warranty Duration,Original Corporate,MEDIUM,splits/train.csv,False
"Effective as of the Agreement Date, PPI hereby sells, transfers, conveys and assigns to EKR all right, title  and interest in and to [**] (the ""Transferred NDA"").",Ip Ownership Assignment,Original Corporate,MEDIUM,splits/train.csv,False
"4.2.2 the term ""Commission"" will mean the total fees paid in cash to us, by insurance carriers as a percentage of the Premiums generated by insurance policies sold by the Franchised Business, on all new and renewal policies.",Revenue/Profit Sharing,Original Corporate,MEDIUM,splits/train.csv,False
"Supplier hereby represents and warrants that the Software shall be and shall remain Operative, from the Delivery Date through the end of the Warranty Period.",Warranty Duration,Original Corporate,MEDIUM,splits/train.csv,False
"This agreement will be automatically renewed at the end of every ten (10) year term, with each subsequent term of renewal being for a ten (10) year term.",Renewal Term,Original Corporate,MEDIUM,splits/train.csv,False
"RevMed entered into a written agreements with prior to the Effective Date, such right of Sanofi shall be to the extent RevMed has the right to permit Sanofi to do so under such written agreements, and provided further, that RevMed shall use Commercially Reasonable Efforts to secure such right for Sanofi where one does not exist).",Audit Rights,Original Corporate,MEDIUM,splits/train.csv,False
"Any annual renewal would be subject to the payment, if  applicable, of the AMC as agreed to by the parties, however such AMC will not be less than the previous year AMC times 115%, payable in  applicable quarterly instalments.",Minimum Commitment,Original Corporate,MEDIUM,splits/train.csv,False
"otherwise, to MS for or in connection with this Agreement or the transactions contemplated hereby or any actions or inactions by or on behalf of the MSCI Provider Group in connection with this Agreement and such transactions.",Cap On Liability,Original Corporate,MEDIUM,splits/train.csv,False
"Excess coverage with respect to Sections 26.2.2, 26.2.3 and 26.2.4 above with a per occurrence limit of $5,000,000. The limits of liability required In subsections 26.2.2, 26.2.3 and 26.2.4 may be satisfied by a combination of those policies with an Umbrella/Excess Liability policy.",Insurance,Original Corporate,MEDIUM,splits/train.csv,False
"The cost of storage, monitoring (including any on-going analytical analysis), and insurance before shipment shall be borne by [* * *].",Insurance,Original Corporate,MEDIUM,splits/train.csv,False
"No later than the Initiation of the first Registrational Clinical Trial for the first Product, Sanofi and RevMed shall enter into a profit/loss share agreement (the ""Profit/Loss Share Agreement"") pursuant to which the Parties shall equally share the Net Profit and Net Loss (as defined in Exhibit M of the Correspondence) applicable with respect to Commercialization of Products (but, for clarity, not any costs of Development) of Products in the U.S.",Revenue/Profit Sharing,Original Corporate,MEDIUM,splits/train.csv,False
"Such analysis will include, among other considerations, product risk characteristics, product litigation history,",Insurance,Original Corporate,MEDIUM,splits/train.csv,False
"If we offer any such mandatory training programs, then you or your designated personnel must attend a minimum of seventy-five percent (75%) of the programs offered on an annual basis.",Minimum Commitment,Original Corporate,MEDIUM,splits/train.csv,False
"Lease of Stock (Exhibit 8 Clause 2.2) and Advanced Pool Service (Exhibit 15): the Items of the Stock shall be insured by theCompany under Spares All Risk Insurance for not less than the full replacement value; and,",Insurance,Original Corporate,MEDIUM,splits/train.csv,False
Vyera shall conduct the Commercialization activities in accordance with the Commercialization Plan and in performing such activities will ensure that it meets or exceeds the Minimum Requirements.,Minimum Commitment,Original Corporate,MEDIUM,splits/train.csv,False
"Should a Product fail within this warranty period, Distributor shall replace such defective Product from Distributor's inventory and accept return of the failed Product from Distributor's customer.",Warranty Duration,Original Corporate,MEDIUM,splits/train.csv,False
"Except as provided herein, no member of the Online Group or the Group may in any manner (i) modify the Skype Software, Skype Toolbar, Company-Skype Toolbar and/or Company-Skype Branded Application or any Improvement thereof; (ii) distribute, sell, transfer, encumber, sublicense, rent, loan, lend or lease the Skype Software and/or the Skype Toolbar, and/or any component thereof to any third party; or",Non-Transferable License,Original Corporate,MEDIUM,splits/train.csv,False
"Merchant shall deliver to Purchaser certificates evidencing such insurance setting forth the duration thereof and naming Purchaser as an additional named insured, in form reasonably satisfactory to Purchaser.",Insurance,Original Corporate,MEDIUM,splits/train.csv,False
"Consultant agrees to keep and maintain adequate, current, accurate, and authentic written records of all Inventions made by Consultant (solely or jointly with others) during the term of this Agreement, and for a period of three (3) years thereafter.",Post-Termination Services,Original Corporate,MEDIUM,splits/train.csv,False
"At Client's cost for materials (but excluding costs for labor or other EFS  charges), EFS agrees to include up to two (2) inserts per month in each of the Catalogs and up to two (2) onserts per month in all  outgoing Merchandise packaging, promoting Client products and services and/or those of Client's affiliates, Licensees or  sponsors.",Volume Restriction,Original Corporate,MEDIUM,splits/train.csv,False
Each party shall provide a certificate of insurance (or evidence of self-insurance) evidencing such coverage to the other party upon request.,Insurance,Original Corporate,MEDIUM,splits/train.csv,False
"Minimum Cumulative Purchase Commitment Contract Year 1 $ [***] $ [***] $ [***] $ [***] Contract Year 2 $ [***] $ [***] $ [***] $ [***] Contract Year 3 $ [***] $ [***] $ [***] $ [***] Contract Year 4 $ [***] $ [***] $ [***] $ [***] Contract Year 5 $ [***] $ [***] $ [***] $ [***] Contract Year 6 $ [***] $ [***] $ [***] $ [***] Contract Year 7 [***] $ [***] $ [***] $ 109,000,000 Total $ [***] $ [***] $150,000,000 N/A",Minimum Commitment,Original Corporate,MEDIUM,splits/train.csv,False
"Licensee acknowledges that Fox is the owner of all right, title and interest in and to the PSM and the Properties, and further acknowledges the great value of the goodwill associated with the PSM and the Properties and that the PSM and the Properties have acquired secondary meaning in the mind of the public and that the trademarks and copyrights included in the PSM and the Properties, and the registrations thereof, are valid and subsisting, and further agrees that it shall not during the Term of this Agreement or at any time thereafter dispute or contest directly or indirectly, or do or cause to be done any act which in any way contests, impairs or tends to impair Fox's",Covenant Not To Sue,Original Corporate,MEDIUM,splits/train.csv,False
Spin agrees to pay      Nettaxi a 5% commission of the gross sales price on all transactions.,Revenue/Profit Sharing,Original Corporate,MEDIUM,splits/train.csv,False
"Party A must ensure the waste heat power generation system of CDQ working hours no less than 7,200 hours/year.",Minimum Commitment,Original Corporate,MEDIUM,splits/train.csv,False
"SMBC shall have ten (10) days from the date of delivery of any such notice to agree to purchase all, but not less than all, of such Partnership Interests, for the price and upon the terms specified in the notice, by delivering written notice to such Partner and Moelis Holdings.",Rofr/Rofo/Rofn,Original Corporate,MEDIUM,splits/train.csv,False
"Any other insurance coverage that is required by federal, state, or municipal law.",Insurance,Original Corporate,MEDIUM,splits/train.csv,False
"All insurers of a Party on such policies must have at all times an A.M. Best financial rating of at least ""A-Minus VII"".",Insurance,Original Corporate,MEDIUM,splits/train.csv,False
"To facilitate the effective launch of the Business, T&B shall assist LEA by providing the following: o Approved Images § Minimum 5 Hero image/poses (studio or in the field) of Tarek · Full length, 3/4 or straight, waist up and/or chest up o Hi-resolution: 8""x10"" or 5""x 7"" 300 dpi flattened file § File Format: .jpg, .psd, .tiff, .png. o Approved Videos § Minimum 3 Live Workshop Promotion · 1 30 second clip · 1 60 second clip · 1 3-minute video § Minimum 3 Online Workshop Promotion by topic · 1 30 second clip · 1 60 second clip · 1 3-minute video § Minimum 5 Nurturing/Event Reminder- Live and Online (10) · 1 Thank you for registering · 1 Workshop reminder/ content · 1 Motivational- Why/Purpose · 1 Call to action- Show up. Take action by doing. o What they'll learn/expectations · 1 Thank you for pursing education- post event",Minimum Commitment,Original Corporate,MEDIUM,splits/train.csv,False
"Should             these results differ to those provided by Client's server by more             than 10%, Client may, once per quarter during Excite's regular             business hours and at Client's sole expense, review these records to             verify the accuracy and appropriate accounting of XXXXXXXXX             delivered pursuant to the Agreement.",Audit Rights,Original Corporate,MEDIUM,splits/train.csv,False
"Except as otherwise provided herein and as set forth in Section 2.5, XENCOR shall have [...***...] after the date of XENCOR's receipt of Product, for all claims arising out of or relating to any Latent Defects and to reject such delivered Product for Latent Defects; provided, however that XENCOR shall only be permitted to reject the Product if the Acceptance Criteria are not met.",Warranty Duration,Original Corporate,MEDIUM,splits/train.csv,False
"New Alloy Technologies that have been developed by cooperation of the Parties shall be jointly and equally owned by the Parties, and any royalties for the use thereof by third parties shall be shared equitably between the Parties",Joint Ip Ownership,Original Corporate,MEDIUM,splits/train.csv,False
"If STW exercises its option to produce and transport the CRA water, STW will construct additional facilities or expand existing facilities, as necessary, to be able to produce and transport the CRA water for sale.",Rofr/Rofo/Rofn,Original Corporate,MEDIUM,splits/train.csv,False
"During the Term of the Agreement and subject to the terms and conditions of the Agreement, Imprimis shall pay to Surgical Sales Commissions equal to ten percent (10%) of the Net Sales for Product.",Revenue/Profit Sharing,Original Corporate,MEDIUM,splits/train.csv,False
"In the absence of such notification, Astellas shall be deemed to have accepted the shipment.",Warranty Duration,Original Corporate,MEDIUM,splits/train.csv,False
"Except as expressly provided in this Agreement, EMV does not grant any right to Manufacturer to (a) use, copy, or display (except for promotional purposes) the Products; (b) assign, sublicense, or otherwise transfer its rights or delegate its obligations under this Agreement or any of the rights, licenses, Products, or materials to which it applies; or (c) modify, amend, alter or otherwise vary the Products.",Non-Transferable License,Original Corporate,MEDIUM,splits/train.csv,False
"Upon reasonable notice to Distributor, Distributor shall make such books and records available to Developer, at Distributor's place of business during normal business hours, to audit the payments being made by Distributor hereunder.",Audit Rights,Original Corporate,MEDIUM,splits/train.csv,False
"You will not contest, either directly or indirectly during or after the Term:   9.1.1.1 our (and/or any Entities') ownership of, rights to and interest in the System, Brand, Marks and any of their elements or components, including present and future distinguishing characteristics and agree that neither you nor any design or construction professional engaged by you may use our Standards, our Manual or your approved Plans and Designs for any hotel or lodging project other than the Hotel;   9.1.1.2 our sole right to grant licenses to use all or any elements or components of the System;   9.1.1.3 that we (and/or the Entities) are the owner of (or the licensee of, with the right to sub-license) all right, title and interest in and to the Brand and the Marks used in any form and in any design, alone or in any combination, together with the goodwill they symbolize; or   9,1.1.4 the validity or ownership of the Marks.",Covenant Not To Sue,Original Corporate,MEDIUM,splits/train.csv,False
Rubicon shall make full and prompt disclosure to ISA of all Works as they are made (whether or not conceived or made jointly  with others).,Ip Ownership Assignment,Original Corporate,MEDIUM,splits/train.csv,False
"Franchisee shall execute, for no additional consideration, any and all documents deemed necessary by Franchisor or its attorneys to be necessary to transfer such right, title or interest to Franchisor.",Ip Ownership Assignment,Original Corporate,MEDIUM,splits/train.csv,False
"With respect to Qwik-Fix Pro delivered by PivX to Detto on CD-Rom, PivX warrants that for a period of thirty (30) days following delivery to Detto, the media on which Qwik-Fix Pro is furnished to Detto will be free from defects in materials and workmanship during normal use.",Warranty Duration,Original Corporate,MEDIUM,splits/train.csv,False
"At the reasonable written request of Bellicum during the Term, Miltenyi shall enter into a direct supply agreement for Miltenyi Products with any Licensee nominated by Bellicum, materially consistent with the terms and conditions of this Agreement and the Quality Agreement (as applicable), except as agreed otherwise in writing between Miltenyi and the respective Bellicum Licensee.",Non-Transferable License,Original Corporate,MEDIUM,splits/train.csv,False
The cost of the audit will be borne by the Joint Venture.,Audit Rights,Original Corporate,MEDIUM,splits/train.csv,False
"HealthGate will liaise with the Publishers, making available for             such purposes such HealthGate liaison staff as the Publishers may             reasonably require, and acting in all good faith, to ensure a             mutually satisfactory license to the Publishers or, at the             Publishers' option, to a replacement contractor.",Post-Termination Services,Original Corporate,MEDIUM,splits/train.csv,False
"Upon WGT's request, Distributor will      provide access to such records for examination, reproduction, and audit by      WGT or its representatives. Any such audit will be conducted at such times      and in such a manner so as not to unreasonably interfere with Distributor's      normal operations.",Audit Rights,Original Corporate,MEDIUM,splits/train.csv,False
Customer and Supplier each represent that they are sufficiently insured against any liability arising under this Agreement.,Insurance,Original Corporate,MEDIUM,splits/train.csv,False
"REVENUE SHARING FEES:

1.       Corio Customer Application Management Revenue:

         Corio to pay Changepoint *** of all Application          Management Revenue from Corio Customers for use of Changepoint Software          subject to the following limitations.

                A.  The Corio invoice amounts used to calculate the revenues                     subject to this revenue share shall not include Professional                     Service fees or Network access fees.

                B.  These Application Management Revenue fees shall begin                     accruing when the Corio Customer first commences making                     payments to Corio for the Corio Services.

         Software support and maintenance fees are included in the 10% Revenue          Sharing Fee.",Revenue/Profit Sharing,Original Corporate,MEDIUM,splits/train.csv,False
"During such audits, the auditing Party shall have the right to take extracts and/or make copies of the audited Party's records as it deems necessary",Audit Rights,Original Corporate,MEDIUM,splits/train.csv,False
"LEA and T&B shall jointly own all jointly-created work product including, but not limited to, ideas, any and all concepts, designs, Customer Data (including client lists) generated through the conduct of the Business, programs, software, reports, or other intellectual property and tangible work product, produced for the Business , regardless of whether such were incorporated into or used by the Business (collectively ""Work Product""), shall be and remain the joint property of LEA and T&B when produced provided, however, (i) to the extent LEA has contributed distinct and divisible work product to the Business during the Term (""LEA Work Product""), such LEA Work Product shall remain frozen for a period not to exceed 90 days, during which time T&B may acquire a license for the LEA Work Product by reimbursing LEA direct and verifiable costs LEA incurred in producing the LEA Work Product during the Term and (ii) to the extent T&B has contributed distinct and divisible work product to the Business during the Term (""T&B Work Product""), such T&B Work Product shall remain frozen for a period not to exceed 90 days, during which time LEA may acquire license for the T&B Work Product by reimbursing T&B direct and verifiable costs T&B incurred in producing the T&B Work Product during the Term.",Joint Ip Ownership,Original Corporate,MEDIUM,splits/train.csv,False
"Explosion, Collapse, and Underground Damage Liability will have the same limit requirement as the Commercial General Liability policy.",Insurance,Original Corporate,MEDIUM,splits/train.csv,False
"You agree that neither you nor any Principal of yours will transfer or attempt to transfer any or all of your Franchised Business to a third party who will operate a similar business at the Approved Location but not under the System and the Proprietary Marks, and not under a franchise agreement with us.",Non-Transferable License,Original Corporate,MEDIUM,splits/train.csv,False
"Except as otherwise provided, shipments moving at Carrier's distance     commodity rates may be stopped in transit at not more than two points     enroute between original point of origin and final point of destination to     complete loading or to partially unload or both.",Volume Restriction,Original Corporate,MEDIUM,splits/train.csv,False
may arise through the performance of its obligations under this Agreement.,Ip Ownership Assignment,Original Corporate,MEDIUM,splits/train.csv,False
"""Minimum Revenue Targets"" shall mean: (i) in the first (1st) year of the Term, Aggregate Revenues of not less than Nine Million Dollars ($9,000,000) and (ii) in the second (2nd) year of the Term, Aggregate Revenues of not less than Twelve Million Dollars ($12,000,000).",Minimum Commitment,Original Corporate,MEDIUM,splits/train.csv,False
"If the Efficiency Bank reaches a balance of less than zero during the Warranty Period, Operator shall reimburse Owner for any Gas Payment Shortfall that Owner incurs within ten (10) days after Owner provides notice to Operator of such shortfall amount; provided that Operator's cumulative aggregate liability under this Section 2.8 plus any payments required to be made by Operator under Section 2.5(c) shall not exceed an amount equal to (i) one hundred percent (100%) of the aggregate Purchase Price of all Bloom Systems in the Portfolio during the applicable period and the purchase price under the December 30 Bill of Sale (inclusive of any amounts paid or for which a pending claim has been made for under the Gas Payment Shortfall under the MESPA), less (ii) the aggregate of all amounts paid by Operator (or claimed against Operator in the case of any claims that are pending at the time of such calculation) with respect to claims under Section 2.5(c) hereunder or Sections 8.2(b) and 8.3(c) of the MESPA.",Cap On Liability,Original Corporate,MEDIUM,splits/train.csv,False
"and records available for inspection by Owner's auditors, and (ii) making such copies of books and records as may be reasonably requested by  such auditors. In no event shall Owner's audits unreasonably interfere with Operator's operations.",Audit Rights,Original Corporate,MEDIUM,splits/train.csv,False
"CPDC shall provide to FUSION reasonable access to such records upon request Prior to destruction of any record after such time, CPDC shall give written notice to FUSION.",Audit Rights,Original Corporate,MEDIUM,splits/train.csv,False
"NCM shall not engage in any conduct  which may place Network Affiliate or any Network Affiliate Mark in a negative light or context, and shall not represent that it owns or has any  interest in any Network Affiliate Mark other than as expressly granted herein, nor shall it contest or assist others in contesting the title or any  rights of Network Affiliate (or any other owner) in and to any Network Affiliate Mark.",Covenant Not To Sue,Original Corporate,MEDIUM,splits/train.csv,False
"For Untargeted           Offers that appear both on the Co-Branded Application and elsewhere           on the Excite Network, revenue attributable to placement on the           Co-Branded Application shall be calculated based on the price to be           established as set forth in Section 2.a of this Exhibit, and the           parties will share equally such revenue.",Revenue/Profit Sharing,Original Corporate,MEDIUM,splits/train.csv,False
"In consideration of the services rendered pursuant to this Agreement, Integrity shall receive the excess, if any, of the sales price, as set forth in the Fund's Registration Statement, over the net asset value of Shares sold by Integrity, as underwriter.",Revenue/Profit Sharing,Original Corporate,MEDIUM,splits/train.csv,False
Sponsor shall provide SDBF with certificates of insurance evidencing compliance with all insurance provisions noted above prior to the commencement of the sponsorship and annually prior to the expiration of each required insurance policy.,Insurance,Original Corporate,MEDIUM,splits/train.csv,False
NFLA to feature Company on all social media channels a minimum of four (4) times per year.,Minimum Commitment,Original Corporate,MEDIUM,splits/train.csv,False
"Insofar as Vendor's obligations under Subsection (b)(i) result from, arise out of, or relate to a Covered Claim that is a Combination Claim, Vendor shall be liable to pay only its Proportionate Share of the Covered Loss associated with such Combination Claim.",Cap On Liability,Original Corporate,MEDIUM,splits/train.csv,False
"In the event that SAP AFRICA develops jointly with TELKOM for universal   application and jointly funds with TELKOM, any extension or modification to the   licensed SOFTWARE, then save as may otherwise be agreed upon in writing by   SAP AFRICA and TELKOM, such extensions or modifications will be the joint   property of SAP AFRICA and TELKOM provided that   8. 3. 1.    Neither SAP AFRICA nor TELKOM will grant to any third party, either   expressly or impliedly, any rights, title, interest in, or licences to, such jointly   developed modification or extension.",Joint Ip Ownership,Original Corporate,MEDIUM,splits/train.csv,False
"Such notice shall include written confirmation and details of replacement insurance coverages and  other material revisions to the policies, which shall be effective immediately upon any cancellation or material change in EFS'  policies in order that no gap in coverage results.",Insurance,Original Corporate,MEDIUM,splits/train.csv,False
IN NO EVENT SHALL JRVS'S LIABILITY ARISING OUT OF THIS AGREEMENT EXCEED THE AMOUNT RECEIVED BY JRVS FROM THE DISTRIBUTOR HEREUNDER FOR THE PRODUCT GIVING RISE TO THE LIABILITY.,Cap On Liability,Original Corporate,MEDIUM,splits/train.csv,False
"On and after the Commencement Date, RGHI shall, and shall cause its Affiliates to, until the 6th anniversary of the Commencement Date, afford to RCP and its employees and authorized representatives during normal business hours reasonable access to their books of account, financial and other records (including accountant's work papers), information, employees and auditors at the Company's expense to the extent necessary or useful for the Company in connection with any audit, investigation, or dispute or Litigation (other than any Litigation involving a dispute between the Parties) or any other reasonable business purpose relating to the Business; provided that any such access by RCP shall not unreasonably interfere with the conduct of the business of RGHI and its Affiliates.",Audit Rights,Original Corporate,MEDIUM,splits/train.csv,False
"hereunder, including the Build Services contemplated in the Build Addendum, shall commence upon Location Acceptance of the applicable Cell Site and continue for a period equal to [***] from Location Acceptance of the applicable Cell Site (the ""Workmanship Warranty Period"").",Warranty Duration,Original Corporate,MEDIUM,splits/train.csv,False
"Such inspections may be made no more than once each calendar year, at reasonable times and on reasonable notice.",Audit Rights,Original Corporate,MEDIUM,splits/train.csv,False
"With respect to the foregoing, XSPA shall provide to Calm certificate(s) evidencing such insurance prior to or upon execution of this Agreement.",Insurance,Original Corporate,MEDIUM,splits/train.csv,False
"For so long as Rogers is required by Applicable Law to pay copyright royalties relating to Licensed Programs hereunder, Licensor shall reimburse Rogers for 50% of any such royalties actually paid by Rogers, calculated on a rolling basis during the Term and payable monthly.",Revenue/Profit Sharing,Original Corporate,MEDIUM,splits/train.csv,False
M&I agrees that Customer shall have the right to obtain a copy of the source code for the IBS Software pursuant to the terms and conditions of this Article 23.,Source Code Escrow,Original Corporate,MEDIUM,splits/train.csv,False
SUPPLIER/SUBCONTRACTOR CONTRACT,Document Name,Original Corporate,MEDIUM,splits/train.csv,False
"FCE will assign, and hereby assigns, to ExxonMobil ownership of Program Results.",Ip Ownership Assignment,Original Corporate,MEDIUM,splits/train.csv,False
"Distributor shall not dispute or contest for any reason whatsoever, directly or indirectly, during the term of this Agreement and thereafter, the validity, ownership or enforceability of any of the trademarks of Company, nor directly or indirectly attempt to acquire or damage the value of the goodwill associated with any of the trademarks of Company, nor counsel, procure or assist any third Party to do any of the foregoing",Covenant Not To Sue,Original Corporate,MEDIUM,splits/train.csv,False
"[***] shall designate up to [***] ([***]) BLI employees or personnel as key persons (individually, a ""Key Person"" and collectively, ""Key Persons"").",Volume Restriction,Original Corporate,MEDIUM,splits/train.csv,False
"Party A shall not establish any same or similar cooperative relationship with any third party in respect of such businesses nor shall it make any same or similar arrangement, unless with the prior written consent of Party B.",Exclusivity,Original Corporate,MEDIUM,splits/train.csv,False
"representation of fact, which has the effect or tendency to, or could have the effect or tendency to, disparage,  denigrate, criticize or otherwise reflect negatively on the other party and/or the other party's products, services,  officers, directors, shareholders, employees or investors (a ""Disparaging Communication"").",Non-Disparagement,Original Corporate,MEDIUM,splits/train.csv,False
"If no new version has been deposited in any 6 month period,             HealthGate will deposit a replacement copy of the then current             version of the source code of the Proprietary Software under the             Escrow Agreement and will notify the Publishers in writing.",Source Code Escrow,Original Corporate,MEDIUM,splits/train.csv,False
"Subaru of America, Inc., its parent and subsidiaries shall be included as  additional insureds under the CGL using ISO additional insured endorsement CG 20 10 or a substitute providing equivalent coverage.",Insurance,Original Corporate,MEDIUM,splits/train.csv,False
"TELKOM   agrees not to copy the Source Code, nor to disclose it to any third party except   Agents retained by TELKOM to assist in maintaining SOFTWARE, provided   that no such Agent is in the business of marketing or developing software   competitive to the SOFTWARE.",Source Code Escrow,Original Corporate,MEDIUM,splits/train.csv,False
"CERES is hereby granted a first option, to be exercised by written notice within thirty (30) days from         CERES-IGER Collaboration Agreement",Rofr/Rofo/Rofn,Original Corporate,MEDIUM,splits/train.csv,False
"The PG shall ensure that the Supply Contract shall afford the Parties to this Agreement the right to review the books, records, vouchers, and accounts required to be kept, maintained, and obtained pursuant to Subparagraphs 9.1, 9.2 and 9.3.",Audit Rights,Original Corporate,MEDIUM,splits/train.csv,False
"TELKOM is licensed to install at the DESIGNATED SITE no more than 1 (one)   copy of the SOFTWARE on the DESIGNATED UNIT utilised for testing and   backup purposes The DESIGNATED UNIT utilised for testing and backup   purposes of the SOFTWARE, must be of the same type as those used at the    DESIGNATED SITE for USE.",Volume Restriction,Original Corporate,MEDIUM,splits/train.csv,False
"SpinCo shall have the sole right to determine the content contained in future editions of the Steam Book, provided, however, that SpinCo will provide RemainCo with a right of first refusal to collaborate with SpinCo to provide content related to nuclear subject matter in the forty-third (43rd) edition of the Steam Book, with allocation of costs and revenues and any attribution and Copyright ownership with respect to RemainCo contributed content to be negotiated in good faith by the Parties.",Rofr/Rofo/Rofn,Original Corporate,MEDIUM,splits/train.csv,False
The insurance afforded by the policy or policies  respecting  liability shall  not be  limited  in any  way by  reason  of any  insurance  which  may be maintained  by  Pretzel  Time.,Insurance,Original Corporate,MEDIUM,splits/train.csv,False
Cremer's liability arising from this Agreement is limited to intentional misconduct or gross negligence.,Cap On Liability,Original Corporate,MEDIUM,splits/train.csv,False
"Subject to the prior written approval of IAC's vendor or IAC Subcontractor, Sonos or its representatives may also inspect such vendor or subcontractor.",Audit Rights,Original Corporate,MEDIUM,splits/train.csv,False
"If Calm exercises its ROFR within the ROFR Period, the Parties shall enter into an amendment or addendum to this Agreement to include such additional region and/or Stores.",Rofr/Rofo/Rofn,Original Corporate,MEDIUM,splits/train.csv,False
"When the FirstNet Authority or other governmental authority requests to review Vendor's records, AT&T and its auditors will review these records first if the FirstNet Authority or other governmental authority permits such review, and provide the records to the requesting governmental authority; provided, however, the FirstNet Authority and other governmental authorities retain the right to perform audits independent of AT&T.",Audit Rights,Original Corporate,MEDIUM,splits/train.csv,False
"Thereafter (and for the remainder of the Term), Fox shall earn and Licensee shall pay to Fox Royalties at the rate of ***** percent (*****%) of Licensee's gross receipts from Licensee's sale, license, distribution or other exploitation of the Wireless Products derived from the respective Targeted Release.",Revenue/Profit Sharing,Original Corporate,MEDIUM,splits/train.csv,False
"Aimmune shall procure and maintain insurance, including clinical trials insurance and product liability insurance, adequate to cover its obligations hereunder and which is consistent with normal business practices of prudent companies similarly situated at all times during which the Product is being clinically tested in human subjects or commercially distributed or sold by Aimmune pursuant to this Agreement; provided, that any such clinical trials insurance coverage shall, prior to the First Commercial Sale of a Product, in no event be less than [***] Dollars ($[***]) per loss occurrence, and product liability insurance coverage shall, after such First Commercial Sale, in no event be less than [***] Dollars ($[***]) per loss occurrence.",Insurance,Original Corporate,MEDIUM,splits/train.csv,False
"All such policies shall require at least thirty (30) days' prior notice to Purchaser of cancellation, non-renewal or material change.",Insurance,Original Corporate,MEDIUM,splits/train.csv,False
"The Agency will maintain valid errors and omissions insurance, with          minimum limits of $1,000,000 per incident, and a fidelity and          electronic crime policy through an insurer, both of which shall contain          terms and limits of coverage acceptable to MICOA covering the Agency's          solicitors and each of its employees.",Insurance,Original Corporate,MEDIUM,splits/train.csv,False
The basket of Crude Oil to be used shall always include a minimum of ten (10) Crude Oils.,Minimum Commitment,Original Corporate,MEDIUM,splits/train.csv,False
Sanofi may exercise its Option at any time during the Term by providing RevMed with written notice of such exercise,Rofr/Rofo/Rofn,Original Corporate,MEDIUM,splits/train.csv,False
The Farids Group shall not deliver more than one ROFR Sale Notice or ROFO Sale Notice in any thirty (30) day period.,Rofr/Rofo/Rofn,Original Corporate,MEDIUM,splits/train.csv,False
"Diplomat agrees to pay KI, Inc. the minimum royalties set forth below as a minimum guarantee against royalties to be paid to KI, Inc. under subparagraph 3.(a), above:

                  (1) 1st License Year (8/1/95 - 1/30/97):     $                   (2) 2nd License Year (2/1/97 - 1/30/98):     $                   (3) 3rd License Year (2/1/98 - 1/30/99):     $                   (4) 4th License Year (2/1/99 - 1/30/2000):   $",Minimum Commitment,Original Corporate,MEDIUM,splits/train.csv,False
"Magenta and its agents and designees shall have the right to audit Bachem's facilities, systems, records, procedures, and documentation related to this Agreement.",Audit Rights,Original Corporate,MEDIUM,splits/train.csv,False
"Additionally, VS shall assist PPD (or Sponsor), at PPD's (or Sponsor's) sole cost and expense, in obtaining or extending protection therefor.",Ip Ownership Assignment,Original Corporate,MEDIUM,splits/train.csv,False
"In the event of any material change or cancellation of the required insurance policies, the applicable Party will provide the other Party with thirty (30) calendar days' prior written notice and will promptly replace such insurance policy in accordance with this Section 15, without lapse in coverage.",Insurance,Original Corporate,MEDIUM,splits/train.csv,False
"In further consideration for the Service and the other          -------- obligations of the Company hereunder, for each package shipped by or through an MBE Center by an eBay Customer (""eBay Package""), the Company shall be entitled                                  ------------ to receive the following amounts from such MBE Center for eBay Packages shipped during each calendar month, in each case

----------      *  Confidential treatment has been requested for the bracketed portion. The confidential redacted portion has been omitted and filed separately with the Securities and Exchange Commission.

                                      -10-

after deduction of the lesser of (x) [***]* and (y) the amount paid or to be                                       --- paid by such eBay Customer directly to the Company with respect to the shipment of such package (the ""eBay Fee""):                       --------

         (i)   in the event that at least [***]* but less than [***]* eBay                                            ---                  --- Packages have been shipped by MBE and the MBE Centers during the Measurement Period, the amount of [***]* per eBay Package shipped via air transportation and                        --- the amount of [***]* per eBay Package shipped via ground transportation;                ---

         (ii)  in the event that at least [***]* but less than [***]* eBay                                            ---                  --- Packages shall have been shipped by the MBE Centers during the Measurement Period, the amount of [***]* per eBay Package shipped via air transportation and                        --- the amount of [***]* per eBay Package shipped via ground transportation; and                ---

         (iii) in the event that at least [***]* eBay Packages shall have been                                            --- shipped by the MBE Centers during the Measurement Period, the amount of [***]*                                                                          --- per eBay Package shipped via air transportation and the amount of [***]* per                                                                    --- eBay Package shipped via ground transportation.",Revenue/Profit Sharing,Original Corporate,MEDIUM,splits/train.csv,False
Channel Partner will have at a minimum one (1) web page describing the iPass Services.,Minimum Commitment,Original Corporate,MEDIUM,splits/train.csv,False
"(ii) distribute, sell, transfer, encumber, sublicense, rent, loan, lend or lease any Online BVI Intellectual Property, and/or any component thereof to any third party.",Non-Transferable License,Original Corporate,MEDIUM,splits/train.csv,False
"During reasonable business hours IMPCO and MIL/MINDA will have the right to inspect, and make copies of any and all of the JVC 's business records, including but not limited to financial records, books, accounts and reports. In exercising such right IMPCO and MIL/MINDA will be reasonable.",Audit Rights,Original Corporate,MEDIUM,splits/train.csv,False
eDiets shall have fifteen (15) days from the giving of such notice to agree to participate in the applicable Diet Promo upon the terms and conditions specified in the notice by giving written notice of its agreement to Women.com.,Rofr/Rofo/Rofn,Original Corporate,MEDIUM,splits/train.csv,False
"Subject to Ginkgo's obligation to satisfy the Minimum Cumulative Purchase Commitment for a Contract Year, with respect to the second [***] Contract Years), Ginkgo's Production Purchase Targets for the [***] Contract Years as set forth in Table 7.2.2 are [***], and the Parties expressly acknowledge and agree that [***].",Minimum Commitment,Original Corporate,MEDIUM,splits/train.csv,False
"Commercial General Liability Insurance with a minimum combined single limit of liability of $1,000,000 per occurrence and $2,000,000 aggregate for bodily Injury, death, property damage and personal injury, and specifically covering infringement of Intellectual Property Rights. This policy shall include products/completed operations coverage and shall also include contractual liability coverage.",Insurance,Original Corporate,MEDIUM,splits/train.csv,False
"Company agrees that it will not at any time contest the ownership or validity of any Reed's Intellectual Property or Deliverables, nor register or attempt to register any rights with respect to Reed's Intellectual Property, nor do anything that would jeopardize or diminish Reed's rights to or the value of Reed's Intellectual Property or Deliverables.",Covenant Not To Sue,Original Corporate,MEDIUM,splits/train.csv,False
the Agent will be paid a fee                not to exceed 5.5% of the aggregate  Purchase Price of the Shares                sold by them.,Revenue/Profit Sharing,Original Corporate,MEDIUM,splits/train.csv,False
"In digital formats, the minimum width is 100 pixels at 72 dpi.",Minimum Commitment,Original Corporate,MEDIUM,splits/train.csv,False
"FUSION shall have the right within [***] of receipt of such notice to request that CPDC maintain such records in an off-site storage facility for such longer periods as FUSION requests, provided that FUSION pays all costs associated with such off-site storage.",Audit Rights,Original Corporate,MEDIUM,splits/train.csv,False
"The total amount of material World Book makes available for all Affinities shall be no less than sixteen million (16,000,000) Chinese characters.",Minimum Commitment,Original Corporate,MEDIUM,splits/train.csv,False
"Beginning in the second Contract Year, Wade will be available for a maximum of one (1) production day for creating marketing assets for Wade Products and Naked Products for unlimited use in advertisements and the media, for a maximum of three (3) consecutive hours, not including scheduled breaks, during such production day period.",Volume Restriction,Original Corporate,MEDIUM,splits/train.csv,False
"Within twenty (20) days after the end of each Calendar Quarter , GSK shall pay Theravance royalty payments based on Net Sales in such Calendar Quarter during the Term as follows:        On total Annual Worldwide Net Sales up to and including U.S. $3 Billion:

  15   %                   On total Annual Worldwide Net Sales greater than U.S. $3 Billion:

  5   %     it being understood that Net Sales of a single agent Collaboration Product will be combined with Net Sales of a LABA/ICS Combination Product for purposes of the foregoing royalty calculation.",Revenue/Profit Sharing,Original Corporate,MEDIUM,splits/train.csv,False
"You will contribute to the Buffalo Wild Wings Advertising and Development Fund (""Fund"") (which may be one of several regional Funds, if we elect to establish separate Funds to serve various regions in which multiple franchisees are located) an amount equal to three percent (3%) of your Gross Sales, as defined in Paragraph X.",Revenue/Profit Sharing,Original Corporate,MEDIUM,splits/train.csv,False
"Orders for less than minimum or non-standard lot size quantities of any Product may, at NETGEAR's discretion, be rejected.",Minimum Commitment,Original Corporate,MEDIUM,splits/train.csv,False
"During the period ending on the third anniversary of the expiration of the fiscal year during which the closing of the transactions contemplated hereby occurs, the Company will furnish to its stockholders as soon as practicable after the end of each such fiscal year an annual report (including consolidated statements of financial condition and consolidated statements of income, stockholders' equity and cash flows, certified by independent public accountants) and, as soon as practicable after the end of each of the first three quarters of each fiscal year (beginning with the fiscal quarter ending after the effective date of the Registration Statement), the Company will make available to its stockholders consolidated summary financial information of the Company and the Bank for such quarter in reasonable detail. In addition, such annual report and quarterly consolidated summary financial information shall be made public through the issuance of appropriate press releases at the same time or prior to the time of the furnishing thereof to stockholders of the Company.",Post-Termination Services,Original Corporate,MEDIUM,splits/train.csv,False
"In consideration of the exclusivity rights granted to LEA, commencing with the seventh (7t h) month of the Term and continuing each year of the Term thereafter, the minimum Royalties payable to T&B each month shall be the greater of the (i) applicable monthly Base Royalty and Marketing Royalty or (ii) $200,000.",Exclusivity,Original Corporate,MEDIUM,splits/train.csv,False
MusclePharm agrees that any copyrights in works created based upon the Trademarks and/or Name and Appearance Rights shall become the rights of the AS Parties (as among them to be determined among them),Ip Ownership Assignment,Original Corporate,MEDIUM,splits/train.csv,False
"5.1.13 not engage, directly or indirectly, in any cross-marketing or cross-promotion of the Hotel with any Other Hotel or related business, without our prior written consent. You agree to refer guests and customers, wherever reasonably possible, only to System Hotels or Network Hotels.",Exclusivity,Original Corporate,MEDIUM,splits/train.csv,False
"Each Party shall maintain such insurance for so long as it continues its activities under this Agreement, and thereafter for so long as it customarily maintains insurance for itself covering similar activities.",Insurance,Original Corporate,MEDIUM,splits/train.csv,False
Such audits may be conducted upon reasonable notice during the term of this Agreement and for [***] thereafter.,Audit Rights,Original Corporate,MEDIUM,splits/train.csv,False
"Inventory of the Stock: the Repairer or any representative it designates shall have the right to inspect the Stock and to audit any records relating thereto at any reasonable time upon giving prior Notice to the Company, which shall provide full access to such Stock to enable the Repairer to conduct periodic inventory inspections and/or any audit of the Stock.",Audit Rights,Original Corporate,MEDIUM,splits/train.csv,False
Neither party will bring a legal action related to this Agreement more than two years after the cause of action accrued.,Cap On Liability,Original Corporate,MEDIUM,splits/train.csv,False
"In the event that Flotek does not order the Minimum Quantity in a given Year, FCC may ship to Flotek the remaining quantity of Terpene Product prior to the end of such Year, and invoice Flotek as described in Section 6(c).",Minimum Commitment,Original Corporate,MEDIUM,splits/train.csv,False
The Royalty rate shall be [*] percent ([*]%) on the Affinities and Reference Content; and [*] percent ([*]%) on Translated Content.,Revenue/Profit Sharing,Original Corporate,MEDIUM,splits/train.csv,False
"In the event that King does not perform the PDE Minimum in any Agreement Quarter (the difference between such PDE Minimum and the number of PDEs actually conducted, the ""PDE Shortfall""), King will have until the end of the Agreement Quarter immediately following to cure its failure by providing a sufficient number of excess PDEs in the immediately following Agreement Quarter.",Minimum Commitment,Original Corporate,MEDIUM,splits/train.csv,False
Products must be ordered in the minimum and/or standard lot size quantities specified in the Price Schedule.,Minimum Commitment,Original Corporate,MEDIUM,splits/train.csv,False
"Pursuant to the Purchase Agreement, Gulf Houghton shall receive cash consideration and shares of Buyer's capital stock in exchange for the Shares owned by Gulf Houghton and as inducement for Gulf Houghton and the other Sellers to enter into this Agreement.",Revenue/Profit Sharing,Original Corporate,MEDIUM,splits/train.csv,False
"The Parties agree that any and all intellectual property researched and developed, created and invented by the Parties (including their employees) in the course of performance of this Agreement shall be owned by Party B. For the purpose of this Article 12.3, ""Intellectual Property"" means the patent, patent application right, trademark, service mark, logo, image, trade name, internet domain name, design right, copyright (including copyright of computer software) and moral rights, database right, right of semiconductor design drawing, utility model, proprietary technology and other intellectual property that are registered and unregistered including those that have applied for registration, as well as all other rights or protection methods with same or similar effect on a global scope.",Ip Ownership Assignment,Original Corporate,MEDIUM,splits/train.csv,False
"Pretzel  Time or its  designee  shall have the right at any time during business  hours and without prior notice to  Franchisee,  to inspect,  audit and copy or the right to cause to be  inspected,  audited and copied,  the  business records,  bookkeeping and accounting  records,  sales and income tax records and returns and other records of the Franchised Business,  including but not limited to,  daily  cash  reports,  cash  receipts  journal  and  general  ledger,  cash disbursements  journal and weekly payroll register,  monthly bank statements and daily deposit slips and cancelled checks; tax returns,  supplier invoices, dated cash register tapes, weekly inventories, sales reports, financial statements and tax returns and the books and records of any  corporation or  partnership  which holds the Franchise  including the personal financial records and tax returns of the Franchisee during and after the term of the Franchise Agreement.",Audit Rights,Original Corporate,MEDIUM,splits/train.csv,False
"If Sanofi provides such Notice of Interest during [***], then RevMed shall not negotiate with any Third Party the terms under which such Third Party would obtain any development or commercialization rights with respect to a SHP1-SHP2 Dual Inhibitor during the SHP1-SHP2 Dual Inhibitor Licensing Negotiation Period.",Rofr/Rofo/Rofn,Original Corporate,MEDIUM,splits/train.csv,False
"enforcement of any such rights by either Party outside the Territory relating to Jointly Owned Patents shall be first used to reimburse each Party's costs and expenses incurred in connection with such action, and any remainder of such recovery, shall be retained by the Party instituting the action.",Joint Ip Ownership,Original Corporate,MEDIUM,splits/train.csv,False
"months following the Hosting Service Ready Date (""Term""), unless terminated earlier in accordance with the terms herein.",Expiration Date,Original Corporate,HIGH,splits/train.csv,False
"During the Term of this Agreement, FCE will not conduct any Work using Generation 1 Technology in Carbon Capture Applications or any Work using Generation 2 Technology, independently or with third parties outside this Agreement, without prior written approval from ExxonMobil.",Non-Compete,Original Corporate,HIGH,splits/train.csv,False
"Subject to the limitations set forth in Section 5.2  [Restrictions] hereof, VerticalNet hereby grants to LeadersOnline a non-exclusive, nontransferable right and license to access the Resume Bank.",License Grant,Original Corporate,HIGH,splits/train.csv,False
"Effective upon the date that AbbVie commences performing Initial Development Activities pursuant to Section 3.1.2, Harpoon (on behalf of itself and its Affiliates) shall grant and hereby grants AbbVie a co- exclusive (with Harpoon), royalty-free license, with the right to grant sublicenses in accordance with Section 5.3, under the Harpoon Patents, the Harpoon Know-How, and Harpoon's interests in the Joint Patents and the Joint Know-How, solely to the extent necessary for AbbVie to conduct Initial Development Activities assumed by AbbVie in accordance with Section 3.1.2 (if any).",Exclusivity,Original Corporate,HIGH,splits/train.csv,False
"Upon the expiration or termination of the Term (other than in connection with a Sale Transaction in which Sekisui acquires Qualigen), Sekisui shall cooperate in permitting Qualigen to offer to rehire any Sekisui sales representatives who are primarily responsible for selling the Products. A sales person ""primarily responsible for selling the Products"" is one that spends more than half of his or her time and receives more than half of his or her commission based compensation based on sales of the Products.",Post-Termination Services,Original Corporate,HIGH,splits/train.csv,False
"EXCEPT IN THE EVENT OF A CLAIM UNDER SECTION 10 OR FAILURE TO PAY UNDER SECTION 6, IN NO EVENT SHALL EITHER PARTY BE LIABLE TO THE",Uncapped Liability,Original Corporate,HIGH,splits/train.csv,False
"Subject to the terms and conditions of this Agreement, Licensor hereby grants to Licensee, and Licensee hereby accepts from Licensor, an  exclusive, non-transferable (except as set forth in Section 10.7) and non-sublicensable (except as provided in Section 2.1(c)) license to use the  Licensed Content in connection with websites associated with the Licensed Domain Names until the earlier of (i) termination or expiration of this  Agreement, or (ii) termination or expiration of the Agency Agreement, provided, however, that in the event the Agency Agreement is amended or  restated, such amendment or restatement shall not be deemed a termination or expiration of the Agency Agreement.",Exclusivity,Original Corporate,HIGH,splits/train.csv,False
"This contract shall be for a term of one year commencing on the date first above written; thereafter, it shall automatically continue until terminated by either party upon not less than thirty (30) days prior written notice to the other party.",Expiration Date,Original Corporate,HIGH,splits/train.csv,False
"HDI shall have the exclusive right to use of the ""Deerskin"" brand for a self-contained web site for the offering of Deerskin Products directly to the consumer on the Internet.",Exclusivity,Original Corporate,HIGH,splits/train.csv,False
"The rights and obligations of each Party under this Agreement shall not be transferred, except for the transfer by Party B to its affiliates.",Anti-Assignment,Original Corporate,HIGH,splits/train.csv,False
"IBM's entire liability and MSL's exclusive remedy for actual damages from       cause whatsoever relating to the subject matter of this Agreement will be       limited to the amount of $25,000.",Cap On Liability,Original Corporate,HIGH,splits/train.csv,False
"In the case of Skype and its Affiliates, the foregoing restrictions shall not apply:

8.2.1 (a) (i) for the avoidance of doubt, to the operations of Skype as existing now or hereafter undertaken with respect to any non co- branded version of the Skype Software distributed by Skype except where those operations provide for distribution in the PRC of the Skype Software in simplified Chinese by a Primarily PRC Based Service Provider, or (ii) the operations of Skype customers and Affiliates under any agreement existing as of the date hereof (e.g., with HGC), or (b) to any agreement now existing or hereafter entered into with an entity that operates in multiple international markets, which may include the PRC, so long as such agreement applies to multiple territories, which may include the PRC in addition to other territories, and does not, directly or indirectly, allow or provide for distribution in the PRC of the Skype Software in simplified Chinese by a Primarily PRC Based Service Provider (other than any service provider formed for the sole purpose of performing such agreement and not operating in the PRC prior to the date of such agreement), or (c) to any (i) Affiliate Program or (ii) any agreement or activity under the Affiliate Program by or with any third party, except in the case where the Affiliate Program, directly or indirectly, allows or provides for distribution in the PRC of the Skype Software in simplified Chinese by a Primarily PRC Based Service Provider (other than any service provider formed for the sole purpose of performing such agreement and not operating in the PRC prior to the date of such agreement); or

8.2.2 with respect to the provisions of Section 8.1.2, during any period following the expiration of the Enterprise Non-Competition Period.",Competitive Restriction Exception,Original Corporate,HIGH,splits/train.csv,False
"IN NO EVENT WILL WGT BE LIABLE, WHETHER IN CONTRACT,      WARRANTY, TORT (INCLUDING NEGLIGENCE (WHETHER ACTIVE, PASSIVE OR IMPUTED),      PRODUCT LIABILITY, STRICT LIABILITY OR OTHER THEORY), TO DISTRIBUTOR OR TO      ANY RESELLER OF DISTRIBUTOR, END-USER OR OTHER PERSON OR ENTITY FOR COST OF      COVER OR FOR ANY INDIRECT, INCIDENTAL, SPECIAL OR CONSEQUENTIAL DAMAGES      (INCLUDING WITHOUT LIMITATION DAMAGES FOR LOSS OF PROFIT, BUSINESS OR DATA)      ARISING OUT OF ITS PERFORMANCE OR NONPERFORMANCE OF THIS AGREEMENT OR THE      USE OF, INABIILTY TO USE OR RESULTS OF USE OF THE PRODUCT.",Cap On Liability,Original Corporate,HIGH,splits/train.csv,False
"The term of this Agreement (the ""Term"") will commence on the Effective Date and will expire upon the earliest of (i) termination of this Agreement in accordance with Section 14.2, or (ii) the date of payment of the last Approval Payment due based on all applicable Regulatory Approvals which have been received.",Expiration Date,Original Corporate,HIGH,splits/train.csv,False
"Dr. Murray has unique qualifications to provide the services contemplated herein, and shall not assign any of its or his rights or obligations to any other person or entity without EHS's written consent, which may be withheld or granted in EHS's discretion.",Anti-Assignment,Original Corporate,HIGH,splits/train.csv,False
"Hydraspin certifies, stipulates, and agrees that the Hydraspin will deal exclusively with and through the Distributor in relation to the distribution of the Products in the Territory",Exclusivity,Original Corporate,HIGH,splits/train.csv,False
"You shall not purposely solicit sales and service to customers located outside Your Exclusive Territory, provided such activity in not within an assigned Exclusive Territory.",Exclusivity,Original Corporate,HIGH,splits/train.csv,False
The  restrictions  of this Section  shall not be  applicable to the ownership of shares  of a class of  securities  listed on a stock  exchange  or traded on the over-the-counter market that represent two percent (2%) or less of the number of shares of that class of  securities  issued  and  outstanding.,Competitive Restriction Exception,Original Corporate,HIGH,splits/train.csv,False
"of such damages. in any event, other than claims covered by the next sentence, the liability of BNL to VIP for any reason and upon any cause of action and claim in contract, tort or otherwise shall be limited to the amounts paid by BNL to VIP in the twelve (12) month period prior to the accrual of the action or claim for the specific service which is the subject of the action or claim (or, if such accrual occurs during the first twelve (12) months of the initial term, then the liability shall be limited to the minimum fees payable by BNL to VIP during the first twelve (12) months of the initial term) claims by VIP for the minimum fees and other fees and expenses owing by BNL under paragraphs 5, 15(a) and 15(c), or for a breach by BNL of VIP's proprietary rights as set forth in paragraph 13 are excluded from this paragraph II limitation except for the claims excluded by the preceding sentence, this limitation applies to all causes of action or claims in the aggregate including without limitation breach of contract, breach of warranty, negligence, strict liability, misrepresentation and other torts.",Cap On Liability,Original Corporate,HIGH,splits/train.csv,False
"[ * ] expected to experience, or [ * ] is experiencing, such  Change of Control shall notify [ * ] in writing of this before or within [ * ] after the Change of Control.",Change Of Control,Original Corporate,HIGH,splits/train.csv,False
"The Company and the Trust (together, the ""Issuers"") hereby appoint  Barclays as exclusive remarketing agent (the ""Remarketing Agent""), and Barclays hereby accepts appointment as Remarketing Agent, for the  purpose of (i) remarketing the Remarketing Securities on behalf of the holders thereof and (ii) performing such other duties as are assigned to the  Remarketing Agent in the Remarketing Procedures, all in accordance with and pursuant to the Remarketing Procedures.",Exclusivity,Original Corporate,HIGH,splits/train.csv,False
"This Agreement shall be automatically renewed for an additional one year period on each anniversary of the Effective Date, unless terminated by either Party hereto upon ninety (90) days written notice to the other.",Renewal Term,Original Corporate,HIGH,splits/train.csv,False
Any assignment in          violation of this Section 14.1 shall be null and void.,Anti-Assignment,Original Corporate,HIGH,splits/train.csv,False
"No Party shall assign or transfer or purport to assign or transfer (whether by operation of Law or otherwise) any of its rights, interests or obligations hereunder without the prior written consent of the other Party; provided, that Acquiror may assign this Agreement and its rights and interests herein without any such consent as collateral to the Lenders in connection with the Financing.",Anti-Assignment,Original Corporate,HIGH,splits/train.csv,False
"Any or the following events shall be Release Conditions for purposes of this Section: (a) Supplier defaults on any of its maintenance obligations herein; (b) Supplier ceases to provide maintenance for the Software; (c) Supplier ceases doing business in the ordinary course, files or has filed against it a petition under bankruptcy Code, becomes insolvent or has a receiver appointed for all or a substantial part of its business; or (d) Bank of America terminates this Agreement for cause pursuant to the terms hereof.",Source Code Escrow,Original Corporate,HIGH,splits/train.csv,False
"During the Term, Green Cross shall not (either by itself, or with or through a Related Party or Third Party) Develop or Commercialize any (i) Product outside of the scope of this Agreement or (ii) Competing Product.",Non-Compete,Original Corporate,HIGH,splits/train.csv,False
"EXCEPT (A) FOR FRAUD, WILLFUL MISCONDUCT OR GROSS NEGLIGENCE, (B) FOR A PARTY'S BREACH OF ITS OBLIGATIONS UNDER [ARTICLE 9 OR SECTION 5.8], (C) AS PROVIDED UNDER [***] AND (D) TO THE EXTENT ANY SUCH DAMAGES ARE REQUIRED TO BE PAID TO A THIRD PARTY AS PART OF A CLAIM FOR WHICH A PARTY PROVIDES INDEMNIFICATION UNDER THIS ARTICLE 11, NEITHER PARTY NOR ANY OF ITS AFFILIATES SHALL BE LIABLE FOR INDIRECT, INCIDENTAL, SPECIAL, EXEMPLARY, PUNITIVE OR CONSEQUENTIAL DAMAGES, INCLUDING LOSS OF PROFITS OR BUSINESS INTERRUPTION, HOWEVER CAUSED AND ON ANY THEORY OF LIABILITY, WHETHER IN CONTRACT, TORT, NEGLIGENCE, BREACH OF STATUTORY DUTY OR OTHERWISE IN CONNECTION WITH OR ARISING IN ANY WAY OUT OF THE TERMS OF THIS AGREEMENT OR THE TRANSACTIONS CONTEMPLATED HEREBY OR THE USE OF THE LICENSED COMPOUNDS OR LICENSED PRODUCTS, EVEN IF ADVISED OF THE POSSIBILITY OF SUCH DAMAGES.",Uncapped Liability,Original Corporate,HIGH,splits/train.csv,False
"Notwithstanding any provision herein or in the ISDA Form         to the contrary, the obligations of Counterparty hereunder are limited         recourse obligations of Counterparty, payable solely from the Trust         Estate (as defined in the Pooling and Servicing Agreement) and the         proceeds thereof to satisfy Counterparty's obligations hereunder.",Cap On Liability,Original Corporate,HIGH,splits/train.csv,False
"In the event the Company fails to have its attorney issue the required opinion letter within 20 days of a written request from YourNetPlus.com or its nominee, the Company shall be liable for liquidated damages in the amount of 10% interest per 30 days on the value of the shares based on the closing bid price of the Company's common stock on the 20th business day following the date it receives written notice from YourNetPlus.com or their nominee.",Liquidated Damages,Original Corporate,HIGH,splits/train.csv,False
"relating to the subject matter of this Agreement or the transactions contemplated hereby or the Company/Repairer relationship being established, shall be governed by, and construed in accordance with, the laws of the State of New York, U.S.A. as applied to contracts to be performed wholly within the State of New York (Exclusive of Section 7-101 of the New York General Obligations Law which is inapplicable to this Agreement).",Governing Law,Original Corporate,HIGH,splits/train.csv,False
"In the event FCE notifies ExxonMobil that it has formally decided not to pursue Generation 2 Technology for Power Applications, then upon ExxonMobil's written request, FCE agrees to negotiate a grant to ExxonMobil and its Affiliates, under commercially reasonable terms to be determined in good faith, a worldwide, royalty-bearing (with the royalty to be negotiated), non-exclusive, sub-licensable right and license to practice FCE Background Information and FCE Background Patents for Generation 2 Technology in any application outside of Carbon Capture Applications and Hydrogen Applications.",License Grant,Original Corporate,HIGH,splits/train.csv,False
The initial term of this Agreement shall be for a period of five (5) years from the date first set forth above and shall thereafter automatically renew for additional two (2) year terms unless a party provides the other party with notice of non-renewal no less than 6 months prior to the expiration of the initial term or any renewal term unless earlier terminated as follows,Expiration Date,Original Corporate,HIGH,splits/train.csv,False
(f)   Upon an assignment of this Agreement by SERVICERS without ISO's prior written consent;,Anti-Assignment,Original Corporate,HIGH,splits/train.csv,False
"During the Term of this Agreement, and for a period of one year thereafter, except as expressly provided in this Agreement, PlanetCAD shall not market any services to Customers without the prior written approval of Dassault Systemes.",No-Solicit Of Customers,Original Corporate,HIGH,splits/train.csv,False
"The ""Term"" of this Agreement will commence on the Effective Date and will end on the earlier of: (a) the first anniversary of the expiration date of the last Purchase Schedule (as defined in this next Section); (b) a termination date elected by a Party in a written notice delivered to the other Party any time after the expiration of the last Purchase Schedule; or (c) a termination date elected by a Party in a written notice delivered to the other Party as provided in Subsection 11(d) of this Agreement.",Expiration Date,Original Corporate,HIGH,splits/train.csv,False
"PB shall not sell, transfer or assign, directly or indirectly, in whole or in part, any rights to receive payments of royalties or license fees with respect to the Product or the PB Intellectual Property (including any Accounts with respect to such royalties or license fees), other than to a wholly owned direct or indirect subsidiary of PB (it being understood that the foregoing shall not restrict the creation of any Permitted Lien).",Anti-Assignment,Original Corporate,HIGH,splits/train.csv,False
"Operator shall maintain Umbrella Liability Insurance coverage covering in excess of (a), (b), and (c) above,  excluding Worker's Compensation, in the amount of ten million dollars ($10,000,000).







Insurance, the applicable contractor shall be required to cause its insurers to wave all rights of recovery or subrogation against Owner and  Operator, where not prohibited by law.",Insurance,Original Corporate,HIGH,splits/train.csv,False
"This Agreement may be terminated by either Party upon [***] written notice to the other Party in the event that the other Party undergoes a Change of Control; provided, however, that such termination notice shall only be effective if delivered within [***] after the later of the occurrence of such Change of Control or the date the Party undergoing the Change of Control delivers written notice thereof to the other Party.",Change Of Control,Original Corporate,HIGH,splits/train.csv,False
"The Parties agree that notwithstanding any termination or expiration of this Agreement, the rights and licenses granted to any Company- Skype Branded Customers prior to termination or expiration of this Agreement pursuant to any EULA shall continue during the 24 months after such termination or expiration for the sole purpose of permitting such users to continue to access and utilize the Company-Skype Branded Application and the Company-Skype Toolbar, and so long as any Gross Revenue is received with respect to the Company-Skype Branded Application and/or the Company-Skype Toolbar, the provisions of Section 5 shall continue to be applicable after any termination or expiration.",Post-Termination Services,Original Corporate,HIGH,splits/train.csv,False
"No Party may assign this Agreement, or any of its rights or obligations under this Agreement (whether by operation of Law or otherwise), without the prior written consent of the other Party; provided, that notwithstanding the foregoing, any Party may assign any or all of its rights or obligations under this Agreement without the consent of the other Party to: (a) its Affiliates, (b) a purchaser of: (i) one or more of its Affiliates that is a Provider or Recipient under this Agreement; (ii) all or substantially all of the business or assets of one or more of its Affiliates that is a Provider or Recipient under this Agreement; or (iii) all or substantially all of such Party's business or assets, or (c) its financing sources solely for collateral purposes, in each case so long as the assignee agrees to be bound by the terms of this Agreement.",Anti-Assignment,Original Corporate,HIGH,splits/train.csv,False
This Agreement shall be governed by and construed in all respects in accordance with the law of England and Wales and both parties  submit to the exclusive jurisdiction of the English Courts.,Governing Law,Original Corporate,HIGH,splits/train.csv,False
"If termination occurs after you begin the Hotel Work but before the Opening Date, you will pay us Liquidated Damages in an amount equal to $3,600 multiplied by the number of approved Guest Rooms at the Hotel, unless your failure to complete the Hotel Work was the result of Force Majeure.",Liquidated Damages,Original Corporate,HIGH,splits/train.csv,False
"A Competitive Business shall be any business which, anywhere within the Included Markets, (x) manufactures, sells, markets or",Non-Compete,Original Corporate,HIGH,splits/train.csv,False
"EXCEPT WITH RESPECT TO EACH PARTY'S INDEMNIFICATION OBLIGATIONS UNDER THIS AGREEMENT, (A) UNDER NO CIRCUMSTANCE AND UNDER NO LEGAL THEORY (TORT, CONTRACT, OR OTHERWISE), SHALL EITHER PARTY BE LIABLE TO THE OTHER PARTY FOR ANY LOST PROFITS, LOSS OF OPPORTUNITY OR OTHER SPECIAL, PUNITIVE, INDIRECT, OR CONSEQUENTIAL DAMAGES SUFFERED BY THE OTHER PARTY ARISING IN CONNECTION WITH THIS AGREEMENT; AND (B) THE MAXIMUM LIABILITY OF EACH PARTY IN ANY WAY RELATED TO THIS AGREEMENT SHALL NOT EXCEED $2,000,000.00 (EXCLUDING ANY AMOUNTS DUE AND PAYABLE PURSUANT TO SECTION ​8 HEREUNDER).",Cap On Liability,Original Corporate,HIGH,splits/train.csv,False
"Either party may, at its election, assign this Agreement or          any of its rights or delegate any of its obligations hereunder, in          whole or in part, to any person, firm or corporation owning or          acquiring all or a substantial portion of its assets, to any person,          firm or corporation that is related to it as an affiliate,",Anti-Assignment,Original Corporate,HIGH,splits/train.csv,False
"In any event, neither party shall be liable for any special, consequential or incidental damages.",Cap On Liability,Original Corporate,HIGH,splits/train.csv,False
Company at its sole discretion may at any time alter or cease providing the Customer Service which it has agreed to provide to Client relating to Client Website pursuant to this Agreement without any liability to Company.,Termination For Convenience,Original Corporate,HIGH,splits/train.csv,False
"This Agreement shall not be assigned by either party hereto, without the prior written consent of the other party hereto.",Anti-Assignment,Original Corporate,HIGH,splits/train.csv,False
"With the exception of claims related to representations contained in the franchise disclosure document for the Brand, you, on your own behalf and on behalf of, as applicable, your officers, directors, managers, employees, heirs, administrators, executors, agents and representatives and their respective successors and assigns hereby release, remise, acquit and forever discharge us and the Entities and our and their respective officers, directors, employees, managers, agents, representatives and their respective successors and assigns from any and all actions, claims, causes of action, suits, rights, debts, liabilities, accounts, agreements, covenants, contracts, promises, warranties, judgments, executions, demands, damages, costs and expenses, whether known or unknown at this time, of any kind or nature, absolute or contingent, existing at law or in equity, on account of any matter, cause or thing whatsoever that has happened, developed or occurred relating to this Agreement or the relationship between you and us.",Covenant Not To Sue,Original Corporate,HIGH,splits/train.csv,False
"This IP Agreement will be binding upon and inure to the benefit of the Parties hereto and their respective successors and  permitted assigns, but will not be assignable or delegable by any Party without the prior written consent of the other Party.",Anti-Assignment,Original Corporate,HIGH,splits/train.csv,False
"""Xencor Know-How"" means any and all Know-How, whether or not patented or patentable, (i) to the extent Controlled by Xencor or its Affiliates as of the Effective Date, or, if transferred to Aimmune thereafter during the Term of this Agreement, and that is necessary in connection with the Development, Manufacture, Commercialization or other use of the Antibody or Product or (ii) constituting a Xencor Invention. Notwithstanding the foregoing, in all cases, Xencor Know-How does not include (a) [***], (b) [***], (c) [***], (d) [***], (e) [***], or (f) [***].",Affiliate License-Licensor,Original Corporate,HIGH,splits/train.csv,False
"Within twelve (12) months after the date this Agreement has been terminated by the parties, ALFA AESAR may engage an independent certified public accounting firm reasonably acceptable to NTC to audit the NTC invoices and accounting records pertaining to those customers identified as referrals under Section 6.1 at NTC's offices during normal business hours by providing thirty (30) days advance notice of such audit for the purpose of determining the accuracy of the commissions paid or payable to ALFA AESAR hereunder.",Audit Rights,Original Corporate,HIGH,splits/train.csv,False
Notwithstanding the foregoing Nantz shall be permitted to wear a Lynx hat or clothing logo when performing promotional services for Lynx and to use Lynx equipment when performing any promotional services for the Company in which equipment will be used.,Competitive Restriction Exception,Original Corporate,HIGH,splits/train.csv,False
Each Service Option Attachment will renew automatically for an additional term equal in duration to the previous term of the applicable Service Option Attachment unless either party notifies the other party in writing at least ninety (90) days prior to the end of the then-current term for the applicable Service Option Attachment that it has elected to terminate such Service Option Attachment.,Renewal Term,Original Corporate,HIGH,splits/train.csv,False
This Agreement may be terminated subject to the following clauses:,Change Of Control,Original Corporate,HIGH,splits/train.csv,False
Company may not subcontract with or otherwise use any Affiliate or Third Party to perform any Detailing or any of its other obligations under this Agreement without the prior written consent of Janssen.,Anti-Assignment,Original Corporate,HIGH,splits/train.csv,False
Any purported assignment of rights in violation of this subsection is void.,Anti-Assignment,Original Corporate,HIGH,splits/train.csv,False
"EXCEPT WITH RESPECT TO  FRANCHISEE'S  OBLIGATION  TO INDEMNIFY  PRETZEL TIME, THE PARTIES WAIVE TO THE FULLEST  EXTENT  PERMITTED BY LAW ANY RIGHT TO OR CLAIM FOR ANY PUNITIVE OR EXEMPLARY DAMAGES AGAINST THE OTHER AND AGREE THAT, IN THE EVENT OF A DISPUTE  BETWEEN THEM,  THE PARTY MAKING A CLAIM SHALL BE LIMITED TO RECOVERY OF ANY ACTUAL DAMAGES IT SUSTAINS.",Cap On Liability,Original Corporate,HIGH,splits/train.csv,False
"You will not sell or lease Products at any location other than within Your Exclusive Territory, engage in mail order sales of Products or supply Products to others for resale or lease at any other location.",Exclusivity,Original Corporate,HIGH,splits/train.csv,False
"In the event of termination of this Agreement for whatever cause, in addition to the other obligations of the Parties hereunder, each Party shall return to the other Party or to the other Party's designee no later than thirty (30) days after the effective date of termination all of such other Party's property, including all proprietary information, in its possession, except to the extent required to be retained by law or to comply with such Party's continuing obligations hereunder.",Post-Termination Services,Original Corporate,HIGH,splits/train.csv,False
"Neither Party may assign this Agreement without the prior written consent of the other Party; provided, however that either Party may assign in connection with a merger or sale of all or substantially all of its stock or assets, provided the assignee agrees to be bound by all of the terms and conditions of this Agreement.",Anti-Assignment,Original Corporate,HIGH,splits/train.csv,False
"If such sale, transfer           or conveyance is not consummated in accordance with the offer and the           Terms and Conditions specified in the applicable Offering Notice, the           rights of Licensee to an Offering Notice shall be reinstated.  No           exercise or waiver by Licensee of any of its rights hereunder shall           modify, abridge, impair or affect any of Licensee's rights under any           of the other terms or provisions of this Agreement.",Rofr/Rofo/Rofn,Original Corporate,HIGH,splits/train.csv,False
"Without limitation of its rights under this ARTICLE 13, Xencor may also terminate this Agreement in its entirety as applicable, pursuant to the provisions of Section 9.7.",Termination For Convenience,Original Corporate,HIGH,splits/train.csv,False
"If, following Location Acceptance of all Cell Sites, Vendor consummates any Change of Control of Vendor to any Restricted Entity without the prior written consent of AT&T, then AT&T shall have the right, in its sole",Change Of Control,Original Corporate,HIGH,splits/train.csv,False
"Such option shall be exercisable during a period (the           ""Option Period"") commencing on and including the earlier of (i) the           date upon which Licensee shall have paid to Licensor, in any single           fiscal year of Licensee, royalty payments hereunder in the aggregate           amount of $10,000,000 or (ii) January 1, 2002, and ending upon the           expiration or sooner termination of this Agreement.",Rofr/Rofo/Rofn,Original Corporate,HIGH,splits/train.csv,False
"NOTWITHSTANDING ANY OTHER PROVISION OF THIS AGREEMENT, JHU ADDITIONALLY DISCLAIMS ALL OBLIGATIONS AND LIABILITIES ON THE PART OF JHU AND INVENTORS, FOR DAMAGES, INCLUDING, BUT NOT LIMITED TO, DIRECT, INDIRECT, SPECIAL, AND CONSEQUENTIAL DAMAGES, ATTORNEYS' AND EXPERTS' FEES, AND COURT COSTS (EVEN IF JHU HAS BEEN ADVISED OF THE POSSIBILITY OF SUCH DAMAGES, FEES OR COSTS), ARISING OUT OF OR IN CONNECTION WITH THE MANUFACTURE, USE, OR SALE OF THE LICENSED PRODUCTS AND LICENSED SERVICES UNDER THIS AGREEMENT.",Cap On Liability,Original Corporate,HIGH,splits/train.csv,False
"In the event ExxonMobil notifies FCE that it has formally decided not to pursue Generation 2 Technology for Carbon Capture Applications, then upon FCE's written request, ExxonMobil agrees to grant to FCE, under commercially reasonable terms to be determined in good faith, a worldwide, royalty-bearing (with the royalty to be negotiated), non- exclusive, sub-licensable, right and license to practice ExxonMobil Background Information and ExxonMobil Background Patents for Generation 2 Technology in any application outside of Power Applications and Hydrogen Applications. More particularly, said right and license to practice ExxonMobil Background Information and ExxonMobil Background Patents for Generation 2 Technology in any application outside of Power Applications includes the right to use, reproduce, and create derivative works of ExxonMobil Background Information under applicable copyrights and the right to make, use, import, and sell or offer to sell under the claims of ExxonMobil Background Patents.",License Grant,Original Corporate,HIGH,splits/train.csv,False
"Except as expressly provided hereunder, neither this Agreement nor any rights or obligations hereunder may be assigned or otherwise transferred by either party without the prior written consent of the other party (which consent shall not be unreasonably withheld); provided, however, that either party may assign this Agreement and its rights and obligations hereunder without the other party's consent in connection with the transfer or sale of all or substantially all of the business of such party to which this Agreement relates to a Third Party, whether by merger, sale of stock, sale of assets or otherwise (a ""Change of Control Event"").",Anti-Assignment,Original Corporate,HIGH,splits/train.csv,False
"The term of this Agreement shall begin on the date hereof (the ""Effective Date"") and shall continue for a period of 12 months thereafter (the ""Period"") in full force and effect until it is terminated in accordance with this Section 3.",Expiration Date,Original Corporate,HIGH,splits/train.csv,False
"THE                   LIABILITY OF EXCITE FOR DAMAGES OR ALLEGED DAMAGES HEREUNDER,                   WHETHER IN CONTRACT, TORT OR ANY OTHER LEGAL THEORY, IS                   LIMITED TO, AND WILL NOT EXCEED, THE AMOUNTS ACTUALLY PAID BY                   SPONSOR TO EXCITE HEREUNDER.",Cap On Liability,Original Corporate,HIGH,splits/train.csv,False
This Agreement shall automatically terminate in the event the Management Agreement is assigned or otherwise terminated.,Anti-Assignment,Original Corporate,HIGH,splits/train.csv,False
"Talent agrees that Company shall, for a period of nine (9) months (Sell-Off Period) following the effective date of termination, have the right to continue to sell Product bearing  the Property and/or utilize advertising materials and collateral bearing the Property.",Post-Termination Services,Original Corporate,HIGH,splits/train.csv,False
"Notwithstanding Article 9.3., [CERES/IGER] will have the right to terminate this Agreement including the Program at any time with  [three (3)] months' prior written notice.",Termination For Convenience,Original Corporate,HIGH,splits/train.csv,False
"licensed by SpinCo or any other member of the SpinCo Group if and to the extent the licensing of same to RemainCo would constitute a breach of an agreement with any Third Party executed prior to the Effective Date or result in any expense to SpinCo or any member of the SpinCo Group for payments to such Third Party or (ii) any intellectual property not owned by one or more members of the SpinCo Group, or as to which no member of the SpinCo Group has the right to grant sublicenses, as of the Effective Date.",Exclusivity,Original Corporate,HIGH,splits/train.csv,False
"Notwithstanding the foregoing, if Company elects to abandon any patent application, to not pay maintenance fees or annuities to keep a patent in force, or to otherwise take or fail to take any action that will result in a loss of patent rights, Company shall give Investor at least sixty (60) days prior written notice and an opportunity to take over the prosecution of the patent application that would be abandoned and/or pay the fees necessary to keep the patent in force and/or take any other action necessary to avoid the loss of patent rights.",Rofr/Rofo/Rofn,Original Corporate,HIGH,splits/train.csv,False
"For the duration of this Agreement and for a period of [***] following its termination, each Party agrees to obtain and maintain, during the Term, commercial general liability insurance, including product liability insurance, with reputable and financially secure insurance carriers (or pursuant to a program of self-insurance reasonably satisfactory to the other Party) to cover its indemnification obligations under Section 7.1 or Section 7.2, as applicable, in each case with limits of not less than [***] per occurrence and in the aggregate. Insurance shall be procured with carriers having an A.M. Best Rating of A-VII or better.",Insurance,Original Corporate,HIGH,splits/train.csv,False
We may immediately terminate this Agreement on notice to you and without any opportunity to cure the default if:,Non-Compete,Original Corporate,HIGH,splits/train.csv,False
Any Party hereto may terminate this Agreement at any time upon prior written notice.,Termination For Convenience,Original Corporate,HIGH,splits/train.csv,False
"The Developer expressly acknowledges and agrees that any all proprietary materials prepared by the Developer under this Agreement shall be considered ""works for hire"" and the exclusive property of the Client unless otherwise specified.",Ip Ownership Assignment,Original Corporate,HIGH,splits/train.csv,False
"Except with respect to your obligations to indemnify us and claims that we may bring under Sections 7, 9, 15, or 16 of this Agreement, and except for claims arising from your non-payment or underpayment of any amounts owed to us or our affiliates, (1) any and all claims arising out of or related to this Agreement or the relationship between you and us shall be barred, by express agreement of the parties, unless an action or proceeding is commenced within two (2) years from the date the cause of action accrues; and (2) you and we hereby waive to the fullest extent permitted by law, any right to or claim for any punitive or exemplary damages against the other, and agree that, except to the extent provided to the contrary in this Agreement, in the event of a dispute between you and us, each party will be limited to the recovery of any actual damages sustained by it.",Uncapped Liability,Original Corporate,HIGH,splits/train.csv,False
materials during any Fiscal Year.,Price Restrictions,Original Corporate,HIGH,splits/train.csv,False
"The parties hereto consider this liquidated damages provision to be a reasonable, good faith pre-estimate of those damages.",Liquidated Damages,Original Corporate,HIGH,splits/train.csv,False
"Upon termination or expiration of this Agreement, BNL shall return all software and related manuals, if any, provided by VIP to BNL during the term of this Agreement.",Post-Termination Services,Original Corporate,HIGH,splits/train.csv,False
"exclusive (subject to MD Anderson's perpetual, irrevocable, no-cost right to use such Invention for non-commercial internal research, academic and patient care purposes), royalty-bearing license to any Invention in which MD Anderson has an ownership interest, provided that Adaptimmune Limited pays all reasonably incurred patent expenses for such Invention in the event Adaptimmune Limited exercises its option.",Exclusivity,Original Corporate,HIGH,splits/train.csv,False
"With respect to each of the Services, the term thereof will be for a period commencing as of the date hereof, unless a different date is specified as the commencement date for any applicable Service on Exhibit A or Exhibit B (either, a ""Commencement Date""), and shall continue until 12 months following the Commencement Date unless (i) such other date as is specified as the termination date for any applicable Service in this Agreement or on Exhibit A or Exhibit B, as applicable (the ""Term"") or (ii) earlier terminated pursuant to this Agreement (a ""Termination Date"").",Expiration Date,Original Corporate,HIGH,splits/train.csv,False
"Upon any termination or expiration of the Term the Parties will cooperate in good faith to promote a smooth customer transition, and in any event, Company will, at ACSI's option, continue to operate the Mirror Company Site and offer Spoken-Word Audio Products through the Spoken-Word Audio Sub-Section in accordance with the terms of this Agreement for a period of up to six (6) months following such termination.",Post-Termination Services,Original Corporate,HIGH,splits/train.csv,False
"Any such agreement









  reached between Zanotti and Aura regarding such worldwide sales and marketing shall prohibit competition among Zanotti and Aura with regard  to AETRU Systems and shall be memorized in a separate agreement between the Parties.",Non-Compete,Original Corporate,HIGH,splits/train.csv,False
The non- exclusive rights granted to Investor under this Article 3.02 do not include the right to grant sublicenses to Third Parties.,Non-Transferable License,Original Corporate,HIGH,splits/train.csv,False
"The Company hereby grants to CNET a non-exclusive, royalty-free           license, effective throughout the Term, to use, display and publish           any of the Company trademarks, tradenames, service marks and logos           that may be delivered by the Company to CNET expressly for inclusion           in the Promotions, solely for use in connection with the Promotions.",License Grant,Original Corporate,HIGH,splits/train.csv,False
"Upon any expiration or termination of this Agreement, Emdeon shall have a reasonable period of time to remove the Content from the Software",Post-Termination Services,Original Corporate,HIGH,splits/train.csv,False
XACCT'S SOLE LIABILITY AND LICENSEE'S EXCLUSIVE REMEDY          FOR DAMAGES WITH RESPECT TO PRODUCT MAINTENANCE SHALL BE AS SET FORTH          IN THE LICENSE AGREEMENT.,Cap On Liability,Original Corporate,HIGH,splits/train.csv,False
Axiometric will have the right to terminate the license to use                   the office space and to move out of the office space at any                   time upon two weeks notice.,Termination For Convenience,Original Corporate,HIGH,splits/train.csv,False
"DIALOG agrees not to exercise such license until occurrence of a Release Condition, subject to the other restrictions set forth in this Section 16.",Source Code Escrow,Original Corporate,HIGH,splits/train.csv,False
"If we do not elect or are unable to exercise our option to acquire, or to acquire the lease or sublease for the Premises, you must make such modifications or alterations to the premises operated hereunder (including, without limitation, the changing of the telephone number) immediately upon termination or expiration of this Agreement as may be necessary to distinguish the appearance of the Premises from that of other Restaurants under the System, and such specific additional changes as we may reasonably request for that purpose.",Post-Termination Services,Original Corporate,HIGH,splits/train.csv,False
This Agreement shall terminate in the event of a significant change in          the management or ownership of mPhase or in the event mPhase is the          subject of any bankruptcy proceedings.,Change Of Control,Original Corporate,HIGH,splits/train.csv,False
"Without limiting the generality of the foregoing, Company will ensure that such policies contain a waiver of subrogation against ACSI, name ACSI and its assignees as additional insureds.",Insurance,Original Corporate,HIGH,splits/train.csv,False
The foregoing shall be Bellicum's sole and exclusive remedy and Miltenyi's sole obligation with respect to claims that any Miltenyi Product fails to comply with the Miltenyi Product Warranty or the warranties in Section 11.,Cap On Liability,Original Corporate,HIGH,splits/train.csv,False
"IN NO EVENT SHALL DELTATHREE BE LIABLE TO PRIMECALL FOR ANY SPECIAL, INCIDENTIAL OR CONSEQUENTIAL DAMAGES, INCLUDING, WITHOUT LIMITATION, LOSS OF PROFITS, REVENUES OR DATA WHETHER BASED ON BREACH OF CONTRACT, TORT OR OTHERWISE, WHETHER OR NOT PRIMECALL HAS BEEN ADVISED OF THE POSSIBILITY OF SUCH DAMAGE.",Cap On Liability,Original Corporate,HIGH,splits/train.csv,False
"The term of the agreement is 20 years, during which if any main equipment of any Party stops operation due to technical problem or at the end of its life cycle, the agreement shall be automatically terminated.",Expiration Date,Original Corporate,HIGH,splits/train.csv,False
"Any purported assignment or transfer not having our prior written consent as required by this Section 16 will be null and void and will also constitute a material breach of this Agreement, for which we may immediately terminate this Agreement without opportunity to cure, pursuant to Section 17.2.5 below.",Anti-Assignment,Original Corporate,HIGH,splits/train.csv,False
In no event shall PPG SHANGHAI be liable for consequential damages.,Cap On Liability,Original Corporate,HIGH,splits/train.csv,False
"Subject to the terms and conditions of this Agreement, as of the Distribution Date, Nuance hereby grants to SpinCo and the members of the SpinCo Group a worldwide, non-exclusive, fully paid-up, perpetual and irrevocable, transferable (subject to ARTICLE VIII), sublicensable (subject to Section 3.01(g)) license to install, access, use, reproduce, perform, display, modify (including the right to create improvements and derivative works), further develop, sell, manufacture, distribute and market products and services based on, using or incorporating the Nuance Shared Technology Assets within the SpinCo Field of Use, together with natural extensions and evolutions thereof.",License Grant,Original Corporate,HIGH,splits/train.csv,False
"Except as provided in Section 6.2, during the term of this Agreement, the Company shall not participate in any project similar to the Site on the Internet with respect to Deerskin Products or products substantially similar to Deerskin Products (including, without limitation, the products of Wilson's House of Leather, Excelled and companies similar to Wilson's House of Leather and Excelled)",Non-Compete,Original Corporate,HIGH,splits/train.csv,False
"To the extent that either party has licensed or will license Intellectual Property Rights from Third Parties related to specific biomarkers, targets, kits, dyes or technology utilized in the Assay other than for the capture and detection of CTCs, it will, to the extent it is able, grant, during the Term of the Agreement, a non-exclusive license to the other party, or ensure that the",License Grant,Original Corporate,HIGH,splits/train.csv,False
"In the event of termination or expiration of this Agreement             pursuant to Section 5.0 above, IBM shall have an option, which             shall expire [*] days after such termination or expiration, to             purchase from MSL, at a reasonable price agreeable to the Parties,             all assets used by MSL to perform the manufacturing and fulfillment             functions",Rofr/Rofo/Rofn,Original Corporate,HIGH,splits/train.csv,False
"The period of             liaison will commence as soon as notice has been given of             termination of this Agreement, and will continue for a maximum             period of 3 months after termination;",Post-Termination Services,Original Corporate,HIGH,splits/train.csv,False
THE FOREGOING PROVISIONS OF THIS SECTION 13.5 STATE THE ENTIRE LIABILITY AND THE EXCLUSIVE REMEDY OF THE PARTIES TO THIS AGREEMENT WITH RESPECT TO INFRINGEMENT OR ALLEGED INFRINGEMENT OF INTELLECTUAL PROPERTY RIGHTS.,Cap On Liability,Original Corporate,HIGH,splits/train.csv,False
"In the event that Customer elects to extend the Initial Term of the Agreement or of a Facility Addendum, the Price for each applicable Product in any Extension Period shall be one hundred percent (100%) of Manufacturer's Standard Product Materials Cost plus one hundred and ten percent (110%) of Manufacturer's Standard Conversion Cost of such Product, each for the initial Fiscal Year of the first Extension Period with respect to such Product.",Price Restrictions,Original Corporate,HIGH,splits/train.csv,False
"You (and your shareholders, partners and members) will not directly or indirectly make a Transfer without our prior written consent.",Anti-Assignment,Original Corporate,HIGH,splits/train.csv,False
"In the event that this Agreement is terminated pursuant to either Section 1.1.4 or 1.1.5 of this Agreement, this shall not of itself be deemed a breach hereof but Distributor shall have the right to receive monthly compensation from Vendor, or successor to the Vendor, representing the amount of profit to Distributor lost as a result of the termination (the ""Monthly Compensation"").",Post-Termination Services,Original Corporate,HIGH,splits/train.csv,False
"This Agreement may be terminated at any time while the Employee is living by written notice thereof by either the Employer or the Employee to the other; and, in any event, this Agreement will terminate upon termination of the Employee's employment.",Termination For Convenience,Original Corporate,HIGH,splits/train.csv,False
"be amended, modified or otherwise restated, the ""Investment Advisory Agreement""), or a similar agreement, or (b) the Advisor is no longer an affiliate of Licensor.",Change Of Control,Original Corporate,HIGH,splits/train.csv,False
"Except as part of a transaction permitted under this Section 15.2, in no event shall RevMed assign or transfer, or agree to assign or transfer to any Third Party, any or all of the RevMed Licensed Patents without the consent of Sanofi, not be unreasonably withheld or conditioned.",Anti-Assignment,Original Corporate,HIGH,splits/train.csv,False
"For greater certainty, ""New Technology"" shall exclude any (x) modification to Philips pre-existing Intellectual Property Rights (which, shall exclude any Intellectual Property Rights forming part of the ""Purchased Assets"" under the Purchase Agreement) and (y) developments developed not for the Products (collectively, ""Philips Retained Product IP'), provided that Philips and its Affiliates hereby grant to Customer under any such Intellectual Property Rights, which are applicable or used for the manufacturing of the Product, a non- exclusive, non-transferable (except in accordance with clause 18.4 (Assignment)), irrevocable, world-wide, fully paid-up license, without the right to grant sub-licenses, to make, have made, sell or commercialize in any other way the Product.",License Grant,Original Corporate,HIGH,splits/train.csv,False
Distributor acknowledges Zogenix's exclusive ownership of the Product Trademarks and agrees not to take any action inconsistent with such ownership.,Covenant Not To Sue,Original Corporate,HIGH,splits/train.csv,False
"This Agreement shall be exclusively governed by and construed in accordance with the laws of the State of New York, USA without regard to its conflict of laws provisions.",Governing Law,Original Corporate,HIGH,splits/train.csv,False
"This Agreement shall inure to the benefit of and be binding upon the Parties and their respective successors and assigns, including, but not limited to, any chapter 11 or chapter 7 trustee; provided, however, that this Agreement may not be assigned by any of the Parties without the prior written consent of the other, provided further that notwithstanding the foregoing, GA and Tiger may each collaterally assign this Agreement and their rights thereunder to their respective lenders.",Anti-Assignment,Original Corporate,HIGH,splits/train.csv,False
"ETI, on behalf of Entrust, grants to NTL and its              ------------                                                   Affiliates (as defined in the Enterprise License) a non-exclusive, fully paid- up, worldwide, perpetual license to use an unlimited number of copies of the Entrust Products subject to the terms and conditions of an agreement to be concluded between NTL and ETI promptly after the Effective Date in substantially the form of the license set forth in Exhibit B (the ""Enterprise License"") save                                                      ------------------        as amended to comply with the provisions of this Article III.",License Grant,Original Corporate,HIGH,splits/train.csv,False
"Except as otherwise provided in this Agreement, including under Section 7.1, neither this Agreement nor any of the rights, interests or obligations of any Party under this Agreement shall be assigned, in whole or in part, by operation of law or otherwise, by either Party without the prior written consent of the other Party; provided, however, that (a) either Party may assign any of the foregoing in connection with the sale or other transfer of the applicable business or assets of such Party or its Affiliates to which this Agreement relates (except that neither of the Buyer Entities may assign any such rights, interests or obligations with respect to the Arizona Licensed Trademarks); (b) Arizona may assign any of the foregoing to one or more of its Affiliates and (c) the Company and Buyer may assign any of the foregoing to one or more of its Subsidiaries, controlled Affiliates, AWP, or any holding company that is a direct or indirect parent of the Company; provided that in each case (b) and (c), no assignment shall relieve the assigning Party of any of its obligations under this Agreement unless agreed to by the non-assigning Party. Any assignment or other disposition in violation of the preceding sentence shall be void.",Anti-Assignment,Original Corporate,HIGH,splits/train.csv,False
"Notwithstanding the foregoing, if any Party to this Agreement (or any of its successors or permitted assigns) (a) shall enter into a consolidation or merger transaction in which such Party is not the surviving entity and the surviving entity acquires or assumes all or substantially all of such Party's assets, (b) shall transfer all or substantially all of such Party's assets to any Person or (c) shall assign this Agreement to such Party's Affiliates, then, in each such case, the assigning Party (or its successors or permitted assigns, as applicable) shall ensure that the assignee or successor- in-interest expressly assumes in writing all of the obligations of the assigning Party under this Agreement, and the assigning Party shall not be required to seek consent, but shall provide written notice and evidence of such assignment, assumption or succession to the non-assigning Party.",Change Of Control,Original Corporate,HIGH,splits/train.csv,False
"Assignor does hereby irrevocably sell, convey, grant, set over, assign and transfer to Assignee, without reservation of any rights, title or interest, all of Assignor's right, title and interest in and to the Assigned Patents, all rights corresponding to the Assigned Patents throughout the world, and all continuations, continuations-in-part, divisions or renewals thereof, all patents that may be granted therefrom, all reissues, re-exams, or extensions of such patents, and in and to any applications that have been or shall be filed in any country, and all patents or utility models of countries that may be granted therefrom, for its own use and enjoyment, and for the use and enjoyment of any of Assignee's successors and assigns, as the





same would have been held and enjoyed by Assignor if this Assignment had not been made, together with any and all claims or causes of infringement thereof that may have accrued prior to the effective date of this Assignment, together with the right to bring suit for and/or initiate any proceeding to collect any and all damages arising from said claims or causes of action.",Ip Ownership Assignment,Original Corporate,HIGH,splits/train.csv,False
"If Sanofi provides a Notice of Interest to RevMed within [***], then (i) RevMed shall, upon request of Sanofi, provide Sanofi with reasonable access to all other then-existing Know-How in RevMed's Control that exists in either paper or electronic form and pertains to the relevant SHP1-SHP2 Dual Inhibitor and (ii) the Parties shall negotiate exclusively in good faith and on a commercially reasonable basis the terms of a definitive agreement under which Sanofi would be granted SHP1-SHP2 Dual Inhibitor License Rights for [***] after RevMed receives such Notice of Interest (such period, the ""SHP1-SHP2 Dual Inhibitor Licensing Negotiation Period"").",Rofr/Rofo/Rofn,Original Corporate,HIGH,splits/train.csv,False
"This Agreement may not be assigned without the written consent of the other party, which consent shall not be unreasonably withheld, except that it shall be assigned automatically to any successor to FIIOC as the Funds' transfer agent, and any such successor shall be bound by the terms of this Agreement.",Anti-Assignment,Original Corporate,HIGH,splits/train.csv,False
"Upon the effective date of this agreement COMWARE shall have the exclusive right to purchase, at the DISCOUNTS described below, and resell Products to potential customers during the Initial Distribution Period,",Exclusivity,Original Corporate,HIGH,splits/train.csv,False
"Subject to the terms of this Agreement and Scope of Use and only within the Market and Territory, E.piphany grants HSNS a nonexclusive, nontransferable, non-sublicensable right to (i) use and combine the Application with the Outsourcing Application and other software products for the purpose of providing, to Outsourcing Customers, the services described in Exhibit B as the Outsourcing Services; and (ii) use the Documentation provided with the Application in support of the Application.",License Grant,Original Corporate,HIGH,splits/train.csv,False
"T&B shall not, during the Term, grant any third party a license to use the Licensed Intellectual Property within the Exclusive Field of Use.",Exclusivity,Original Corporate,HIGH,splits/train.csv,False
THESE LIMITATIONS SHALL APPLY NOTWITHSTANDING ANY FAILURE OF ESSENTIAL PURPOSE OF ANY REMEDY.,Cap On Liability,Original Corporate,HIGH,splits/train.csv,False
"Auriemma grants to Berkshire the exclusive right and license (the ""License Rights"") to use the Auriemma Identification during the  Contract Period and throughout the Contract Territory solely in connection with the advertisement and promotion of Berkshire and the Financial  Services",License Grant,Original Corporate,HIGH,splits/train.csv,False
19.3.1 Divert or attempt to divert any actual or potential business or customer of any Goosehead Business to any competitor or otherwise take any action injurious or prejudicial to the goodwill associated with the Marks and the System.,Non-Compete,Original Corporate,HIGH,splits/train.csv,False
"During the Term of this Agreement and for a period of six (6) months thereafter, MediaLinx shall not use or publicly disclose the data collected from users of the Co-Branded Site if such use is for the purpose of providing health information, advertisements, or products that compete with those that reside on the Co-Branded Site.",Non-Compete,Original Corporate,HIGH,splits/train.csv,False
"During the Term, except as expressly provided in this Agreement, including Section  3.6 (Policy Trailer; Branded Slots); those provisions of Part A of Exhibit A that permit Network Affiliate to engage in certain Lobby Promotions;  Section 3.11 (Grand Openings, Employee Uniforms), collectively, the ""Exclusivity Exceptions"", Network Affiliate shall subscribe for and NCM shall  be the exclusive provider to the theatres of the services specifically set forth in the definition of the ""Service.""",Exclusivity,Original Corporate,HIGH,splits/train.csv,False
"IF A CLAIM OR CAUSE OF ACTION IS ATTRIBUTABLE TO ANY MAINTENANCE UPDATE, ENHANCEMENT OR SERVICES PROVIDED OR TO BE PROVIDED UNDER THIS AGREEMENT, THE REMEDIES SET FORTH IN THIS AGREEMENT, TO THE EXCLUSION OF THE REMEDIES SET FORTH IN THE SUBSCRIPTION LICENSE AGREEMENT, SHALL CONSTITUTE THE SOLE AND EXCLUSIVE REMEDIES AVAILABLE TO A PARTY FOR SUCH CLAIM OR CAUSE OF ACTION.",Cap On Liability,Original Corporate,HIGH,splits/train.csv,False
"C. Own, maintain, engage in, be employed by, advise, consult, assist, invest in or have any interest whatsoever in any business or entity which competes with or offers products or services which are the same or similar to those of AIRSOPURE or the Franchise.",Non-Compete,Original Corporate,HIGH,splits/train.csv,False
"Except in connection with a Party's willful and intentional breach of this Agreement or fraud, in no event shall any Party or its Affiliates, under any circumstances, be liable or obligated in any manner to another Party or its Affiliates for any consequential, special, incidental, exemplary, indirect, punitive or similar damages, or for any loss of future revenue, profits or income, or for any diminution in value damages measured as a multiple of earnings, revenue or any other performance metric arising out of or relating to this Agreement or the transactions contemplated in this Agreement, even if such Party or its Affiliate is informed in advance of the possibility of such damages occurring and regardless of whether or not the damages were foreseeable and regardless of the theory or cause of action upon which any damages might be based.",Cap On Liability,Original Corporate,HIGH,splits/train.csv,False
"Subject to the terms and conditions of this Agreement, PACIFICAP ENTERTAINMENT hereby grants to THE HENRY FILM AND ENTERTAINMENT CORPORATION, under PACIFICAP ENTERTAINMENT'S full ownership and or fully authorized licensing Rights of Content

  (a) A 10 year exclusive, worldwide license to use, modify, reproduce, distribute, display and transmit any and all PACIFICAP ENTERTAINMENT nostalgic television show library Content.",Exclusivity,Original Corporate,HIGH,splits/train.csv,False
"Sekisui shall not, and shall cause its subdistributors not to, market, rent or sell any Products to the Qualigen Retained Customers. 3. Supply;",No-Solicit Of Customers,Original Corporate,HIGH,splits/train.csv,False
Businesses involving Japanese Companies where all principal parties involved are located within Covered Regions,No-Solicit Of Customers,Original Corporate,HIGH,splits/train.csv,False
"You and we acknowledge and agree that we are a third-party beneficiary to all Unit Franchise Agreements between you and Unit Franchisees in the Master Territory, and that we shall have the right to assume any of your responsibilities, duties or functions under such Unit Franchise Agreements in the event that this Agreement expires or is terminated for any reason.",Third Party Beneficiary,Original Corporate,HIGH,splits/train.csv,False
"Effective Date and shall remain in force for a period of one (1) year, and shall be automatically renewed for successive periods of one (1) year unless otherwise terminated  as provided  herein.",Renewal Term,Original Corporate,HIGH,splits/train.csv,False
"Notwithstanding anything in this Agreement to the contrary, Licensee has no right to sublicense any rights granted hereunder to any third  party, or otherwise permit any third party to use any Licensed Domain Names or Licensed Content; provided, however, that any rights granted to  Licensee hereunder shall be sublicensable, without the prior written consent of Licensor, to SINA Leju and Licensee's Affiliates that are controlled  by SINA Leju solely for the purpose of operating the Business during the Term.",Anti-Assignment,Original Corporate,HIGH,splits/train.csv,False
"By either Vendor or Distributor, upon written notice of termination of this Agreement no later than ninety (90) calendar days prior to the expiration of the relevant Term, then in effect;",Notice Period To Terminate Renewal,Original Corporate,HIGH,splits/train.csv,False
"pledge or transfer all or any part of Service Provider's payment rights under this Agreement (i) to any affiliate of Service Provider, (ii) to any party  that acquires Service Provider or all or substantially all of Service Provider's assets, or (iii) for security purposes in connection with any financing  and, provided further, that Service Provider shall remain fully liable for the performance of all of Service Provider's obligations under this  Agreement.",Anti-Assignment,Original Corporate,HIGH,splits/train.csv,False
"You shall have the option to renew the term of this Agreement, on the terms and conditions set forth in this Agreement, for four (4) additional ten (10) year terms, upon written notice given by you to us not less than six (6) months nor more than twelve (12) months prior to the scheduled expiration date of the term then in effect, provided that each of the following conditions are satisfied:   3.2.1 You shall not be in default of any provision of this Agreement, or any other agreement between you and us or our affiliates, or any standards set forth in the Manuals, and you shall have complied with all the terms and conditions of this Agreement, the Manuals and any other agreements during the term of this Agreement.   3.2.2 You shall have satisfied all monetary obligations owed by you to us and our affiliates, and shall have timely met those obligations throughout the term of this Agreement.   3.2.3 You shall, at our option, execute our then-current form of Master Franchise Agreement and any addenda thereto for the renewal term, which renewal agreement shall supersede this Agreement in all respects, and the terms of which, including, without limitation, continuing fees payable to us, may differ materially and be less advantageous to you than the terms of this Agreement.   3.2.4 You shall comply with our then-current qualification and training requirements.   3.2.5 You shall pay us a renewal fee in the sum of Ten Thousand Dollars ($10,000) for the right to renew this Agreement.   3.2.6 You shall execute a general release, in a form prescribed by us, of any and all claims which you may have or believe to have against us and/or our affiliates and our respective officers, directors, agents and employees, whether the claims are known or unknown, which are based on, arise from or relate to this Agreement or the Franchised Business, as well as claims, known or unknown, which are not based on, do not arise from or do not relate to this Agreement or the Franchised Business, but which relate to other franchise agreements, Franchised Businesses and other agreements between us or our affiliates and you which arose on or before the date of the general release, including, without limitation, all obligations, liabilities, demands, costs, expenses, damages, claims, actions and causes of action, of whatever nature, character or description, arising under federal, state and local laws, rules and ordinances (provided, however, that all rights enjoyed by you and any causes of action arising in your favor from the provisions of Article 33 of the New York General Business Law (""GBL"") and the regulations issued thereunder shall remain in force; it being the intent of this provision that the non-waiver provisions of GBL Sections 687.4 and 687.5 be satisfied).",Renewal Term,Original Corporate,HIGH,splits/train.csv,False
The license granted by this Agreement is personal to MusclePharm.,Anti-Assignment,Original Corporate,HIGH,splits/train.csv,False
"Vyera shall have the exclusive right to implement, and subject to Section 5.5, final decision-making authority with respect to, Commercialization of all Licensed Products in the Field and the Territory.",License Grant,Original Corporate,HIGH,splits/train.csv,False
"Any violation of this article by Party B shall be considered as a material breach of the this Agreement, and Party A is entitled to immediately terminate this Agreement and the cooperation relationship between the Parties, and request Party B to pay the liquidated damages of RMB 50,000 (RMB FIFTY THOUSAND) and indemnify for all losses incurred to Party A thereby.",Liquidated Damages,Original Corporate,HIGH,splits/train.csv,False
"not been met during such Efficiency Warranty Period, then Operator shall so notify Owner in writing of the basis of its determination and Owner may make a claim under Section 2.5.",Minimum Commitment,Original Corporate,HIGH,splits/train.csv,False
"Erchonia may not assign any duties or obligations arising under this Agreement, except to a successor who acquires substantially all of the assets of Erchonia.",Anti-Assignment,Original Corporate,HIGH,splits/train.csv,False
"You agree that during the term of this Agreement, you will not, without our prior written consent, either directly or indirectly through any other person or entity:",Non-Compete,Original Corporate,HIGH,splits/train.csv,False
"Corio shall notify Commerce One in writing if it believes that         one of the following events (the ""RELEASE CONDITIONS"") has occurred and         that it intends to seek release of the Source Code from the escrow         account: (i) Commerce One's dissolution or ceasing to do business in the         normal course, or (ii) Commerce One's repeated and material breach of         its support and maintenance obligations under Section 5 of this         Agreement and such breach is not cured within sixty (60) days of receipt         of written notice thereof from Corio. If Commerce One notifies Corio in         writing that it disputes whether any such event has occurred, officers         of each of the parties shall negotiate for a period of ten (10) business         days to attempt to resolve the dispute. At the end of such ten (10)         business day period, if the parties have not resolved the dispute, the         matter shall be referred to arbitration in the manner provided in         Section 14.3 of this Agreement.",Source Code Escrow,Original Corporate,HIGH,splits/train.csv,False
HPIL ET agrees that the sole and exclusive remedy for money damages relating to this Agreement and the transactions contemplated hereby shall be the rights to indemnification set forth in this Section 10.,Cap On Liability,Original Corporate,HIGH,splits/train.csv,False
"If Party A discovers in its spot checks conducted from time to time that any game, software, business, works, content or service provided by Party B is not in compliance with laws, regulations, industry rules, Party A's management measures or contractual agreement, Party B shall pay Party A additional amount of performance bond at RMB5,000 per violation, or RMB10,000 per business, to be payable to by Party B within 10 working days after the results of copyright spot checks are posted.",Liquidated Damages,Original Corporate,HIGH,splits/train.csv,False
"IN NO EVENT SHALL THE AS PARTIES BE LIABLE FOR SPECIAL, CONSEQUENTIAL, OR PUNITIVE DAMAGES.",Cap On Liability,Original Corporate,HIGH,splits/train.csv,False
"In the event that SFJ terminates this Agreement pursuant to this Section 14.2.3, then, if PB elects to continue development of the Product and obtains Regulatory Approval following such termination, in exchange for purchasing the Trial Data Package including the Research Results included therein as set forth in Section 11.1.1.4, PB shall remain obligated to pay SFJ an amount equal to fifty percent (50%) of the Approval Payments (as adjusted as set forth in Section 6.2, subject, to the extent applicable, to Sections 2.3.3 and 3.12.2) that become due and payable under ARTICLE 6 at such time as they become due and payable (if ever) pursuant to ARTICLE 6 (or, as applicable, 50% of any Buy-Out Payment that PB elects to pay pursuant to Section 6.7), provided that such Approval Payments (or Buy-Out Payment, as applicable) shall also be adjusted as set forth in Section 6.2.",Post-Termination Services,Original Corporate,HIGH,splits/train.csv,False
"IN NO EVENT SHALL EITHER PARTY BE LIABLE TO THE OTHER PARTY FOR ANY SPECIAL,  CONSEQUENTIAL OR INDIRECT DAMAGES, HOWEVER CAUSED.",Cap On Liability,Original Corporate,HIGH,splits/train.csv,False
"Notwithstanding anything to the contrary in this Agreement, each of the Indemnified Parties has relied on this Section 13.9, is an express third party beneficiary of this Section 13.9 and is entitled to enforce the obligations of the applicable Indemnified Parties under this Section 13.9 directly against such Indemnified Parties to the full extent thereof.",Third Party Beneficiary,Original Corporate,HIGH,splits/train.csv,False
The licence granted hereunder shall become effective upon execution of this   AGREEMENT by both parties and shall endure indefinitely unless terminated   under clause 6. 2.,Expiration Date,Original Corporate,HIGH,splits/train.csv,False
"Each Party's rights under this Agreement are                ----------------                                               personal to that Party and that Party shall not assign, sublet or otherwise transfer any right or interest under this Agreement to anyone, without the prior written consent of the other Party, which shall not be unreasonably withheld.",Anti-Assignment,Original Corporate,HIGH,splits/train.csv,False
"The term of this Agreement (the ""Term"") (a) shall commence on the first day of the Warranty Period for the first Bloom System to achieve Commencement of Operation and (b) shall, unless terminated earlier under Section 4.1 of this Agreement or unless extended by mutual agreement of the Parties, terminate on the date that is the last day of the Warranty Period for the last Bloom System to achieve Commencement of Operation.",Effective Date,Original Corporate,HIGH,splits/train.csv,False
"Owner shall deliver  notice of any such assignment, pledge or transfer to Service Provider in writing as soon as reasonably practicable thereafter.",Anti-Assignment,Original Corporate,HIGH,splits/train.csv,False
"Subject to the terms and conditions of this Agreement and such other standards, trademark usage guidelines and  specifications as are prescribed by NCM during the term of this Agreement (the ""NCM Quality Standards""), NCM hereby grants to Network  Affiliate, and Network Affiliate hereby accepts, a non-exclusive, non-transferable (except in connection with an assignment of this Agreement in  accordance with Section 14.8 hereof), non-sublicenseable, limited license (i) to use the NCM Marks solely in connection with its receipt and  exhibition of the Service, as approved by NCM in writing in advance, and (ii) to use the NCM Marks in marketing or advertising materials  (""Marketing Materials"") that have been approved by NCM pursuant to the terms hereof.",License Grant,Original Corporate,HIGH,splits/train.csv,False
"The Company appoints the Distributor as an  exclusive  distributor  of Products in the Market,  subject to the terms and conditions of this Agreement.",Exclusivity,Original Corporate,HIGH,splits/train.csv,False
"Miltenyi will not in any event be liable for increased manufacturing costs, downtime costs, purchase of substitute products, lost profits, revenue, or goodwill, or any other indirect incidental, special, or consequential damages caused by a breach of the Miltenyi Product Warranty or the warranties in Section 11.2.",Cap On Liability,Original Corporate,HIGH,splits/train.csv,False
"Upon the release of the Source Code to Corio pursuant to          Section 12.2 of this Agreement, Corio shall have a royalty-free,          nonexclusive, nontransferable, right and license at its head office to          use and modify the Source Code to support and maintain the Software          until the expiration or termination of Corio's Customers' License          Agreements for the Corio Services.",License Grant,Original Corporate,HIGH,splits/train.csv,False
"During the Term of this agreement, and for a period of twenty four (24)months after Termination (the ""Withholding Period""), Contractor may retain monies (collections in Accounts Receivable) against any reasonable anticipated deductions for product recalls, unsalables, rebates, allowances or any audits or other adjustments it deems necessary.",Post-Termination Services,Original Corporate,HIGH,splits/train.csv,False
"In the event that SFJ terminates this Agreement pursuant to this Section 14.2.1 then in exchange for purchasing the Trial Data Package including the Research Results included therein as set forth in Section 11.1.1.4, PB will pay SFJ, within [***] of the date of termination, an amount equal to three hundred percent (300%) of Development Costs paid or incurred by SFJ prior to such termination.",Liquidated Damages,Original Corporate,HIGH,splits/train.csv,False
"Both Parties shall, at all times during the currency of this Agreement and for a period of one (1) year after the termination or expiration of this Agreement, maintain the following policies of insurance in effect: (i) a comprehensive general liability insurance policy, with minimum coverage of $1,000,000 per occurrence and in the annual aggregate for product liability and completed operations, covering bodily and personal injury, including death, and property damage, including loss of use; and (ii) an information and network technology blended liability insurance policy with an insured limit of at least $1,000,000 in the aggregate.",Insurance,Original Corporate,HIGH,splits/train.csv,False
"(2) Recruit or hire any employee who, within the immediately  preceding          six (6) month period,  was employed by Pretzel Time or any Pretzel Time          Unit operated by Pretzel Time, its Affiliates or another  franchisee or          licensee  of  Pretzel  Time,   without   obtaining  the  prior  written          permission of Pretzel Time or such franchisee.",No-Solicit Of Employees,Original Corporate,HIGH,splits/train.csv,False
"In the event that CAPSUGEL reasonably determines that the development of the Compound Formulation is not feasible with Commercially Reasonable Efforts in accordance with the Development Plan, with such changes as reasonably requested by CAPSUGEL, then CAPSUGEL may discontinue the development of the Compound Formulation and Product and terminate this Agreement, in which case, CARDAX shall have the right to license the Intellectual Property Rights as provided in Section 4.",License Grant,Original Corporate,HIGH,splits/train.csv,False
"Subject to Articles 5.1 and 5.2, IGER grants CERES an exclusive, world-wide license, with the right to grant sublicenses, to use and exploit  commercially (a) IGER's interest in any JOINT INTELLECTUAL PROPERTY (including but not limited to RELEASED VARIETIES) and OTHER  RESEARCH RESULTS; (b) IGER INTELLECTUAL PROPERTY and (c) when and only to the extent necessary for the commercialization or use of  JOINT INTELLECTUAL PROPERTY and/or OTHER RESEARCH RESULTS and/or IGER INTELLECTUAL PROPERTY for the  COLLABORATION CROPS, IGER BACKGROUND INTELLECTUAL PROPERTY, subject to paying IGER reasonable remuneration (whether as  a royalty or in some other form as the Parties may agree) to be negotiated in good faith.",Exclusivity,Original Corporate,HIGH,splits/train.csv,False
"The obligations under this Section 10.3 state the  entire liability of NCM and are Network Affiliate's sole and exclusive remedies, with respect to intellectual property infringement.",Cap On Liability,Original Corporate,HIGH,splits/train.csv,False
"The Agreement shall automatically renew for successive one (1) year terms (each a ""Renewal Term"") unless either party provides the other party written notification of its intent to terminate the Agreement no later than sixty (60) days prior to the end of the then applicable term.",Renewal Term,Original Corporate,HIGH,splits/train.csv,False
"During the term of employment and for one (1) year thereafter, the Executive will not directly or indirectly, either themselves or through others, encourage or solicit any employee of the Company to leave the Company for any reason. This obligation shall not affect any responsibility the Executive has as an employee of the Company with respect to the bona fide hiring and firing of Company personnel.",No-Solicit Of Employees,Original Corporate,HIGH,splits/train.csv,False
"Bellicum acknowledges and agrees that Bellicum's rights to a refund or credit for, or to receive replacement of, properly rejected shipments of Miltenyi Products hereunder shall be Bellicum's sole and exclusive remedy, and Miltenyi's sole obligation, with respect to non-conforming Miltenyi Products delivered hereunder.",Cap On Liability,Original Corporate,HIGH,splits/train.csv,False
The Manufacturer may not transfer or assign any of its rights or obligations under this agreement without the prior written consent of the Customer.,Anti-Assignment,Original Corporate,HIGH,splits/train.csv,False
Either party shall have the right to terminate this Agreement at any time for any reason.,Termination For Convenience,Original Corporate,HIGH,splits/train.csv,False
All policies shall provide Franchisor with at least thirty (30) days' notice of cancellation or termination of coverage.,Insurance,Original Corporate,HIGH,splits/train.csv,False
"In the event that (i) TouchStar terminates this Agreement in                 accordance with any one or more of the provisions of Section 8.2                 or (ii) Reseller elects not to enter into a new agreement with





                TouchStar pursuant to Section 8.1, all Customer Agreements with                 Customers shall be transferred by Reseller to TouchStar.",Post-Termination Services,Original Corporate,HIGH,splits/train.csv,False
"In the event that you use, sell or distribute unauthorized products or services, and do not cease the use, sale, or distribution of unauthorized services or products within ten (10) days after written notice is given to you, we reserve the right to terminate this agreement and/or charge you a fee of One Hundred and No/100 Dollars ($100.00) for each day that you fail to comply with our demand to cease the use, sale or distribution of unauthorized products or services, which is a reasonable estimate of the damages we would incur from your continued use, sale or distribution of unauthorized products or services, and not a penalt",Liquidated Damages,Original Corporate,HIGH,splits/train.csv,False
"Under no circumstances shall any Party be liable to any other Party in contract, tort, (including negligence or breach of statutory duty) or otherwise for loss (whether direct or indirect) of profits, property, traffic, business or anticipated savings, or for any indirect or consequential loss or damage in connection with the operation of this Agreement howsoever caused.",Cap On Liability,Original Corporate,HIGH,splits/train.csv,False
"Notwithstanding  paragraphs 4A, 4B and 4C above, CONSULTANT  shall not be required to wear ADAMS  GOLF [*****] in [*****] ads.",Competitive Restriction Exception,Original Corporate,HIGH,splits/train.csv,False
Should MD Anderson terminate this Agreement in accordance with this Section 8.6 then the Parties will use reasonable efforts to ensure that any Clinical Study in relation to which any patient has been screened or enrolled shall continue under a separate clinical trial agreement to be entered into between the Parties as soon as possible after receipt of notice of termination by Adaptimmune.,Post-Termination Services,Original Corporate,HIGH,splits/train.csv,False
Kallo grants to Agent the non-exclusive and non-transferable right to distribute the use of the Kallo Mobile  care suite of products to commercial end user customers.,License Grant,Original Corporate,HIGH,splits/train.csv,False
"Without limiting the foregoing, Consultant agrees to use his or her best efforts (A) to segregate Consultant's",Non-Compete,Original Corporate,HIGH,splits/train.csv,False
"Tripath grants to Distributor a non-exclusive license to use Tripath's trademarks, trade names and service marks only in connection with the Products and in the performance of Distributor's obligations under this Agreement.",License Grant,Original Corporate,HIGH,splits/train.csv,False
The rights and obligations of the Fund and the Investment Adviser hereunder may not be assigned or delegated to any other person without the prior written consent of the Remarketing Agent.,Anti-Assignment,Original Corporate,HIGH,splits/train.csv,False
"Aimmune hereby grants to Xencor an exclusive license under and with respect to Aimmune Patents, and a non-exclusive license under and with respect to Aimmune Know-How, in each case, where such license is an irrevocable, perpetual, royalty-bearing license, with the right to sublicense, to Develop, Manufacture and Commercialize the Product(s), as the Product(s) exist as of the effective date of such termination, or optimized versions thereof that are Products.",License Grant,Original Corporate,HIGH,splits/train.csv,False
"(c) Supplier either: (i) merges with another entity, (ii) suffers a transfer involving fifty (50%) percent or more of any class of its voting securities or (iii) transfers all, or substantially all, of its assets;",Change Of Control,Original Corporate,HIGH,splits/train.csv,False
Any attempted assignment of this Agreement in violation of this Section 9.13 shall be null and void.,Anti-Assignment,Original Corporate,HIGH,splits/train.csv,False
"Subject to the restrictions set forth in Section 5.1 of this Agreement and Section 2.3 of the Warrant, in the event any member of the Farids Group proposes to Transfer (other than a Permitted Transfer) a Threshold Block, in a transaction or series of related transactions, of Shares in a 144 Sale, the Farids Group shall furnish to the Company a written notice of such proposed Transfer (a ""ROFO Sale Notice"") at least 48 hours prior to the opening of trading on the Nasdaq Global Market (or such other primary stock exchange upon which the Common Stock is listed) on the business day that the Farids Group proposes to begin to effect such 144 Sale.",Rofr/Rofo/Rofn,Original Corporate,HIGH,splits/train.csv,False
This Agreement shall be terminable (a) by the Licensor,Termination For Convenience,Original Corporate,HIGH,splits/train.csv,False
"Neither this Agreement nor any rights or obligations hereunder shall be transferred or assigned by either Party without the written consent of the other Party, which consent shall not be unreasonably withheld; provided, however, that Liquidmetal shall have the right, without the prior written consent of Eutectix, to assign its warranty rights and other rights hereunder with respect to specific Liquidmetal Products to the Customers of such Liquidmetal Products.",Anti-Assignment,Original Corporate,HIGH,splits/train.csv,False
The Licensee may terminate this Agreement at any time by giving             written notice to the Owner and NCC.,Termination For Convenience,Original Corporate,HIGH,splits/train.csv,False
"Dynamic Hearing's aggregate liability to IntriCon for direct loss and damages and all other liability not described herein  arising in connection with this Agreement whether in negligence, tort, equity, contract or otherwise, is limited to  payment of damages recoverable at law or equity up to a maximum of (and, for the sake of clarity must not exceed) $5m;",Cap On Liability,Original Corporate,HIGH,splits/train.csv,False
"Subject to Section 3.2, a Licensor Party, on behalf of itself and the other members of the Licensor Group, and solely to the extent the Licensor Party or another member of the Licensor Group has the right to do so, hereby grants and agrees to grant to the applicable Licensee Party and the other members of the Licensee Group, subject to the field restriction of Section 3.1.2, a royalty-free, nonexclusive, perpetual, irrevocable, fully paid-up, worldwide right and license, with the right to sublicense as provided in Section 3.1.3, to Exploit Intellectual Property Rights that are owned by the Licensor Party or another member of the Licensor Group immediately following the assignments pursuant to Article II and meet one or more of the following descriptions with respect to the relevant Licensee Party: (a) the Intellectual Property Rights are rights under Licensed Patents or other Intellectual Property Rights that, in each case, as of the Effective Time, are either (A) used in connection with, or necessary for the ongoing conduct of, the current business of the Licensee Party or another member of the Licensee Group, or (B) Contemplated to be Used in the business of the Licensee Party, or another member of the Licensee Group, in the Licensee Group Field; provided, however, that the license granted in this Section 3.1.1(a) does not apply to the Intellectual Property Rights received under or otherwise governed by an Excluded Agreement; and/or (b) the Intellectual Property Rights are embodied in an invention, or proposed invention, that is both (i) described in a Patent or Invention Disclosure held by the Licensor Party or another member of the Licensor Group and (ii) conceived by at least one inventor who, at the time of conception, was employed by a member of the Licensee Group, a non-inclusive list of which inventions and proposed inventions are provided in Schedule 3.1.1(b), provided, however, that the license granted in this Section 3.1.1(b) does not apply to an invention conceived under or otherwise governed by an Excluded Agreement; and/or (c) the Intellectual Property Rights are subject to an assignment to the Licensor Party in Section 2.1.1(b) concerning Performer Foreground-Delivered IPR conceived or created in the course of services concerning which the Licensor Party or another member of the Licensor Group was the Requester and the Licensee Party or another member of the Licensee Group was the Performer; and/or",License Grant,Original Corporate,HIGH,splits/train.csv,False
"if the agreement is terminated during the Initial Term by PaperExchange pursuant to Section 8.2  [Termination for Cause], VerticalNet shall pay to PaperExchange, as liquidated damages, an amount equal to the product determined by multiplying (1) a fraction, the numerator of which shall be the number of days between the effective date of termination and the scheduled expiration date of the Initial Term, and the denominator of which shall be the number of days",Liquidated Damages,Original Corporate,HIGH,splits/train.csv,False
"For the avoidance of doubt, subject to, and without limiting or amending the exclusivity restrictions and confidentiality obligations set forth in Section 6.1 and ARTICLE 17 of the Development and License Agreement, respectively, Antares or its Subcontractor may manufacture the VIBEX® QS device or other devices (other than the Device) for itself or other Persons.",Competitive Restriction Exception,Original Corporate,HIGH,splits/train.csv,False
"In particular, Company agrees that, notwithstanding anything to the contrary set forth herein: (i) as part of Contractor's provision of the Services hereunder, Contractor may utilize its own proprietary works of authorship, that have not been created specifically for Company, including without limitation software, methodologies, tools, specifications, drawings, sketches, models, samples, records and documentation, as well as copyrights, trademarks, servicemarks, ideas, concepts, know-how, techniques, knowledge or data, which have been originated, developed or purchased by Contractor or by third parties under contract to Contractor, and, (ii) Contractor's Information and Contractor's administrative communications and records relating to the Services shall not be deemed to be Works and are and shall remain the sole and exclusive property of Contractor and Company shall not resell or make use of said property in any other manner other than in connection with the software Company receives under this Agreement.",Ip Ownership Assignment,Original Corporate,HIGH,splits/train.csv,False
"Each of Licensor and Licensee understands and acknowledges that Licensor shall be entitled to protect and preserve the going concern value of Licensor's business to the extent permitted by law and that Licensor would not have entered into this Agreement absent the provisions of this Section 10.1 and, therefore, each of Licensor and Licensee agrees that during the term of this Agreement Licensee shall not engage in, represent in any way or be connected with directly or indirectly any business competing with the Licensed Products.",Non-Compete,Original Corporate,HIGH,splits/train.csv,False
The term of this Agreement is five (5) years unless the early termination in accordance with this Agreement.,Expiration Date,Original Corporate,HIGH,splits/train.csv,False
"Other than pursuant to this Section                         10.12(b)(v), the arbitration award shall not include any                         indirect, incidental, special, consequential, or                         punitive damages and the arbitrators shall be so                         instructed.",Cap On Liability,Original Corporate,HIGH,splits/train.csv,False
"At any time that there is no uncompleted Statement of Work outstanding, either party may terminate this Agreement for any or no reason upon fifteen (15) days advance notice to the other.",Expiration Date,Original Corporate,HIGH,splits/train.csv,False
"The term of this Agreement (""Term"") will begin on the date this Agreement is signed by the last signatory (""Effective Date"") and remain in effect for [***]; provided, however, that the terms of this Agreement shall remain applicable to any SOW that was executed by the Parties prior to the expiration or termination of this Agreement but whose period of performance extends beyond the expiration or termination of this Agreement.",Effective Date,Original Corporate,HIGH,splits/train.csv,False
"Where this Agreement has expired or has been terminated for any reason other than by PPI in accordance  with Section 16.1 or EKR in accordance with Section 16.3(b), EKR and its Affiliates and sub-distributors and sales agents shall be entitled  to continue to sell existing stocks of the Product in the Territory for a period of not longer than 12 months following the date of termination,  provided that, EKR continues to make any Royalty payments due to PPI in respect of such sales in accordance with the provisions of this  Agreement.",Post-Termination Services,Original Corporate,HIGH,splits/train.csv,False
"EXCEPT FOR INDEMNIFICATION  OBLIGATIONS DUE TO LIABILITIES TO THIRD PARTIES, NOTWITHSTANDING ANY PROVISION CONTAINED IN THIS AGREEMENT TO THE CONTRARY, NO PARTY TO THIS AGREEMENT WILL BE LIABLE TO ANY OTHER PARTY TO THIS AGREEMENT FOR ANY INCIDENTAL, INDIRECT, SPECIAL, CONSEQUENTIAL OR PUNITIVE DAMAGES (INCLUDING DAMAGES FOR LOSS OF USE, POWER, BUSINESS GOOD WILL, REVENUE OR PROFIT, NOR FOR INCREASED EXPENSES, OR BUSINESS INTERRUPTION) ARISING OUT OF OR RELATED TO THE PERFORMANCE OR NON PERFORMANCE OF THIS AGREEMENT UNLESS THE DAMAGES AROSE DUE TO A PARTY'S GROSS NEGLIGENCE OR WILLFUL BREACH OF THIS AGREEMENT.",Uncapped Liability,Original Corporate,HIGH,splits/train.csv,False
"Notwithstanding the 30-year term of this agreement, should STW procure sales agreements with customers for a duration of longer than 30 years, STW shall be authorized to maintain and service such contract(s) to the extent of the water volume(s) purchased, and this AGREEMENT shall not terminate during the initial term of any such water supply agreement with a term extending beyond this AGREEMENT.",Post-Termination Services,Original Corporate,HIGH,splits/train.csv,False
"During the Term, MMT shall not Commercialize in any manner any Competing Product in the Field in any country in the Territory; provided, however, the Parties hereby acknowledge that the restrictions set forth in this Section 2.3 shall not apply to any Affiliates of MMT (including Pfizer).",Non-Compete,Original Corporate,HIGH,splits/train.csv,False
"This Agreement shall have a term of four (4) years from the effective date first set forth above, and shall automatically renew for additional one year terms unless earlier terminated by either party.",Expiration Date,Original Corporate,HIGH,splits/train.csv,False
"This Agreement shall be effective on the later of the dates that it is executed by Imprimis and Surgical (the ""Effective Date"") and shall terminate pursuant to the terms of the SOW (the ""Term"").",Effective Date,Original Corporate,HIGH,splits/train.csv,False
Monsanto and the Agent stipulate and agree that the injury which will be caused to the Agent by the termination of this Agreement under the circumstances which shall give rise to the payment of the Termination Fee are difficult or impossible of accurate estimation; that by establishing the Termination Fee they intend to provide for the payment of damages and not a penalty; and that the sum stipulated for the Termination Fee is a reasonable pre-estimate of the probable loss which will be suffered by the Agent in the event of such termination.,Liquidated Damages,Original Corporate,HIGH,splits/train.csv,False
"Except with Smith's prior written approval, this Agreement may not be assigned by TDA: (i) in connection with a merger, a sale of all or substantially all of the assets of TDA or other similar corporate reorganization, or the sale of substantially all of TDA's rights to all of its Golf Instruction Related Products; or (ii) to",Change Of Control,Original Corporate,HIGH,splits/train.csv,False
"Upon termination of this Agreement by Customer in whole or in part or upon the termination of any Facility Addendum, in each case, pursuant to Section 7.3, 7.4, 7.5 or 7.6, and on a terminated-Product-by-terminated-Product basis, at Customer's option and pursuant to Customer's instructions, Manufacturer shall provide Customer with sufficient inventory of such terminated Product to ensure business continuity according to then-current terms and pricing (subject to Section 3) until the earlier of: (i) Customer's identification of, and securing of Regulatory Approval for, another supplier of such terminated Product or (ii) unless otherwise set forth in the applicable Facility Addendum as the ""Inventory Tail Period"" for such Product, a time period that reflects Customer's reasonable needs of such Product as mutually agreed upon by the Parties in good faith.",Post-Termination Services,Original Corporate,HIGH,splits/train.csv,False
"Liquidmetal grants to Eutectix during the Term of this Agreement and subject to the Field of Use Restrictions (as defined below), a royalty-bearing, worldwide, non-transferrable, non-exclusive license (or sublicense as the case may be) to the Licensed Patents (as defined below) and the Licensed Technical Information (as defined below) to make and have made, assemble and have assembled, use, sell, offer to sell, import and offer to import, export and offer to export, distribute and offer to distribute, repair, reconstruct, practice, and maintain Licensed Products in the Field (as defined below).",License Grant,Original Corporate,HIGH,splits/train.csv,False
"Upon Expiration of this Agreement: (i) the licenses granted to BLI from Ginkgo pursuant to Section 9.2 (Grants to BLI) and the licenses granted to Ginkgo from BLI in Section 9.1.1 (Scope of Grants) and 9.1.2 (License Grant to Exploit [***]) shall survive and become perpetual, irrevocable, and royalty-free, (ii) no royalties shall be payable by Ginkgo on the sale or transfer of a Licensed Product, (iii) the pricing terms for Beacon Optofluidic Machines, Consumables, and services (including Services) set forth in Section 5.2.2 (Pricing - Adjustments) shall [***], (iv) the restrictions on BLI set forth in Section 6.2.1 (Restrictions on BLI) shall survive to the extent set forth therein and (v) [***].",Irrevocable Or Perpetual License,Original Corporate,HIGH,splits/train.csv,False
"Unless otherwise provided in the applicable Facility Addendum, this Agreement (a) shall commence on the Effective Date and shall continue for a period of four (4) years from such date (the ""Initial Term"" of this Agreement), unless sooner terminated pursuant to Section 7.3, 7.4, 7.5, 7.6 or 7.7, and (b) may be extended for up to three (3) additional periods of twelve (12) months (each, an ""Extension Period"") by written notice given by Customer to Manufacturer not less than twelve (12) months prior to the expiration of the Initial Term or the applicable Extension Period, as the case may be.",Expiration Date,Original Corporate,HIGH,splits/train.csv,False
"Therefore, the rights, privileges and interests of Developer under this Agreement shall not be assigned, sold, transferred, leased, divided or encumbered, voluntarily or involuntarily, in whole or in part, by operation of law or otherwise without the prior written consent of El Pollo Loco, which consent may be given or withheld as El Pollo Loco's sole and absolute right.",Anti-Assignment,Original Corporate,HIGH,splits/train.csv,False
"Notwithstanding the foregoing, in no event will Fox develop, publish and/or distribute games derived from the Property ""ICE AGE 2"" prior to January 1, 2007.",License Grant,Original Corporate,HIGH,splits/train.csv,False
"This Agreement and all questions regarding its validity or interpretation, or the breach or performance of this Agreement, shall be governed by, and construed and enforced in accordance with, the laws of the State of New York, United States, without reference to conflict of law principles.",Governing Law,Original Corporate,HIGH,splits/train.csv,False
"Upon termination of the Agreement, VerticalNet and LeadersOnline shall jointly own all User Data.",Joint Ip Ownership,Original Corporate,HIGH,splits/train.csv,False
"Except as otherwise set forth herein, neither Party shall transfer, assign or cede any rights or delegate any obligations hereunder, in whole or in part, whether voluntarily or by operation of law, without the prior written consent of the other Party, which consent may be withheld at the other Party's reasonable business discretion; provided, however, that either Party may transfer this Agreement without prior written consent of the other Party to an Affiliate or in connection with a merger or sale of all or substantially all of the stock or assets of such Party.",Anti-Assignment,Original Corporate,HIGH,splits/train.csv,False
"EXCEPT FOR LIABILITY ARISING UNDER SECTION 8 OF THIS AGREEMENT, IN NO         EVENT SHALL EITHER PARTY'S LIABILITY ARISING OUT OF THIS AGREEMENT OR         THE USE OR PERFORMANCE OF THE SOFTWARE EXCEED THE TOTAL AMOUNT ACTUALLY         PAID BY CORIO HEREUNDER FOR THE TRANSACTION WHICH THE LIABILITY RELATES         TO DURING THE TWELVE (12) MONTHS IMMEDIATELY PRIOR TO THE FILING OF THE         CAUSE OF ACTION TO WHICH THE LIABILITY RELATES. EXCEPT FOR LIABILITY         ARISING UNDER SECTION 8 OF THIS AGREEMENT, IN NO EVENT SHALL EITHER         PARTY HAVE ANY LIABILITY TO THE OTHER PARTY FOR ANY LOST PROFITS OR         COSTS OF PROCUREMENT OF SUBSTITUTE GOODS OR SERVICES, OR FOR ANY         INDIRECT, SPECIAL OR CONSEQUENTIAL DAMAGES HOWEVER CAUSED AND UNDER ANY         THEORY OF LIABILITY AND WHETHER OR NOT SUCH PARTY HAS BEEN ADVISED OF         THE POSSIBILITY OF SUCH DAMAGE.",Cap On Liability,Original Corporate,HIGH,splits/train.csv,False
"Application Provider will not serve advertising on the Co-Branded      Application for any ""Excite@Home Named Competitor,"" as specified in      EXHIBIT E.",Non-Compete,Original Corporate,HIGH,splits/train.csv,False
This Agreement is personal to the Consultant and the Consultant shall not have the right to assign any of Consultant's rights or delegate any of Consultant's duties without the express written consent of the Company.,Anti-Assignment,Original Corporate,HIGH,splits/train.csv,False
"You further covenant and agree that, for a continuous period of two (2) years after (1) the expiration of this Agreement, (2) the non-renewal of this Agreement, (3) the termination of this Agreement, and/or (4) a transfer as contemplated in Section 16 above: 19.5.1 you will not directly or indirectly, for yourself, or through, on behalf of, or in conjunction with any person, firm, partnership, corporation, or other entity, sell, assign, lease, and/or transfer the Approved Location to any person, firm, partnership, corporation, or other entity that you know, or have reason to know, intends to operate a Competitive Business at the Approved Location; and 19.5.2 you will not solicit, divert, or attempt to solicit or divert any actual or potential business or customer of the Franchised Business to any Competitive Business. 19.5.3 You agree that, by the terms of any conveyance, selling, assigning, leasing or transferring your interest in the Approved Location, you shall include these restrictive covenants as necessary to ensure that a Competitive Business that would violate this Section is not operated at the Approved Location for this two-year period, and you will take all steps necessary to ensure that these restrictive covenants become a matter of public record.",Anti-Assignment,Original Corporate,HIGH,splits/train.csv,False
"return to WGT within twenty (20) days following the expiration or      termination of the Term, any and all (i) demonstration Product provided to      Distributor; (ii) Products not already paid for in full by Distributor; and      (iii) promotional literature, data, information and other items received by      Distributor under this Agreement;",Post-Termination Services,Original Corporate,HIGH,splits/train.csv,False
"Subject to the terms and conditions of this Agreement, Licensor hereby grants to Licensee, and Licensee hereby accepts from Licensor, an  exclusive, non-transferable (except as set forth in Section 10.7) and non-sublicensable (except as provided in Section 2.1(c)) license to use the  Licensed Domain Names in connection with the Business during the Term",Exclusivity,Original Corporate,HIGH,splits/train.csv,False
"Notwithstanding the foregoing, in the event the form of consideration paid or payable includes securities for which there is not an active public market, in lieu of paying that portion of the fee with such securities COMPANY will make a cash payment to JHU equal to the fair market value of such securities.",Change Of Control,Original Corporate,HIGH,splits/train.csv,False
"If King does not perform, in the aggregate, two times the PDE Minimum in any two consecutive Agreement Quarters, Depomed may demand that King cure such default by (A) [***] and (B) [***], in each case, prior to the end of the next succeeding Agreement Quarter following notice from Depomed.",Minimum Commitment,Original Corporate,HIGH,splits/train.csv,False
"In case of termination on the basis of Article 14.1 (b) if CERES is the breaching Party, Article 14.1 (c) if CERES ceases substantially all  activities in the COLLABORATION CROPS, Article 14.1 (d) (i), (ii) or (iii) or Article 14.1. (e) (iii), at or about the effective date of termination, the  Parties will negotiate in good faith to reach agreement as to the rights to use and commercially exploit JOINT INTELLECTUAL PROPERTY not  covered by any relevant license/commercialization agreement between the Parties, which rights will be addressed in one or more written  agreements.",Post-Termination Services,Original Corporate,HIGH,splits/train.csv,False
"The Company or the Contractor may terminate this Agreement at any time in whole or in part as more  specifically provided below, and in such case, the Contractor will be paid fees incurred up to the date of such termination plus its expenses  accrued as of such date within 30 days of such termination.",Termination For Convenience,Original Corporate,HIGH,splits/train.csv,False
"EKR Improvements shall be owned by EKR  and upon termination of this Agreement by PPI pursuant to Section, shall be deemed be licensed to PPI on a worldwide, non-exclusive,  irrevocable basis, at a royalty or for such other consideration as may be mutually agreed upon by the parties in writing.",License Grant,Original Corporate,HIGH,splits/train.csv,False
"This Agreement shall terminate (a) at the option of any party, upon 90 days' advance written notice to the other parties hereto;",Termination For Convenience,Original Corporate,HIGH,splits/train.csv,False
"This Limited Power of Attorney shall bind and benefit the respective successors and assigns of the Adviser and FASC; provided, however, that FASC shall have no power or authority hereunder to appoint a successor or substitute attorney in fact for the Adviser or any Fund.",Anti-Assignment,Original Corporate,HIGH,splits/train.csv,False
"Regardless of the place of execution hereof, this Agreement, all amendments hereto, and any and all  issues or controversies arising here from or related hereto, shall be governed by and construed exclusively in  accordance with the laws and decisions of the State of Georgia.",Governing Law,Original Corporate,HIGH,splits/train.csv,False
"Except for liability for (i) breach of the confidentiality obligations described in Article 14, (ii) misappropriation or infringement by a Party of the other Party's Intellectual Property Rights, or (iii) gross negligence or willful misconduct:

(a) IN NO EVENT SHALL A PARTY BE LIABLE FOR ANY PUNITIVE, EXEMPLARY, INDIRECT, INCIDENTAL, SPECIAL, OR CONSEQUENTIAL DAMAGES OR EXPENSES, INCLUDING LOSS OF PROFITS, REVENUE, DATA, OR USE, WHETHER IN AN ACTION IN CONTRACT OR TORT (INCLUDING ERRORS OR OMISSIONS OR BREACH OF WARRANTY), EVEN IF SUCH PARTY HAS BEEN ADVISED OF THE POSSIBILITY OF SUCH DAMAGES;",Uncapped Liability,Original Corporate,HIGH,splits/train.csv,False
"Unless  earlier   terminated   otherwise  provided                   therein,  this  Agreement,  subject to the  commencement  date                   established  in Section 1.3,  shall be effective  immediately.",Effective Date,Original Corporate,HIGH,splits/train.csv,False
"Company hereby grants to ACSI, during the Term, a non-exclusive, non-transferable (except in accordance with Section 11.7  [Assignment]) license, which ACSI may sublicense only to its Affiliates, to use the Company Intellectual Property supplied by Company to ACSI as is reasonably necessary to perform its obligations under this Agreement; provided, however, that ACSI shall not use Company's Trademarks, including in any advertising, without Company's prior written consent, unless such use conforms to a written Trademark use policy previously furnished by Company to ACSI and not subsequently modified or revoked.",License Grant,Original Corporate,HIGH,splits/train.csv,False
"If the Client, in its reasonable discretion, consents, the Client is hereby granted an exclusive, worldwide, royalty-free, perpetual, irrevocable license to use, distribute, modify, publish, and otherwise exploit the incorporated items in connection with the work product developed for the Client.",Exclusivity,Original Corporate,HIGH,splits/train.csv,False
"Such Promotion Fees shall be calculated by:

(a) the following formula for the period from the Effective Date through September 30, 2010:

For example: if during the month of March 2010 (a) (A) above was 2,000 TRx and (B) above was $36.50 then MBRK  would be remit $36,500.00 to DD.

OR

(b) the following formula for the period from October 1, 2010 through termination of this Agreement:

  (A)   the Actual DD Target Segment MOXATAG TRx for the Promotional Measurement Period multiplied by:      (B)   the applicable Gross Margin Per TRx multiplied by:      (C)   50%.

  (A)   the Actual DD Target Segment MOXATAG TRx Tablets for the Promotional Measurement Period multiplied by:      (B)   the applicable Gross Margin Per Tablet multiplied by:      (C)   50%.",Revenue/Profit Sharing,Original Corporate,HIGH,splits/train.csv,False
"Upon expiration or termination of this Agreement, but prior to the effectiveness of full termination of the Agreement, AT&T may exercise any rights and remedies available to AT&T under this Agreement, at law or in equity, including AT&T's right to exercise any one or more of the Termination Remedies set forth in the Build Addendum, and Vendor shall, upon the request and at the expense (other than termination in accordance with Subsection (c) hereof) of AT&T:",Post-Termination Services,Original Corporate,HIGH,splits/train.csv,False
"This Agreement shall be governed by the laws of the State of New York and all disputes and controversies arising out of or in connection with the Agreement shall be brought exclusively before the competent courts in New York County, New York; provided however that judgment shall be enforceable in any country and that nothing in this Section shall prevent or restrict either Party from seeking interim relief in any competent jurisdiction as it may deem fit.",Governing Law,Original Corporate,HIGH,splits/train.csv,False
"Any sale,           transfer or other conveyance of all or any part of the stock in, or           assets of, Licensor in violation of this Section shall be null and           void.",Rofr/Rofo/Rofn,Original Corporate,HIGH,splits/train.csv,False
17.1.3. Induce any person to leave his or her employment with us.,No-Solicit Of Employees,Original Corporate,HIGH,splits/train.csv,False
"During the Term and for seven (7) years after the expiration or termination of this Agreement, or such longer period as required by applicable law,  Reseller agrees to maintain complete books, records and accounts relevant to the computation of and accounting for the amounts payable under  this Agreement.",Post-Termination Services,Original Corporate,HIGH,splits/train.csv,False
"If a Change in Control occurs with respect to Customer, Metavante agrees to continue to provide Services under this Agreement; provided that (a) Metavante's obligation to provide Services shall be limited to the Entities comprising the Customer prior to such Change in Control and (b) Metavante's obligation to provide Services shall be limited in any and all circumstances to the number of accounts processed in the three (3) -month period prior to such Change in Control occurring, plus twenty-five percent (25%).",Change Of Control,Original Corporate,HIGH,splits/train.csv,False
"Subject to the terms and conditions hereof, drkoop.com hereby represents that it has the power and authority to grant, and does hereby grant to Sponsor a non-exclusive, non-transferable, royalty-free, worldwide license to reproduce and display all logos, trademarks, trade names and similar identifying material relating to drkoop.com and, solely as allowed pursuant to this Agreement, to the Dr. C. Everett Koop name (collectively, the ""drkoop.com Marks"") solely in connection with the promotion, marketing and distribution of the parties and the Sites in accordance with the terms hereof, provided, however, that Sponsor shall, other than as specifically provided for in Section 4.4 of this Agreement, not make any specific use of any drkoop.com Marks without first submitting a sample of such use to drkoop.com and obtaining its prior consent, which consent shall not be unreasonably withheld.",License Grant,Original Corporate,HIGH,splits/train.csv,False
"EXCEPT FOR PIVX'S OBLIGATIONS UNDER SECTION 4.2, IN NO EVENT SHALL PIVX'S OR ITS LICENSORS' LIABILITY TO DETTO OR ANY THIRD PARTY ARISING OUT OF THIS AGREEMENT EXCEED THE TOTAL AMOUNT ACTUALLY RECEIVED BY PIVX HEREUNDER DURING THE PREVIOUS SIX (6) MONTHS.",Uncapped Liability,Original Corporate,HIGH,splits/train.csv,False
"Notwithstanding the foregoing, each Party may assign the rights and obligations under this Agreement in whole, without consent of the other Party, to a Third Party or Affiliate in connection with the transfer or sale of all or substantially all of its business or in the event of a merger, consolidation or change in control provided that the assignee assumes in writing and becomes directly obligated to the other Party to perform all of the obligations of assignor under this Agreement.",Change Of Control,Original Corporate,HIGH,splits/train.csv,False
"Sanofi shall transfer and assign, and shall ensure that its Affiliates transfer and assign, to RevMed, at no cost to RevMed, all Product Marks exclusively relating to any Termination Product, provided that such Product Marks do not contain the business entity names of Sanofi or its Affiliates or variations thereof, except as may otherwise be required by Applicable Law during a transition period to avoid any interruptions in supply of Termination Product to patients. I",Ip Ownership Assignment,Original Corporate,HIGH,splits/train.csv,False
"Neither Party may assign this Agreement or any of its rights or obligations hereunder, except as expressly permitted hereunder, or delegate any of its obligations under this Agreement, whether by operation of law or otherwise, in whole or in part, without the consent of the other Party, except as follows:

(i) Sanofi may, without consent of RevMed, assign this Agreement or its rights and obligations hereunder in whole or in part to any Affiliate of Sanofi, and RevMed may, with the consent of Sanofi (not to be unreasonably withheld, delayed or conditioned), assign this Agreement or its rights and obligations hereunder in whole or in part to any Affiliate of RevMed;",Anti-Assignment,Original Corporate,HIGH,splits/train.csv,False
"Each Party waives any right to recover consequential, incidental, indirect, exemplary, punitive or any other types of indirect damages from the other Party for a breach of this Agreement.",Cap On Liability,Original Corporate,HIGH,splits/train.csv,False
"Subject to the terms of this Agreement, including without limitation Section 2.2, Theravance grants to GSK, and GSK accepts, an exclusive (except as to Theravance and its Affiliates) license in the Field under the Theravance Patents, Theravance Know-How and Theravance's rights in the Joint Inventions to make, have made, use and Develop Collaboration Products for Commercialization in the Territory.",Exclusivity,Original Corporate,HIGH,splits/train.csv,False
"TO THE MAXIMUM EXTENT PERMITTED BY APPLICABLE LAW, IN NO EVENT SHALL CHANNEL PARTNER, IPASS OR ITS SUPPLIERS BE LIABLE FOR ANY SPECIAL, INCIDENTAL OR CONSEQUENTIAL DAMAGES, OR FOR INTERRUPTED COMMUNICATIONS, LOST DATA OR LOST PROFITS, ARISING OUT OF OR IN CONNECTION WITH THE SERVICE.",Cap On Liability,Original Corporate,HIGH,splits/train.csv,False
"1.1 Grant of License.   1.1.1 WCC grants a limited, non-exclusive license to XLI to use the West Coast Customs name, image, likeness and signature, including specific West Coast Customs Trademarks (including West Coast Customs logo trademarks and approved West Coast Customs vehicle imagery and trademarks) (collectively the ""Trademarks"") during the term of this Agreement in connection with national, regional or local print advertising, together with Internet, television, video and on-site event advertising, only in connection with the PROMOTION, subject to all of the terms and conditions hereof.",Non-Transferable License,Original Corporate,HIGH,splits/train.csv,False
"Pretzel  Time  will not,  as long as this  Agreement  is in effect  and Franchisee  is not in default,  enfranchise  or operate any other  Pretzel  Time Franchise  within the following  enclosed  mall or building  except as otherwise provided herein (hereinafter  referred to as ""Territory""):  none.",Non-Compete,Original Corporate,HIGH,splits/train.csv,False
"Roche hereby grants to FMI a non-exclusive, royalty-free, worldwide, perpetual, and sublicensable license to any IP Controlled by Roche and developed under the ctDNA Platform Development Program (excluding Roche Immunotherapy Sample Results) to the extent necessary for FMI to research, develop, make, have made, use, offer for sale, sell, import and commercialize the ctDNA Assays.",License Grant,Original Corporate,HIGH,splits/train.csv,False
"No party to this Agreement has the right to assign any of its rights or obligations hereunder, except as already set forth under this Agreement.",Anti-Assignment,Original Corporate,HIGH,splits/train.csv,False
"Upon expiration of this Agreement, the licenses granted to Ono under Section 2.1 shall become non-exclusive, fully paid- up, irrevocable, perpetual, royalty free licenses, with sublicensing rights, to Develop, Manufacture, and/or Commercialize the Products in the Ono Territory.",License Grant,Original Corporate,HIGH,splits/train.csv,False
Neither Party shall assign any rights or obligations provided herein without the prior written consent of the other Party.,Anti-Assignment,Original Corporate,HIGH,splits/train.csv,False
"You covenant and agree that You (or any shareholder if Your Franchise is a corporation) shall not, for a period of two years following termination of this Agreement for any reason, either directly or indirectly own, maintain, engage in, be employed by, advise, consult, assist, invest in or have any interest whatsoever in any business or entity which competes with or offers products or services which are the same or similar to those of AIRSOPURE or the Franchise within a radius of 25 miles of Your Exclusive Territory.",Non-Compete,Original Corporate,HIGH,splits/train.csv,False
"This Agreement will take effect on the Effective Date and remain in effect for a period of 1 year; provided, that Sections 2 and 3 level shall terminate promptly upon (a) any action or omission by Client or any of its customers which constitutes a breach of or default by TrueLink under any System Agreement or Credit Repository Agreement, which breach or default has either not been cured or cannot be cured within the applicable cure period and the consequences of which is that TrueLink will lose material rights it had pursuant to said Agreements or (b) any violations or breach by Client of Sections 8a - 8c.",Expiration Date,Original Corporate,HIGH,splits/train.csv,False
"If this Agreement is terminated or expires in accordance with this Section 15 (other than termination by the Company in the event of an uncured material breach by MBE), then MBE shall have a period of up to twenty-four (24) months from and after the date of such termination, to make arrangements with respect to the conversion of the Service to a non-Company manifest system (the ""Termination Period"").",Post-Termination Services,Original Corporate,HIGH,splits/train.csv,False
"The Joint Venture shall commence on the 1st of      March, 2003, and shall be effective until February 28, 2004 unless extended      by written agreement of the Joint Venturers not less than thirty (30) days      prior to scheduled termination.",Expiration Date,Original Corporate,HIGH,splits/train.csv,False
"Aimmune covenants that it will not research or develop (including Develop) the Antibody itself, including not developing any modification, variant, fragment, progeny or derivatives of such Antibody, in each case, in a way that would produce a molecule that is neither the Antibody nor a molecule that falls within the definition of a Product.",Non-Compete,Original Corporate,HIGH,splits/train.csv,False
"In the event of the death or incapacity of an individual franchisee, or any partner or shareholder of you which is a partnership or corporation, where the aforesaid provisions of Paragraph XVIII have not been fulfilled within the time provided, all rights licensed to you under this Agreement shall, at our option, terminate forthwith and we will have the option to purchase the assets of the Franchised Restaurant in accordance with Paragraph XVII.K. herein.",Rofr/Rofo/Rofn,Original Corporate,HIGH,splits/train.csv,False
"If termination occurs after the Effective Date but before the second anniversary of the Opening Date, you will pay us Liquidated Damages in an amount equal to $3,600 multiplied by the number of approved Guest Rooms at the Hotel.",Liquidated Damages,Original Corporate,HIGH,splits/train.csv,False
GINARES  agrees that the sole and exclusive remedy for money damages related to this Agreement and the transactions contemplated hereby shall be the rights to indemnification set forth in this Section 9.,Cap On Liability,Original Corporate,HIGH,splits/train.csv,False
"Raw data, documentation, batch records, source documents, product disposition records and reports (collectively, ""Documentation"") shall be retained by SCIEN for a minimum period of two (2) years after termination or expiration of the Specialty Distributor Purchase and Service Agreement between HEMISPHERX and SCIEN.",Post-Termination Services,Original Corporate,HIGH,splits/train.csv,False
"VerticalNet and PaperExchange shall be responsible for the sale of all advertising on the Co-Branded Sites; provided, however, that neither party shall sell advertising on the Co-Branded Sites to a competitor (as defined in 1.16 and 1.25) and provided that each party shall submit any proposed advertising for the Co-Branded Sites to the other party for its prior written approval, such approval not to be unreasonably withheld, delayed or conditioned.",Non-Compete,Original Corporate,HIGH,splits/train.csv,False
"Subject to Section 12.2, neither party shall assign its rights or obligations hereunder, in whole or in part, except with the prior written consent of the other party, except to a party acquiring all of the business of the assigning party to which this Agreement relates.",Anti-Assignment,Original Corporate,HIGH,splits/train.csv,False
"IN NO EVENT SHALL COMPANY BE LIABLE TO CONSULTANT OR TO ANY OTHER PARTY FOR ANY INDIRECT, INCIDENTAL, SPECIAL OR CONSEQUENTIAL DAMAGES, OR DAMAGES FOR LOST PROFITS OR LOSS OF BUSINESS, HOWEVER CAUSED AND UNDER ANY THEORY OF LIABILITY, WHETHER BASED IN CONTRACT, TORT (INCLUDING NEGLIGENCE) OR OTHER THEORY OF LIABILITY, REGARDLESS OF WHETHER COMPANY WAS ADVISED OF THE POSSIBILITY OF SUCH DAMAGES AND NOTWITHSTANDING THE FAILURE OF ESSENTIAL PURPOSE OF ANY LIMITED REMEDY.",Cap On Liability,Original Corporate,HIGH,splits/train.csv,False
"Subject to Section 1.6, by Vendor (or successor to Vendor), upon written notice to Distributor of a change of control of Vendor and the election by Vendor (or successor to Vendor) to terminate this Agreement, where a ""change of control"" shall mean a change in ownership of the Vendor such that an unaffiliated third party acquires a majority of the voting power of Vendor;",Change Of Control,Original Corporate,HIGH,splits/train.csv,False
"This Agreement shall be automatically renewed for successive three (3) year terms thereafter (each a ""Renewal Term"" and together with the Initial Term, the ""Term"") until and unless (i) either Party provides the other Party written notice of non-renewal no later than ninety (90) days prior the end of the Initial Term or any Renewal Term or (ii) earlier terminated as provided in this ARTICLE 11.",Renewal Term,Original Corporate,HIGH,splits/train.csv,False
"In the event that Vyera experiences a Change of Control with a Third Party that is actively engaged in the Development, Manufacture or Commercialization of a Competitive Product, then, Vyera shall either: (a) within ninety (90) days after the closing of such Change of Control, enter into a binding written agreement to sell, transfer, assign or divest all of Vyera's and/or its Affiliate's rights in and to such Competitive Product to a non-Affiliate Third Party and consummate such sale, transfer, assignment or divestiture of said rights not later than ninety (90) days following the date of the binding Agreement; or (b) within six (6) months after the closing of such Change of Control, terminate any and all Development, Manufacturing, Commercialization and/or other exploitation of such Competitive Product; or (c) terminate this Agreement in accordance with Section 11.2(c).",Change Of Control,Original Corporate,HIGH,splits/train.csv,False
"This Agreement and all of the provisions hereof shall be binding upon and inure to the benefit of the Parties and their respective successors and permitted assigns (including by operation of law), but neither this Agreement nor any of the rights, interests or obligations hereunder shall be assigned by any Party, whether by operation of law or otherwise, without the prior written consent of the other Party; provided that either Party may collaterally assign its rights under this Agreement to any party providing debt or equity financing to such Party without the consent of the other Party.",Anti-Assignment,Original Corporate,HIGH,splits/train.csv,False
"During the Term of this Agreement, Surgical will not to enter into any other agreement or arrangement that will directly or indirectly compete with the Services to be rendered hereunder, as such agreement shall be considered a breach of this Agreement.",Non-Compete,Original Corporate,HIGH,splits/train.csv,False
"FG shall have the exclusive right and obligation to supply the Lead Compounds to Astellas and its Affiliates and Sublicensees for all development and commercial purposes, and Astellas and its Affiliates and Sublicensees shall purchase such Lead Compounds exclusively from FG.",Exclusivity,Original Corporate,HIGH,splits/train.csv,False
Neither party shall voluntarily or by operation of law assign or otherwise transfer the rights and/or obligations incurred pursuant to the terms of this Agreement without the prior written consent of the other party.,Change Of Control,Original Corporate,HIGH,splits/train.csv,False
"Licensee's sole and exclusive remedy and VOTOCAST'S sole and exclusive liability for any loss or interruption of Services shall be as follows. For loss or interruption of Services which is not due to scheduled maintenance, and is caused by VOTOCAST, and such loss or interruption of Services exceeds a continual period of one (I) hour per Exhibit C, Licensee shall receive a credit against future Services equal to one-thirtieth (1/30) of the monthly fees for the Services for each cumulative hour, up to a maximum total of the fees charged for Services for the applicable month of the affected Services.",Cap On Liability,Original Corporate,HIGH,splits/train.csv,False
"Customer hereby grants to Manufacturer a non-exclusive license during the Term to use any Customer Property and Customer-Owned Improvements and Developments solely in connection with Manufacturer performing its obligations under this Agreement or the Facility Addendum in accordance with the terms hereof or thereof, as applicable",Affiliate License-Licensor,Original Corporate,HIGH,splits/train.csv,False
"During the Term, VerticalNet shall have the exclusive right to arrange for the sale of ***** of the third party advertising inventory (which shall consist of a minimum of one advertisement per page on each of the ""Co-Branded Equipment,"" ""Co-Branded Careers,"" ""Resources"" and ""Home Page"" sections or successor, replacement or substitute sections) of the PaperExchange Site and shall be consistent with the amount of advertising on other business to business vertical sites on the PaperExchange Site (the ""Third Party Advertising Allocation"").",Exclusivity,Original Corporate,HIGH,splits/train.csv,False
"The sole and exclusive remedy for any breach of this IP Agreement, including the representations and warranties and covenants herein, shall be as set forth in Article 8 of the Acquisition Agreement.",Cap On Liability,Original Corporate,HIGH,splits/train.csv,False
"Neither party shall in any way sell, transfer, assign,           sub-contract or otherwise dispose of any of the rights, privileges,           duties and obligations granted or imposed upon it under this           Agreement. However, NICE may, at its discretion, transfer and/or           assign any of its rights, privileges, duties and obligations granted           or imposed upon it under this Agreement to any NICE Affiliate,           provided that NICE remains responsible towards Contractor, jointly and           severally with the Affiliate, for all of its obligations hereunder so           assigned, and provided further that the assignee signs this Agreement.",Anti-Assignment,Original Corporate,HIGH,splits/train.csv,False
"Franchisee agrees to return all materials and supplies identified by the Marks in full cases or  packages  to Pretzel  Time for credit and dispose of all other materials and supplies, but not equipment,  identified by the Marks within thirty (30) days after the effective  date of  termination or expiration of this Agreement.",Post-Termination Services,Original Corporate,HIGH,splits/train.csv,False
"No party will be liable to any other for any indirect, consequential, or special damages or for loss of profits. This limitation does not, however, apply to any obligation of either party to indemnify the other in connection with any Indemnifiable Loss.",Uncapped Liability,Original Corporate,HIGH,splits/train.csv,False
"Any assignment, delegation, or other transfer without such prior written consent will be null and void.",Anti-Assignment,Original Corporate,HIGH,splits/train.csv,False
"Further, Pey Dirt will be entitled to fifty percent (50%) of all gross profits (i.e., gross revenues less only Company's actual out-of-pocket costs of obtaining the raw merchandise) generated from merchandise related to the Endorsed Products and/or the Manning Identification, said merchandise to be advertised exclusively on the back panel of each box of Endorsed Products.",Revenue/Profit Sharing,Original Corporate,HIGH,splits/train.csv,False
"Inktomi will grant to Microsoft an irrevocable, non-exclusive,  royalty-free license to use the Product (and all required underlying Inktomi  Technology) solely in connection with Microsoft's operation of the Microsoft  Search Engine (which license shall include the right to create enhancements and  other derivative works based thereon for use in conjunction therewith) for such  period as Microsoft may require to transition its search engine services to  non-Inktomi technology (the ""Transition Period""), and Inktomi will waive all  royalties otherwise payable pursuant to the Software Development Agreement  and/or the Information Services Agreement between the parties of even date  herewith; for the purposes of this clause (iv), the Transition Period will  commence at such time as Microsoft assumes control over said separate cluster  and begins itself operating the Microsoft Search Engine, and will continue  thereafter for eighteen months (18) or until the",License Grant,Original Corporate,HIGH,splits/train.csv,False
"EXCEPT IN CONNECTION WITH A BREACH BY EITHER PARTY OF SECTION 8, NEITHER PARTY WILL  BE LIABLE FOR ANY SPECIAL, INDIRECT, CONSEQUENTIAL, EXEMPLARY, PUNITIVE OR INCIDENTAL DAMAGES ARISING OUT OF OR  RELATED TO THIS AGREEMENT, HOWEVER CAUSED AND UNDER ANY THEORY OF LIABILITY (INCLUDING NEGLIGENCE), EVEN IF SUCH PARTY HAS BEEN ADVISED OF THE POSSIBILITY OF SUCH DAMAGES",Cap On Liability,Original Corporate,HIGH,splits/train.csv,False
Any assignment made by either Party in contravention of this Section 15.7 shall be null and void for all purposes.,Anti-Assignment,Original Corporate,HIGH,splits/train.csv,False
"Notwithstanding the foregoing, if PB terminates this Agreement pursuant to this Section 14.2.1 above based on SFJ's failure to make any payment due to PB in accordance with ARTICLE 4, then, if PB elects to continue development of the Product and obtains Regulatory Approval following such termination, PB shall remain obligated to pay to SFJ fifty percent (50%) of any Approval Payments that become due and payable pursuant to ARTICLE 6 at such time that such payments become due and payable (if ever) pursuant to ARTICLE 6 (or, as applicable, fifty percent (50%) of any Buy-Out Payment that PB elects to pay pursuant to Section 6.7), provided that such Approval Payments (or Buy-Out Payment, as applicable) shall also be adjusted as set forth in Section 6.2.",Post-Termination Services,Original Corporate,HIGH,splits/train.csv,False
"During the Term, PaperExchange will not, directly or indirectly, design, host, operate, maintain or otherwise participate in a co-branded career center or a co-branded equipment listing Site with a Pulp and Paper Online Competitor or license a PaperExchange Link for use or display on any Pulp and Paper Online Competitor's Site.",Non-Compete,Original Corporate,HIGH,splits/train.csv,False
"Except as set forth in this Section 11.8 or Section 2.3, and except for a Change of Control under Section 10.4(b)(7) that does not provide Monsanto termination rights under this Agreement, neither this Agreement nor any of the rights, interests, or obligations hereunder shall be transferred, delegated, or assigned by a party (by operation of law or otherwise) without the prior written consent of the other party.",Change Of Control,Original Corporate,HIGH,splits/train.csv,False
"During the Term of this Agreement and for a period of one year thereafter, Converge and Vert each agree not to directly or indirectly solicit, encourage or cause others to solicit or encourage any employees or individual independent contractors of the other party to terminate their employment or independent contracting relationship with the other party and become an employee or independent contractor of the soliciting party or its Affiliate. This provision does not prohibit a party's responding to unsolicited employment inquiries and/or any",No-Solicit Of Employees,Original Corporate,HIGH,splits/train.csv,False
CONFORMIS' LIABILITY ON A PER OCCURRENCE BASIS UNDER SECTION 7.3(A)(IV) SHALL NOT   EXCEED THE GREATER OF (I) $[**] AND (II) THE AMOUNT OF INSURANCE COVERAGE ACTUALLY PAID TO   CONFORMIS UNDER THEN-CURRENT INSURANCE POLICIES OF CONFORMIS IN RESPECT OF SUCH   DAMAGES.,Cap On Liability,Original Corporate,HIGH,splits/train.csv,False
"License Grants.

1. RevMed License to SHP2 Inhibitors. Sanofi shall, effective upon any such termination of this Agreement, and hereby does, grant to RevMed [***], under all [***], and [***], to [***]. Notwithstanding the foregoing, [***] shall not include [***], and [***] shall include [***] (to the extent [***]).

2. RevMed License to Practice Certain Combinations. Sanofi shall, effective upon any such termination of this Agreement, and hereby does, grant to RevMed [***], under [***], and [***] (but excluding [***]). For the avoidance of doubt, [***] licensed under this Section 12.3(c)(ii)(A)(2) do not [***]. 60

Source: REVOLUTION MEDICINES, INC., S-1, 1/17/2020





3. Sanofi License to Practice Certain Combinations. [***] RevMed shall, effective upon any such termination of this Agreement, and hereby does, grant to Sanofi [***], under [***], and [***]. For the avoidance of doubt, [***] licensed under this Section 12.3(c)(ii)(A)(3) do not [***]. If Sanofi [***], Sanofi shall so notify RevMed in writing, and [***].",License Grant,Original Corporate,HIGH,splits/train.csv,False
"Subcontractor shall not assign any right or interest under this Agreement (excepting monies due, or to become due) or delegate or subcontract any Work or other obligation to be performed or owed under this Agreement without prior consent of EDGE.",Anti-Assignment,Original Corporate,HIGH,splits/train.csv,False
"Subject to the terms and conditions of this Agreement, WPT grants to Zynga a non-exclusive, non-assignable, non-sublicensable, royalty-free, paid up, limited license in the Territory to use and display WPT's Licensed Property solely as necessary to perform Zynga's obligations under this Agreement and as specifically described on Exhibit A, for the Term.",License Grant,Original Corporate,HIGH,splits/train.csv,False
"Licensor hereby grants to Licensee a non-exclusive, revocable, non-sublicensable license to use the Software solely for internal business testing.",License Grant,Original Corporate,LOW,splits/experiment5_contrastive_train.csv,True
"Licensor hereby grants to Licensee a non-exclusive, irrevocable, sublicensable license to use the Software in its daily business operations.",License Grant,Original Corporate,MEDIUM,splits/experiment5_contrastive_train.csv,True
"Licensor hereby grants to Licensee an exclusive, perpetual, irrevocable, sublicensable, worldwide license to modify, distribute, and exploit the Software.",License Grant,Original Corporate,HIGH,splits/experiment5_contrastive_train.csv,True
"Subject to the terms and conditions, Provider grants Client a limited, personal, non-exclusive license to access the platform.",License Grant,Original Corporate,LOW,splits/experiment5_contrastive_train.csv,True
"Subject to the terms and conditions, Provider grants Client a non-exclusive, worldwide, transferable license to use and run the platform.",License Grant,Original Corporate,MEDIUM,splits/experiment5_contrastive_train.csv,True
"Provider hereby grants Customer a sole, exclusive, perpetual, irrevocable, royalty-free license to use, copy, and modify the source code.",License Grant,Original Corporate,HIGH,splits/experiment5_contrastive_train.csv,True
"Each party's liability under this Agreement shall be limited to direct damages and shall not exceed USD 100,000.",Cap On Liability,Original Corporate,LOW,splits/experiment5_contrastive_train.csv,True
Each party's aggregate liability under this Agreement shall be limited to the total fees paid by Client in the preceding 12 months.,Cap On Liability,Original Corporate,MEDIUM,splits/experiment5_contrastive_train.csv,True
"Supplier's total aggregate liability under this Agreement for any and all claims shall be strictly capped at USD 1,000.",Cap On Liability,Original Corporate,HIGH,splits/experiment5_contrastive_train.csv,True
"Except for breach of confidentiality, neither party's liability shall exceed two times the annual subscription fee.",Cap On Liability,Original Corporate,LOW,splits/experiment5_contrastive_train.csv,True
"Except for breach of confidentiality and IP indemnity, each party's liability is capped at the total contract value.",Cap On Liability,Original Corporate,MEDIUM,splits/experiment5_contrastive_train.csv,True
Customer's right to recover damages under this Agreement is limited to a maximum refund of the last monthly service fee paid.,Cap On Liability,Original Corporate,HIGH,splits/experiment5_contrastive_train.csv,True
Licensee shall have the exclusive right to distribute the Product solely within the state of Oregon.,Exclusivity,Original Corporate,LOW,splits/experiment5_contrastive_train.csv,True
Licensor agrees not to license the Product to any direct competitor of Licensee listed in Exhibit B during the term.,Exclusivity,Original Corporate,MEDIUM,splits/experiment5_contrastive_train.csv,True
"Supplier shall not sell, license, or distribute the Product to any third party anywhere in the world during the term of this Agreement.",Exclusivity,Original Corporate,HIGH,splits/experiment5_contrastive_train.csv,True
"Provider agrees that for a period of six months, it will not offer the custom software to other local retail stores.",Exclusivity,Original Corporate,LOW,splits/experiment5_contrastive_train.csv,True
Provider covenants that it shall not develop similar software for any of Customer's primary competitors.,Exclusivity,Original Corporate,MEDIUM,splits/experiment5_contrastive_train.csv,True
Supplier covenants that it will work exclusively with Customer and will not enter into supply agreements with any other buyer.,Exclusivity,Original Corporate,HIGH,splits/experiment5_contrastive_train.csv,True
This Agreement shall become effective on the date on which it has been signed by both parties.,Effective Date,Original Corporate,LOW,splits/experiment5_contrastive_train.csv,True
"The Effective Date of this Agreement shall be January 1, 2025, regardless of the date of actual signature.",Effective Date,Original Corporate,MEDIUM,splits/experiment5_contrastive_train.csv,True
"This Agreement shall be retroactively effective from the date three years prior to the date of execution, applying to all past transactions.",Effective Date,Original Corporate,HIGH,splits/experiment5_contrastive_train.csv,True
The terms of this Agreement shall take effect upon the successful launch of the beta platform.,Effective Date,Original Corporate,LOW,splits/experiment5_contrastive_train.csv,True
This Agreement shall be effective as of the date of the first commercial purchase order placed by Customer.,Effective Date,Original Corporate,MEDIUM,splits/experiment5_contrastive_train.csv,True
"This Agreement shall retroactively take effect from January 1, 2020, and Customer assumes all liabilities from that date forward.",Effective Date,Original Corporate,HIGH,splits/experiment5_contrastive_train.csv,True
This Agreement shall expire automatically upon the successful completion of the services detailed in Exhibit A.,Expiration Date,Original Corporate,LOW,splits/experiment5_contrastive_train.csv,True
This Agreement shall expire five (5) years from the Effective Date.,Expiration Date,Original Corporate,MEDIUM,splits/experiment5_contrastive_train.csv,True
This Agreement shall remain in full force and effect indefinitely until terminated by either party under the conditions of Section 9.,Expiration Date,Original Corporate,HIGH,splits/experiment5_contrastive_train.csv,True
This Agreement shall expire upon the final delivery and acceptance of all milestone deliverables.,Expiration Date,Original Corporate,LOW,splits/experiment5_contrastive_train.csv,True
"This Agreement shall expire exactly three (3) years from the execution date, unless renewed by mutual agreement.",Expiration Date,Original Corporate,MEDIUM,splits/experiment5_contrastive_train.csv,True
"This Agreement shall not expire and shall remain in effect in perpetuity, binding all successors and assigns.",Expiration Date,Original Corporate,HIGH,splits/experiment5_contrastive_train.csv,True
"Developer hereby assigns to Client all right, title, and interest in and to the custom deliverables, excluding Developer's pre-existing IP.",Ip Ownership Assignment,Original Corporate,LOW,splits/experiment5_contrastive_train.csv,True
"Developer hereby assigns all right, title, and interest in and to the custom software deliverables to the Client.",Ip Ownership Assignment,Original Corporate,MEDIUM,splits/experiment5_contrastive_train.csv,True
"Developer hereby assigns to Client all right, title, and interest in and to all software, tools, and ideas conceived by Developer during the term.",Ip Ownership Assignment,Original Corporate,HIGH,splits/experiment5_contrastive_train.csv,True
Consultant assigns to Company all intellectual property rights in the written reports created specifically for Company under this project.,Ip Ownership Assignment,Original Corporate,LOW,splits/experiment5_contrastive_train.csv,True
Consultant hereby assigns to Company all patents and copyrights developed during the performance of the consulting services.,Ip Ownership Assignment,Original Corporate,MEDIUM,splits/experiment5_contrastive_train.csv,True
"Consultant assigns to Company all right, title, and interest in all works, designs, patents, and software created by Consultant during the term.",Ip Ownership Assignment,Original Corporate,HIGH,splits/experiment5_contrastive_train.csv,True
Each party covenants not to sue the other party for any patent infringement claims regarding the specific deliverables provided.,Covenant Not To Sue,Original Corporate,MEDIUM,splits/experiment5_contrastive_train.csv,True
Licensee covenants not to sue Licensor or any of its affiliates or customers for any intellectual property infringement claims whatsoever.,Covenant Not To Sue,Original Corporate,HIGH,splits/experiment5_contrastive_train.csv,True
"Client covenants not to sue Developer for any bugs, defects, or service interruptions encountered in the software during the warranty term.",Covenant Not To Sue,Original Corporate,MEDIUM,splits/experiment5_contrastive_train.csv,True
Purchaser hereby covenants never to sue Seller or its affiliates for any environmental liabilities associated with the property.,Covenant Not To Sue,Original Corporate,HIGH,splits/experiment5_contrastive_train.csv,True
This Agreement may be renewed for successive one-year terms upon the mutual written agreement of both parties at least 30 days prior to expiration.,Renewal Term,Original Corporate,LOW,splits/experiment5_contrastive_train.csv,True
This Agreement shall automatically renew for additional one-year terms unless either party gives notice of non-renewal at least 60 days prior.,Renewal Term,Original Corporate,MEDIUM,splits/experiment5_contrastive_train.csv,True
This Agreement shall automatically renew indefinitely for additional five-year terms with a mandatory 15% price increase per renewal.,Renewal Term,Original Corporate,HIGH,splits/experiment5_contrastive_train.csv,True
Client shall have the option to renew this Agreement for one additional term of twelve months by providing written notice.,Renewal Term,Original Corporate,LOW,splits/experiment5_contrastive_train.csv,True
This Agreement shall automatically renew for successive terms of two years unless written notice of non-renewal is given 90 days prior.,Renewal Term,Original Corporate,MEDIUM,splits/experiment5_contrastive_train.csv,True
"This Agreement shall automatically renew for successive five-year terms, with fees adjustment based on the maximum CPI inflation rate.",Renewal Term,Original Corporate,HIGH,splits/experiment5_contrastive_train.csv,True
Tenant shall have a Right of First Offer to purchase the Property if Landlord decides to sell it during the lease term.,Rofr/Rofo/Rofn,Original Corporate,MEDIUM,splits/experiment5_contrastive_train.csv,True
Purchaser shall have a perpetual Right of First Refusal to acquire all assets of the Seller before any sale to a third party.,Rofr/Rofo/Rofn,Original Corporate,HIGH,splits/experiment5_contrastive_train.csv,True
"Tenant shall have a Right of First Refusal to lease any adjacent office space, provided Tenant is not in default.",Rofr/Rofo/Rofn,Original Corporate,MEDIUM,splits/experiment5_contrastive_train.csv,True
Partner shall have a Right of First Refusal to purchase any shares offered for sale by the other Partner before they are sold to outsiders.,Rofr/Rofo/Rofn,Original Corporate,HIGH,splits/experiment5_contrastive_train.csv,True
"Developer shall deposit the source code of the Software with a recognized escrow agent, to be released to Client only in the event of Developer's bankruptcy.",Source Code Escrow,Original Corporate,MEDIUM,splits/experiment5_contrastive_train.csv,True
Developer shall deliver the complete source code and technical documentation of the Software directly to Client's repositories on a weekly basis.,Source Code Escrow,Original Corporate,HIGH,splits/experiment5_contrastive_train.csv,True
"Developer shall deposit the source code of the Software with an escrow agent within 30 days of release, to be updated quarterly.",Source Code Escrow,Original Corporate,MEDIUM,splits/experiment5_contrastive_train.csv,True
Developer agrees to store the source code of the Software in an open repository accessible to Client at all times.,Source Code Escrow,Original Corporate,HIGH,splits/experiment5_contrastive_train.csv,True
"Licensee's affiliates shall have the right to use the licensed software, subject to the same terms and conditions as Licensee.",Affiliate License-Licensee,Original Corporate,LOW,splits/experiment5_contrastive_train.csv,True
"Licensee's affiliates may use the software, provided they sign a joinder agreement agreeing to be bound by this Agreement.",Affiliate License-Licensee,Original Corporate,MEDIUM,splits/experiment5_contrastive_train.csv,True
"Licensee's affiliates may use the software without limitation, and Licensee shall be jointly and severally liable for all affiliate actions.",Affiliate License-Licensee,Original Corporate,HIGH,splits/experiment5_contrastive_train.csv,True
Licensor's affiliates may perform obligations under this Agreement on behalf of Licensor.,Affiliate License-Licensor,Original Corporate,LOW,splits/experiment5_contrastive_train.csv,True
"Licensor's affiliates are authorized to grant licenses under this Agreement, subject to Licensor's written authorization.",Affiliate License-Licensor,Original Corporate,MEDIUM,splits/experiment5_contrastive_train.csv,True
Licensor's affiliates may enforce all rights and licenses granted to Licensor under this Agreement directly against Licensee.,Affiliate License-Licensor,Original Corporate,HIGH,splits/experiment5_contrastive_train.csv,True
Nothing in this Agreement shall prevent either party from purchasing standard commercial software from competing vendors.,Competitive Restriction Exception,Original Corporate,LOW,splits/experiment5_contrastive_train.csv,True
"The competitive restrictions shall not apply to any affiliate acquired through merger, provided the affiliate is operated independently.",Competitive Restriction Exception,Original Corporate,MEDIUM,splits/experiment5_contrastive_train.csv,True
The competitive restrictions shall not apply to any activity conducted by either party that represents less than 5% of its gross revenues.,Competitive Restriction Exception,Original Corporate,HIGH,splits/experiment5_contrastive_train.csv,True
Each party agrees not to make any disparaging remarks about the other party's products in public marketing materials.,Non-Disparagement,Original Corporate,MEDIUM,splits/experiment5_contrastive_train.csv,True
"Employee covenants that they will never make any negative, disparaging, or critical statements about the Company or its executives.",Non-Disparagement,Original Corporate,HIGH,splits/experiment5_contrastive_train.csv,True
"The license granted herein is non-transferable, except in connection with a merger or sale of all or substantially all assets.",Non-Transferable License,Original Corporate,MEDIUM,splits/experiment5_contrastive_train.csv,True
"This license is strictly personal, non-transferable, and may not be transferred, assigned, or sublicensed under any circumstances.",Non-Transferable License,Original Corporate,HIGH,splits/experiment5_contrastive_train.csv,True
The notice period required to terminate or prevent automatic renewal of this Agreement shall be thirty (30) days.,Notice Period To Terminate Renewal,Original Corporate,MEDIUM,splits/experiment5_contrastive_train.csv,True
The notice period required to terminate or prevent automatic renewal of this Agreement shall be one hundred and eighty (180) days.,Notice Period To Terminate Renewal,Original Corporate,HIGH,splits/experiment5_contrastive_train.csv,True
Licensee may extend the license to its direct subsidiaries with prior written notification to Licensor.,Affiliate License-Licensee,Original Corporate,LOW,splits/experiment5_contrastive_train.csv,True
"Licensee may extend the license to any affiliate, provided that the total user count across all affiliates does not exceed the limit.",Affiliate License-Licensee,Original Corporate,MEDIUM,splits/experiment5_contrastive_train.csv,True
"Affiliates of Licensee shall have full, unrestricted access to the licensed platform, and Licensor waives all audit rights over them.",Affiliate License-Licensee,Original Corporate,HIGH,splits/experiment5_contrastive_train.csv,True
